# ************************************************************
# Sequel Pro SQL dump
# Version 4237
#
# http://www.sequelpro.com/
# http://code.google.com/p/sequel-pro/
#
# Host: 127.0.0.1 (MySQL 5.5.37-0ubuntu0.14.04.1)
# Database: university
# Generation Time: 2014-07-02 16:49:39 +0000
# ************************************************************


/*!40101 SET @OLD_CHARACTER_SET_CLIENT=@@CHARACTER_SET_CLIENT */;
/*!40101 SET @OLD_CHARACTER_SET_RESULTS=@@CHARACTER_SET_RESULTS */;
/*!40101 SET @OLD_COLLATION_CONNECTION=@@COLLATION_CONNECTION */;
/*!40101 SET NAMES utf8 */;
/*!40014 SET @OLD_FOREIGN_KEY_CHECKS=@@FOREIGN_KEY_CHECKS, FOREIGN_KEY_CHECKS=0 */;
/*!40101 SET @OLD_SQL_MODE=@@SQL_MODE, SQL_MODE='NO_AUTO_VALUE_ON_ZERO' */;
/*!40111 SET @OLD_SQL_NOTES=@@SQL_NOTES, SQL_NOTES=0 */;


# Dump of table course_prerequisite
# ------------------------------------------------------------

DROP TABLE IF EXISTS `course_prerequisite`;

CREATE TABLE `course_prerequisite` (
  `parent_course` int(11) unsigned NOT NULL,
  `child_course` int(11) unsigned NOT NULL,
  PRIMARY KEY (`parent_course`,`child_course`),
  KEY `course_prerequisite_child_course_foreign` (`child_course`),
  CONSTRAINT `course_prerequisite_child_course_foreign` FOREIGN KEY (`child_course`) REFERENCES `courses` (`number`) ON DELETE CASCADE,
  CONSTRAINT `course_prerequisite_parent_course_foreign` FOREIGN KEY (`parent_course`) REFERENCES `courses` (`number`) ON DELETE CASCADE
) ENGINE=InnoDB DEFAULT CHARSET=utf8;

LOCK TABLES `course_prerequisite` WRITE;
/*!40000 ALTER TABLE `course_prerequisite` DISABLE KEYS */;

INSERT INTO `course_prerequisite` (`parent_course`, `child_course`)
VALUES
	(29348,22434),
	(28391,29348);

/*!40000 ALTER TABLE `course_prerequisite` ENABLE KEYS */;
UNLOCK TABLES;


# Dump of table courses
# ------------------------------------------------------------

DROP TABLE IF EXISTS `courses`;

CREATE TABLE `courses` (
  `number` int(11) unsigned NOT NULL,
  `title` varchar(100) NOT NULL DEFAULT '',
  `textbook` varchar(100) NOT NULL DEFAULT '',
  `units` int(1) NOT NULL,
  `department_number` int(10) unsigned DEFAULT NULL,
  PRIMARY KEY (`number`),
  KEY `department_number` (`department_number`),
  CONSTRAINT `courses_department_number_foreign` FOREIGN KEY (`department_number`) REFERENCES `departments` (`number`) ON DELETE CASCADE
) ENGINE=InnoDB DEFAULT CHARSET=utf8;

LOCK TABLES `courses` WRITE;
/*!40000 ALTER TABLE `courses` DISABLE KEYS */;

INSERT INTO `courses` (`number`, `title`, `textbook`, `units`, `department_number`)
VALUES
	(11945,'CPSC 121 (Programming Concepts)','Voluptatibus corrupti et saepe voluptatem et',1,NULL),
	(16084,'CPSC 323 (Programming Languages and Translation)','Architecto reprehenderit ipsum qui',1,NULL),
	(16125,'CPSC 546 (Software Project Management)','Vel at iusto tempore qui',2,NULL),
	(18995,'CPSC 315 (Social and Ethical Issues in Computing)','Modi qui magni quia harum dolores sequi',1,NULL),
	(20609,'CPSC 471 (Computer Communications)','Vel iusto rem ex',3,NULL),
	(21368,'CPSC 541 (Systems and Software Standards and Requirements)','Cupiditate unde quo pariatur harum vel',4,NULL),
	(29474,'CPSC 440 (Computer System Architecture)','Laborum doloribus sit sit saepe minus',1,NULL),
	(30049,'CPSC 120 (Introduction to Programming)','Est harum voluptatem quidem',1,NULL),
	(31617,'CPSC 311 (Technical Writing for Computer Science)','Nobis qui quia voluptas molestiae commodi',1,NULL),
	(32101,'CPSC 542 (Software Verification and Validation)','Rerum et alias quas exercitationem quia',2,NULL),
	(40930,'CPSC 548 (Professional, Ethical, and Legal Issues for Software Engineers)','Libero rerum in necessitatibus ea sit',3,NULL),
	(45645,'CPSC 131 (Data Structures Concepts)','Recusandae animi deserunt eum itaque et illum',3,NULL),
	(45867,'CPSC 440 (Computer System Architecture)','Porro dolores ipsum voluptatibus sequi ut quo',3,NULL),
	(52162,'CPSC 351 (Operating Systems Concepts)','Sapiente magnam est pariatur',1,NULL),
	(52643,'CPSC 589 (Seminar in Computer Science)','Cumque earum dolor porro',3,NULL),
	(53693,'CPSC 597 (Project or CPSC 598 Thesis)','Autem est ut ea cumque',1,NULL),
	(53710,'CPSC 481 (Artificial Intelligence)','Soluta nemo in dolorem sit et quod',4,NULL),
	(55626,'CPSC 545 (Software Design and Architecture)','Quia quia est et',3,NULL),
	(63928,'CPSC 462 (Software Design)','Ex commodi sint nesciunt praesentium',4,NULL),
	(69483,'CPSC 362 (Foundations of Software Engineering)','Quas reprehenderit consectetur quo qui aut quibusdam',2,NULL),
	(75926,'CPSC 547 (Software Measurement)','Quaerat voluptas ullam voluptates',4,NULL),
	(80713,'CPSC 544 (Software Process Definition)','Rerum laborum maxime laborum',4,NULL),
	(81573,'CPSC 223 (Object-Oriented Programming Language)','Voluptatem fugiat consequatur assumenda aliquam iure',4,NULL),
	(82290,'CPSC 543 (Software Maintenance)','Est sit laboriosam quae neque dicta aut',3,NULL),
	(82559,'CPSC 253U or 254 (UNIX or Open Source Systems)','Occaecati quo architecto qui quia',4,NULL),
	(92433,'CPSC 240 (Computer Organization and Assembly Langage)','Laudantium omnis accusamus quis dolor voluptatem',2,NULL),
	(92464,'CPSC 332 (File Structures and Database Systems)','Quae accusantium quasi quis quos',4,NULL),
	(96405,'CPSC 335 (Problem Solving Strategies)','Odit doloremque dolorem sint sed molestias sed',1,NULL);

/*!40000 ALTER TABLE `courses` ENABLE KEYS */;
UNLOCK TABLES;


# Dump of table departments
# ------------------------------------------------------------

DROP TABLE IF EXISTS `departments`;

CREATE TABLE `departments` (
  `number` int(11) unsigned NOT NULL,
  `name` varchar(100) NOT NULL DEFAULT '',
  `telephone` varchar(20) NOT NULL DEFAULT '',
  `office_location` varchar(50) NOT NULL DEFAULT '',
  `chair_person` int(9) NOT NULL,
  PRIMARY KEY (`number`),
  KEY `department_chair_person_foreign` (`chair_person`),
  CONSTRAINT `department_chair_person_foreign` FOREIGN KEY (`chair_person`) REFERENCES `professors` (`ssn`)
) ENGINE=InnoDB DEFAULT CHARSET=utf8;

LOCK TABLES `departments` WRITE;
/*!40000 ALTER TABLE `departments` DISABLE KEYS */;

INSERT INTO `departments` (`number`, `name`, `telephone`, `office_location`, `chair_person`)
VALUES
	(42849,'Computer Science','(657) 278-3700','CS-522',100833928);

/*!40000 ALTER TABLE `departments` ENABLE KEYS */;
UNLOCK TABLES;


# Dump of table enrollment
# ------------------------------------------------------------

DROP TABLE IF EXISTS `enrollment`;

CREATE TABLE `enrollment` (
  `student_cwid` int(11) unsigned NOT NULL,
  `section_number` int(10) unsigned NOT NULL,
  `grade` varchar(2) DEFAULT NULL,
  PRIMARY KEY (`student_cwid`,`section_number`),
  KEY `enrollment_section_number_foreign` (`section_number`),
  CONSTRAINT `enrollment_section_number_foreign` FOREIGN KEY (`section_number`) REFERENCES `sections` (`number`),
  CONSTRAINT `enrollment_student_cwid_foreign` FOREIGN KEY (`student_cwid`) REFERENCES `students` (`cwid`) ON DELETE CASCADE
) ENGINE=InnoDB DEFAULT CHARSET=utf8;

LOCK TABLES `enrollment` WRITE;
/*!40000 ALTER TABLE `enrollment` DISABLE KEYS */;

INSERT INTO `enrollment` (`student_cwid`, `section_number`, `grade`)
VALUES
	(101078890,1346,'A-'),
	(101078890,2847,'C+'),
	(101078890,2946,'D+'),
	(101078890,4759,'A-'),
	(101078890,5578,'C'),
	(101078890,5976,'B+'),
	(104424655,2814,'C-'),
	(104424655,6005,'D'),
	(104424655,8372,'B-'),
	(111176567,3261,'F'),
	(111176567,3848,'F'),
	(111176567,8049,'C'),
	(111176567,8519,'C'),
	(111176567,9580,'B-'),
	(113698177,1553,'B'),
	(113698177,3132,'B-'),
	(113698177,4599,'C+'),
	(113698177,9548,'B'),
	(115497964,1592,'B+'),
	(115497964,1877,'A-'),
	(115497964,4129,'B'),
	(115497964,4388,'D+'),
	(121324514,2463,'C+'),
	(121324514,7044,'D+'),
	(121324514,7217,'B-'),
	(121324514,8049,'B+'),
	(123476012,1346,'C'),
	(123476012,4192,'D'),
	(123476012,6529,'B+'),
	(123476012,9456,'D'),
	(127204514,4019,'A-'),
	(127204514,4688,'B-'),
	(127204514,5131,'A'),
	(127204514,5388,'C'),
	(127204514,9847,'C+'),
	(130390845,1321,'D+'),
	(130390845,6000,'D+'),
	(130390845,8362,'C+'),
	(132132638,1959,'F'),
	(132132638,3196,'C'),
	(132132638,5976,'B-'),
	(132132638,6831,'B-'),
	(132132638,8403,'B-'),
	(134177454,2631,'C-'),
	(134177454,3261,'B'),
	(134177454,4234,'A'),
	(134177454,4888,'F'),
	(134177454,7699,'C'),
	(136907459,2486,'C+'),
	(136907459,5672,'B+'),
	(136907459,6746,'D'),
	(136907459,9825,'C-'),
	(139554756,5411,'D'),
	(139554756,5672,'A'),
	(139554756,6227,'B-'),
	(139554756,6746,'B+'),
	(140805964,4688,'A-'),
	(140805964,7217,'C-'),
	(140805964,7539,'C'),
	(140805964,8845,'C'),
	(143195821,4599,'B-'),
	(143195821,5976,'D-'),
	(143195821,8519,'F'),
	(154014537,2814,'A-'),
	(154014537,4888,'F'),
	(154014537,6831,'A-'),
	(154014537,9847,'D'),
	(156957873,5388,'B'),
	(156957873,6564,'B'),
	(156957873,8614,'B-'),
	(156957873,8813,'D'),
	(168383462,7215,'B'),
	(168383462,7471,'A'),
	(168383462,7699,'B'),
	(168383462,8403,'D+'),
	(168383462,9378,'C'),
	(168994677,5347,'D'),
	(168994677,5811,'B-'),
	(168994677,8972,'F'),
	(168994677,9785,'D'),
	(170606167,3200,'C+'),
	(170606167,6668,'A-'),
	(170606167,6746,'C-'),
	(172108559,1693,'A'),
	(172108559,1970,'D-'),
	(172108559,5672,'B'),
	(172108559,8372,'C+'),
	(177154271,1053,'C'),
	(177154271,1655,'D+'),
	(177154271,6928,'B-'),
	(177154271,7385,'D'),
	(177493849,4786,'F'),
	(177493849,6412,'C-'),
	(177493849,9542,'A'),
	(178170764,4786,'C'),
	(178170764,5911,'D+'),
	(178170764,7782,'D-'),
	(178170764,8031,'D'),
	(180314921,1321,'A'),
	(180314921,3132,'A'),
	(180314921,3541,'C+'),
	(180314921,3742,'D+'),
	(180314921,5911,'D'),
	(180314921,9548,'C+'),
	(185581933,4178,'B'),
	(185581933,5415,'C+'),
	(185581933,5672,'C+'),
	(187865156,1938,'F'),
	(187865156,4888,'B-'),
	(187865156,7471,'A-'),
	(189032907,2455,'C'),
	(189032907,7147,'D-'),
	(189032907,9456,'C-'),
	(189254733,3200,'F'),
	(189254733,4001,'B'),
	(189254733,4759,'C-'),
	(189254733,9785,'A-'),
	(199493404,2266,'D'),
	(199493404,3132,'B+'),
	(199493404,4250,'C'),
	(199493404,5911,'D-'),
	(202352202,3779,'D+'),
	(202352202,4129,'F'),
	(202352202,4702,'D+'),
	(203332900,1321,'B-'),
	(203332900,3178,'D+'),
	(203332900,4759,'B+'),
	(203332900,5131,'B-'),
	(203332900,6881,'B-'),
	(203563066,1786,'F'),
	(203563066,4599,'C'),
	(203563066,8067,'D-'),
	(203563066,8809,'D-'),
	(203563066,9225,'F'),
	(204244686,2547,'F'),
	(204244686,6668,'D+'),
	(204244686,8740,'D'),
	(204244686,8972,'D+'),
	(204244686,9524,'B+'),
	(207171529,1553,'D'),
	(207171529,5765,'C'),
	(207171529,8740,'B+'),
	(209220182,2027,'B+'),
	(209220182,4957,'C'),
	(209220182,7215,'D'),
	(209220182,7217,'A'),
	(209220182,8372,'D-'),
	(209534119,1426,'C'),
	(209534119,6143,'D'),
	(209534119,7777,'B'),
	(209534119,9265,'C+'),
	(215330284,1553,'F'),
	(215330284,2486,'D+'),
	(215330284,3196,'C+'),
	(215330284,3200,'D-'),
	(215330284,4093,'C'),
	(215330284,7699,'D-'),
	(216000237,2330,'B-'),
	(216000237,3653,'D-'),
	(216000237,4786,'C'),
	(216000237,7782,'C'),
	(218190438,4455,'C+'),
	(218190438,7385,'A'),
	(218190438,7539,'F'),
	(222393951,2606,'C+'),
	(222393951,3339,'D-'),
	(222393951,5131,'C+'),
	(222393951,7215,'B-'),
	(222393951,9668,'C-'),
	(228696903,3413,'D+'),
	(228696903,3552,'A-'),
	(228696903,4192,'F'),
	(228696903,7286,'C+'),
	(228696903,7539,'A-'),
	(229248138,4093,'B+'),
	(229248138,4455,'D-'),
	(229248138,5749,'C'),
	(229248138,9542,'D+'),
	(238387578,2946,'C'),
	(238387578,3659,'B+'),
	(238387578,4728,'C-'),
	(238387578,8362,'D+'),
	(238617203,2163,'F'),
	(238617203,2946,'D'),
	(238617203,5911,'D+'),
	(238617203,9580,'C-'),
	(240537183,1897,'D-'),
	(240537183,2962,'B-'),
	(240537183,3565,'C+'),
	(240537183,3659,'B+'),
	(241670439,1372,'A-'),
	(241670439,3178,'D-'),
	(241670439,4001,'C+'),
	(241670439,8740,'D+'),
	(241670439,8813,'C+'),
	(243284158,4786,'B+'),
	(243284158,8049,'F'),
	(243284158,8813,'C'),
	(243284158,9542,'A-'),
	(245027490,2266,'C'),
	(245027490,4702,'D-'),
	(245027490,4957,'D+'),
	(245027490,7471,'D'),
	(245027490,7632,'A-'),
	(245576362,3541,'A'),
	(245576362,4456,'A'),
	(245576362,4544,'A'),
	(245576362,4985,'B+'),
	(245576362,6383,'B+'),
	(246198798,4556,'D-'),
	(246198798,6529,'D'),
	(246198798,6664,'D'),
	(246198798,8809,'B'),
	(248513408,4879,'C-'),
	(248513408,5191,'B+'),
	(248513408,6610,'C+'),
	(248513408,9668,'A'),
	(249073208,1655,'D+'),
	(249073208,3848,'D-'),
	(249073208,8265,'B'),
	(249073208,9839,'C'),
	(249424790,1208,'D+'),
	(249424790,1897,'B'),
	(249424790,6529,'C+'),
	(249424790,8362,'C'),
	(249775814,3413,'D+'),
	(249775814,6881,'B+'),
	(249775814,9580,'A-'),
	(251979457,4388,'B+'),
	(251979457,4544,'C'),
	(251979457,6383,'B'),
	(251979457,8809,'B+'),
	(251979457,8895,'A'),
	(251979457,8972,'B-'),
	(253216189,1053,'C'),
	(253216189,1592,'A-'),
	(253216189,1655,'A'),
	(253216189,4494,'B+'),
	(253216189,7044,'B-'),
	(257040076,3178,'A'),
	(257040076,4250,'B+'),
	(257040076,6850,'F'),
	(257040076,7782,'B-'),
	(261080239,1959,'B+'),
	(261080239,4052,'B-'),
	(261080239,4178,'B+'),
	(261080239,8031,'C+'),
	(261080239,9225,'F'),
	(267339620,2463,'C-'),
	(267339620,4957,'C'),
	(267339620,9734,'C'),
	(267339620,9847,'A'),
	(267538129,2739,'D-'),
	(267538129,3132,'C'),
	(267538129,7695,'B-'),
	(270980091,1877,'C-'),
	(270980091,3779,'A'),
	(270980091,9825,'B'),
	(276417106,1346,'D'),
	(276417106,2463,'C'),
	(276417106,7782,'B-'),
	(276417106,7978,'B-'),
	(276417106,9456,'B+'),
	(276417106,9668,'D+'),
	(277534116,3132,'A-'),
	(277534116,3742,'C'),
	(277534116,4168,'D-'),
	(277534116,4234,'F'),
	(277534116,7147,'F'),
	(277534116,7391,'C-'),
	(279107164,1346,'C'),
	(279107164,4467,'F'),
	(279107164,4888,'B-'),
	(279107164,5672,'C'),
	(279107164,9580,'D'),
	(284633396,4759,'C+'),
	(284633396,7147,'D'),
	(284633396,7822,'F'),
	(284633396,8809,'C+'),
	(288254557,2814,'A'),
	(288254557,4544,'B'),
	(288254557,4879,'C+'),
	(288254557,9657,'B'),
	(288254557,9792,'C-'),
	(297675120,5131,'D+'),
	(297675120,5415,'C+'),
	(297675120,7054,'B-'),
	(297675120,8265,'C+'),
	(297675120,9580,'D+'),
	(302489578,3339,'B-'),
	(302489578,4234,'D+'),
	(302489578,4759,'C+'),
	(302489578,4859,'D-'),
	(302489578,7985,'B+'),
	(302825655,4957,'D+'),
	(302825655,6005,'B+'),
	(302825655,9378,'D-'),
	(302825655,9548,'A-'),
	(302825655,9825,'F'),
	(306994480,1693,'D'),
	(306994480,3178,'D-'),
	(306994480,3565,'C'),
	(307612699,4859,'C'),
	(307612699,6383,'D-'),
	(307612699,8387,'B'),
	(307612699,9456,'D-'),
	(307612699,9542,'C+'),
	(310038256,1667,'C-'),
	(310038256,3132,'D+'),
	(310038256,6831,'C-'),
	(310038256,7777,'B+'),
	(310462849,1366,'B'),
	(310462849,4494,'C-'),
	(310462849,7822,'D-'),
	(314280924,4939,'B'),
	(314280924,5976,'C+'),
	(314280924,9374,'C+'),
	(315205797,1068,'B'),
	(315205797,5054,'B-'),
	(315205797,5749,'D-'),
	(315205797,6208,'B+'),
	(315448964,1592,'B'),
	(315448964,8372,'A'),
	(315448964,9513,'B-'),
	(322892336,1426,'B'),
	(322892336,1667,'D-'),
	(322892336,2486,'B-'),
	(322892336,5411,'D+'),
	(324593188,5765,'C+'),
	(324593188,6651,'D'),
	(324593188,6881,'C'),
	(324593188,7985,'B+'),
	(324941167,1781,'C+'),
	(324941167,2016,'A-'),
	(324941167,2163,'C-'),
	(324941167,6651,'C-'),
	(324941167,8403,'C+'),
	(324941167,8895,'D-'),
	(325326109,2163,'B-'),
	(325326109,4234,'B-'),
	(325326109,7391,'B'),
	(325326109,9524,'C-'),
	(327581608,3575,'A'),
	(327581608,4250,'B-'),
	(327581608,8387,'B+'),
	(327581608,9456,'B'),
	(331388774,1366,'D-'),
	(331388774,2547,'D'),
	(331388774,4070,'A-'),
	(331529084,3200,'C+'),
	(331529084,4599,'D-'),
	(331529084,4759,'C-'),
	(331529084,7777,'B'),
	(331529084,7985,'B+'),
	(332372033,2163,'B'),
	(332372033,4093,'C'),
	(332372033,7471,'B-'),
	(333236003,4052,'D-'),
	(333236003,4702,'D'),
	(333236003,5127,'B-'),
	(333236003,9078,'D'),
	(333966392,3099,'B'),
	(333966392,3261,'B+'),
	(333966392,3653,'D-'),
	(333966392,4001,'A-'),
	(333966392,4019,'D-'),
	(333966392,9637,'C'),
	(337951785,2076,'B-'),
	(337951785,5347,'A'),
	(337951785,5911,'A-'),
	(337951785,9847,'F'),
	(338502355,4192,'C-'),
	(338502355,4599,'B'),
	(338502355,9542,'C+'),
	(339849819,2962,'D-'),
	(339849819,8049,'A-'),
	(339849819,8871,'C-'),
	(340341899,3200,'F'),
	(340341899,5191,'B+'),
	(340341899,9524,'C+'),
	(349611297,2330,'B'),
	(349611297,5749,'C-'),
	(349611297,5811,'C'),
	(349611297,7803,'A'),
	(349611297,8049,'B'),
	(351705427,4957,'A'),
	(351705427,5647,'C'),
	(351705427,7391,'D'),
	(351705427,7985,'C+'),
	(351705427,8871,'D'),
	(352854445,4052,'C'),
	(352854445,4456,'D'),
	(352854445,6208,'A-'),
	(352854445,9657,'C+'),
	(358789664,4455,'C'),
	(358789664,6377,'A-'),
	(358789664,9785,'A'),
	(359999007,3339,'B'),
	(359999007,4019,'B-'),
	(359999007,4688,'D-'),
	(359999007,4879,'B'),
	(359999007,6119,'B-'),
	(359999007,9548,'F'),
	(364269321,1208,'D-'),
	(364269321,4455,'F'),
	(364269321,6664,'B+'),
	(364269321,7044,'A'),
	(368771567,3339,'B'),
	(368771567,6857,'C'),
	(368771567,8372,'A-'),
	(369412024,4544,'D+'),
	(369412024,6000,'B-'),
	(369412024,6857,'C'),
	(369412024,7985,'D'),
	(369412024,8972,'A'),
	(375410921,5765,'D'),
	(375410921,6119,'C'),
	(375410921,6383,'D+'),
	(375410921,8766,'D-'),
	(377566192,1667,'B'),
	(377566192,4728,'B'),
	(377566192,6831,'D'),
	(377566192,8614,'C'),
	(379371744,4556,'B'),
	(379371744,5811,'A'),
	(379371744,7803,'A'),
	(379371744,9456,'D'),
	(388292251,4467,'D+'),
	(388292251,4688,'B'),
	(388292251,5765,'B+'),
	(388292251,7985,'F'),
	(388292251,8740,'F'),
	(392729226,1208,'A-'),
	(392729226,2642,'C'),
	(392729226,5300,'D-'),
	(395767277,1346,'B+'),
	(395767277,1693,'C-'),
	(395767277,3339,'C+'),
	(395767277,4388,'B-'),
	(395767277,4728,'A-'),
	(395767277,5388,'D+'),
	(400466427,1655,'F'),
	(400466427,2356,'C-'),
	(400466427,4019,'F'),
	(400466427,7803,'B-'),
	(400466427,8972,'C'),
	(407299558,1655,'A'),
	(407299558,4070,'B'),
	(407299558,5053,'A'),
	(407299558,7286,'A-'),
	(417888159,1781,'B+'),
	(417888159,2027,'A-'),
	(417888159,4093,'C+'),
	(417888159,6383,'A-'),
	(418193988,1970,'B-'),
	(418193988,2606,'B'),
	(418193988,3200,'A-'),
	(421009646,2631,'A-'),
	(421009646,6668,'C-'),
	(421009646,7695,'D-'),
	(428186985,1970,'D-'),
	(428186985,3541,'D+'),
	(428186985,4985,'A-'),
	(429985299,1346,'C-'),
	(429985299,2163,'A'),
	(429985299,3659,'C+'),
	(429985299,9785,'C'),
	(431733249,6208,'D-'),
	(431733249,8403,'B-'),
	(431733249,9657,'B-'),
	(431733249,9785,'D'),
	(431963671,4388,'A'),
	(431963671,5300,'C+'),
	(431963671,6143,'B'),
	(431963671,6881,'B'),
	(431963671,8519,'A'),
	(431963671,9734,'B+'),
	(436278833,4019,'A-'),
	(436278833,4129,'D'),
	(436278833,5411,'D'),
	(436278833,5765,'A-'),
	(436278833,8504,'A-'),
	(440095914,4957,'D'),
	(440095914,5811,'D'),
	(440095914,5976,'A'),
	(440095914,6208,'A'),
	(440095914,7044,'B'),
	(443246238,1321,'C+'),
	(443246238,1357,'F'),
	(443246238,7054,'D'),
	(444606435,4178,'C'),
	(444606435,4888,'B+'),
	(444606435,6412,'B+'),
	(444729836,2076,'D+'),
	(444729836,4786,'A'),
	(444729836,7539,'C-'),
	(444729836,7985,'D'),
	(444729836,8031,'C'),
	(445638355,1786,'D'),
	(445638355,2962,'B'),
	(445638355,5053,'B+'),
	(446976751,2606,'D+'),
	(446976751,7286,'A-'),
	(446976751,7978,'F'),
	(447741681,2962,'B'),
	(447741681,6362,'B+'),
	(447741681,8504,'C-'),
	(452442621,3339,'D+'),
	(452442621,4688,'C'),
	(452442621,8265,'A'),
	(456651154,3261,'B+'),
	(456651154,5127,'D+'),
	(456651154,7471,'D-'),
	(456651154,9839,'C'),
	(460785776,2847,'C-'),
	(460785776,4180,'A'),
	(460785776,5749,'A'),
	(460785776,6564,'B-'),
	(467281887,1366,'D+'),
	(467281887,1938,'C+'),
	(467281887,3552,'D-'),
	(467281887,6881,'C'),
	(467281887,7089,'B'),
	(468094260,3742,'D'),
	(468094260,4556,'B'),
	(468094260,8362,'A-'),
	(468094260,9378,'D+'),
	(468793146,1357,'C'),
	(468793146,4985,'C+'),
	(468793146,8265,'D+'),
	(468793146,9637,'C'),
	(474961249,3552,'D-'),
	(474961249,5911,'C-'),
	(474961249,6746,'C'),
	(474961249,7287,'D-'),
	(474961249,9668,'F'),
	(474961249,9785,'D-'),
	(475127752,1970,'C'),
	(475127752,6208,'B'),
	(475127752,6881,'B'),
	(475859708,1786,'C+'),
	(475859708,2163,'D-'),
	(475859708,4180,'C'),
	(475859708,4455,'A'),
	(475859708,6997,'D+'),
	(482825671,1357,'B'),
	(482825671,2097,'D+'),
	(482825671,2847,'D'),
	(482825671,4786,'D+'),
	(482825671,7985,'B-'),
	(483478032,3552,'B+'),
	(483478032,5191,'B+'),
	(483478032,6831,'C'),
	(483478032,7044,'D'),
	(483478032,9847,'B-'),
	(493759483,1426,'C+'),
	(493759483,6412,'B'),
	(493759483,6668,'C-'),
	(493759483,9580,'A-'),
	(495140619,7985,'C'),
	(495140619,8031,'C'),
	(495140619,9825,'B+'),
	(502357353,2847,'A'),
	(502357353,5191,'F'),
	(502357353,6119,'A'),
	(502357353,8265,'D'),
	(504978154,2547,'C-'),
	(504978154,5411,'B-'),
	(504978154,5811,'C-'),
	(504978154,6383,'C-'),
	(504978154,9548,'B-'),
	(506274012,1655,'B-'),
	(506274012,4702,'C-'),
	(506274012,6610,'D-'),
	(506274012,7985,'B'),
	(511019475,1426,'C+'),
	(511019475,1712,'C'),
	(511019475,2356,'B'),
	(511019475,2463,'D+'),
	(511019475,2631,'A'),
	(513355337,2027,'C'),
	(513355337,3132,'C-'),
	(513355337,5749,'B-'),
	(513355337,6529,'F'),
	(513355337,6668,'C+'),
	(513355337,8813,'D+'),
	(515478170,7978,'D+'),
	(515478170,9524,'D+'),
	(515478170,9580,'D-'),
	(516959659,1426,'B+'),
	(516959659,4879,'D+'),
	(516959659,5578,'A-'),
	(516959659,7822,'C-'),
	(519195124,2076,'D+'),
	(519195124,3339,'D'),
	(519195124,5053,'D-'),
	(519195124,7286,'F'),
	(519195124,9668,'D-'),
	(522855495,6564,'D-'),
	(522855495,8766,'A'),
	(522855495,9542,'C-'),
	(523116367,3132,'B-'),
	(523116367,4168,'D+'),
	(523116367,4456,'C'),
	(523116367,5749,'C-'),
	(523116367,7822,'D+'),
	(525276071,3659,'D-'),
	(525276071,4939,'B+'),
	(525276071,8809,'A'),
	(527158955,3541,'B-'),
	(527158955,4494,'B'),
	(527158955,5765,'B-'),
	(527158955,8740,'D'),
	(527693000,1053,'C-'),
	(527693000,1897,'D-'),
	(527693000,3779,'A'),
	(527693000,6928,'B'),
	(527693000,7822,'B-'),
	(529929182,1366,'D+'),
	(529929182,4250,'B'),
	(529929182,6227,'D'),
	(537120612,4168,'B'),
	(537120612,7054,'D-'),
	(537120612,8031,'D+'),
	(537120612,8614,'D'),
	(537120612,9078,'D'),
	(537120612,9668,'C'),
	(543057160,4985,'C'),
	(543057160,5347,'D+'),
	(543057160,6529,'F'),
	(543057160,7089,'D+'),
	(543060955,3779,'A-'),
	(543060955,6997,'B-'),
	(543060955,9734,'C'),
	(543097755,5191,'C'),
	(543097755,5388,'F'),
	(543097755,6831,'C-'),
	(543097755,7054,'D-'),
	(543412914,2463,'F'),
	(543412914,2486,'C+'),
	(543412914,3178,'A-'),
	(543412914,5388,'D'),
	(547962811,1053,'B+'),
	(547962811,3575,'C+'),
	(547962811,6928,'C'),
	(549052928,1592,'B'),
	(549052928,3541,'C-'),
	(549052928,7471,'B-'),
	(549196484,2962,'B-'),
	(549196484,6143,'D'),
	(549196484,6362,'D-'),
	(549196484,8845,'A'),
	(551892237,1693,'D+'),
	(551892237,2606,'B'),
	(551892237,6005,'C'),
	(551892237,6831,'A'),
	(551892237,7147,'A'),
	(551892237,8972,'F'),
	(552120351,5811,'A-'),
	(552120351,6383,'C'),
	(552120351,8031,'C+'),
	(552120351,9637,'D'),
	(557388441,3659,'A'),
	(557388441,4467,'A'),
	(557388441,6831,'B'),
	(557388441,6850,'B-'),
	(559394780,2016,'C-'),
	(559394780,6850,'F'),
	(559394780,6857,'C+'),
	(559394780,7054,'B-'),
	(559394780,9657,'C'),
	(561105659,2962,'B+'),
	(561105659,4388,'F'),
	(561105659,5672,'C+'),
	(561105659,6664,'C'),
	(564610604,2606,'A'),
	(564610604,4019,'D'),
	(564610604,6383,'B-'),
	(564610604,9378,'B+'),
	(565155956,4093,'D-'),
	(565155956,4129,'A-'),
	(565155956,4759,'B-'),
	(565155956,5411,'B+'),
	(565155956,7699,'C-'),
	(565155956,9580,'F'),
	(567838726,2330,'C'),
	(567838726,4001,'A'),
	(567838726,4093,'C+'),
	(568319850,1781,'A-'),
	(568319850,3552,'F'),
	(568319850,8845,'F'),
	(568636535,1938,'B'),
	(568636535,7147,'B+'),
	(568636535,7985,'F'),
	(576178565,4556,'C'),
	(576178565,5647,'D-'),
	(576178565,6143,'C'),
	(581339274,1938,'C'),
	(581339274,4129,'D+'),
	(581339274,8845,'C+'),
	(588231286,1426,'D+'),
	(588231286,4052,'D'),
	(588231286,4702,'B'),
	(588231286,4939,'B'),
	(591095572,2631,'A'),
	(591095572,4456,'B-'),
	(591095572,6227,'B+'),
	(591095572,7089,'A'),
	(591095572,7539,'C+'),
	(596699026,7217,'C'),
	(596699026,7978,'B'),
	(596699026,8403,'C+'),
	(596699026,9548,'D+'),
	(596699026,9839,'C-'),
	(598102132,1877,'D+'),
	(598102132,3339,'B+'),
	(598102132,3552,'D+'),
	(598102132,4702,'C'),
	(598102132,5647,'B-'),
	(598102132,8895,'A-'),
	(612803124,4467,'C-'),
	(612803124,4786,'D'),
	(612803124,4859,'D'),
	(612803124,6000,'C+'),
	(612803124,9524,'C'),
	(615699908,3196,'F'),
	(615699908,3898,'B-'),
	(615699908,4544,'D+'),
	(615699908,6717,'B'),
	(615699908,7695,'B'),
	(615890683,2266,'D'),
	(615890683,3653,'C+'),
	(615890683,3848,'C'),
	(615890683,4001,'C'),
	(615890683,4957,'B+'),
	(615890683,7054,'C'),
	(617538320,4129,'B+'),
	(617538320,4859,'C'),
	(617538320,9513,'A'),
	(620034925,3132,'C'),
	(620034925,4985,'B+'),
	(620034925,5131,'A-'),
	(620034925,8647,'D-'),
	(621559881,6208,'F'),
	(621559881,8614,'A-'),
	(621559881,8809,'C+'),
	(621913208,2356,'B-'),
	(621913208,5765,'C+'),
	(621913208,8067,'C-'),
	(621913208,9785,'D+'),
	(622025555,1693,'D+'),
	(622025555,3200,'B+'),
	(622025555,3290,'A'),
	(622025555,7777,'C+'),
	(622025555,9847,'B'),
	(623656076,1693,'C'),
	(623656076,1712,'C'),
	(623656076,5127,'D-'),
	(623861220,2739,'B'),
	(623861220,5976,'C+'),
	(623861220,6143,'D+'),
	(623861220,7385,'C+'),
	(623861220,8740,'C'),
	(627340636,1667,'B'),
	(627340636,2814,'C+'),
	(627340636,5388,'C-'),
	(627340636,6208,'D-'),
	(627340636,6529,'D'),
	(631934064,1372,'B+'),
	(631934064,2455,'C-'),
	(631934064,5578,'D'),
	(631934064,6664,'D-'),
	(634852388,4544,'C'),
	(634852388,7215,'C+'),
	(634852388,8972,'C-'),
	(634852388,9225,'A'),
	(634852388,9378,'B-'),
	(637101474,1346,'D'),
	(637101474,3413,'B+'),
	(637101474,3779,'A'),
	(637101474,6362,'D'),
	(637101474,7287,'B-'),
	(638504879,8265,'C-'),
	(638504879,9225,'D-'),
	(638504879,9825,'C'),
	(639373877,1321,'F'),
	(639373877,1693,'D-'),
	(639373877,1970,'C+'),
	(639373877,4129,'B-'),
	(639373877,4192,'B+'),
	(639373877,9847,'D'),
	(646933011,1053,'D'),
	(646933011,1372,'B-'),
	(646933011,2847,'C'),
	(646933011,6746,'F'),
	(655449553,3178,'C+'),
	(655449553,4001,'C'),
	(655449553,9657,'C-'),
	(658538173,4234,'A'),
	(658538173,5131,'D+'),
	(658538173,5191,'C'),
	(658538173,6227,'C+'),
	(658538173,8972,'B'),
	(658538173,9657,'D'),
	(660743966,3742,'B-'),
	(660743966,5578,'A-'),
	(660743966,6610,'D-'),
	(660743966,7391,'D'),
	(661180444,1693,'D'),
	(661180444,4467,'A-'),
	(661180444,6377,'C'),
	(661180444,6383,'C-'),
	(662558390,1655,'A-'),
	(662558390,4388,'C'),
	(662558390,5054,'B+'),
	(662558390,5578,'C-'),
	(662558390,5685,'B'),
	(662558390,8067,'C+'),
	(665265844,4467,'C-'),
	(665265844,8647,'D'),
	(665265844,9265,'D-'),
	(665265844,9668,'F'),
	(667324071,2330,'D-'),
	(667324071,2847,'C-'),
	(667324071,3659,'A'),
	(667324071,5411,'B-'),
	(667324071,7217,'B+'),
	(671212640,1208,'C+'),
	(671212640,3413,'B'),
	(671212640,9580,'D-'),
	(672373936,1897,'D'),
	(672373936,2847,'B+'),
	(672373936,5976,'A-'),
	(672373936,7782,'D+'),
	(676186931,1514,'C-'),
	(676186931,2486,'A-'),
	(676186931,8740,'F'),
	(676186931,9374,'B+'),
	(680074389,3779,'D+'),
	(680074389,4019,'C'),
	(680074389,7985,'B'),
	(680074389,8647,'B'),
	(680491147,4052,'D+'),
	(680491147,4728,'A'),
	(680491147,7777,'B-'),
	(685488345,2946,'B+'),
	(685488345,6362,'D-'),
	(685488345,6383,'D'),
	(696950409,2642,'F'),
	(696950409,4178,'A'),
	(696950409,4556,'F'),
	(696950409,6881,'C'),
	(703687405,1970,'F'),
	(703687405,4129,'D+'),
	(703687405,7985,'D+'),
	(708226462,6362,'D+'),
	(708226462,8614,'B-'),
	(708226462,9847,'D'),
	(714747280,4985,'D+'),
	(714747280,6831,'C'),
	(714747280,9668,'F'),
	(716465801,1346,'C'),
	(716465801,6668,'B-'),
	(716465801,7089,'A-'),
	(716465801,9792,'B+'),
	(717342691,4786,'F'),
	(717342691,7632,'D-'),
	(717342691,9839,'A'),
	(717875749,1712,'B-'),
	(717875749,1786,'B-'),
	(717875749,2463,'B'),
	(717875749,4456,'D-'),
	(717875749,6119,'F'),
	(720624959,3099,'D'),
	(720624959,6881,'B+'),
	(720624959,9734,'C+'),
	(723468698,1712,'B+'),
	(723468698,2266,'D'),
	(723468698,3064,'B-'),
	(723468698,5415,'B'),
	(723468698,7286,'D'),
	(723856647,1346,'D-'),
	(723856647,2547,'B-'),
	(723856647,3552,'B+'),
	(723856647,3575,'B+'),
	(723856647,5411,'C'),
	(723856647,7215,'C-'),
	(724634350,1877,'C'),
	(724634350,3064,'C+'),
	(724634350,6564,'B+'),
	(724634350,7287,'A-'),
	(724634350,8813,'A-'),
	(724634350,9548,'D-'),
	(730127405,1786,'D-'),
	(730127405,2163,'B'),
	(730127405,4786,'F'),
	(730127405,5672,'B+'),
	(730127405,7632,'B'),
	(733420292,3413,'A'),
	(733420292,4192,'A-'),
	(733420292,4250,'B-'),
	(733420292,7632,'C-'),
	(733420292,7822,'A-'),
	(736115653,1693,'B+'),
	(736115653,1877,'C-'),
	(736115653,3742,'F'),
	(736115653,6668,'F'),
	(736115653,8972,'B-'),
	(736187482,5054,'D-'),
	(736187482,6881,'A'),
	(736187482,8895,'D-'),
	(736187482,9225,'B'),
	(736187482,9785,'B-'),
	(739033280,2814,'A-'),
	(739033280,4234,'C-'),
	(739033280,8813,'B+'),
	(739033280,9524,'B+'),
	(743796513,4019,'F'),
	(743796513,4052,'A-'),
	(743796513,6005,'D'),
	(743796513,6928,'C-'),
	(743796513,8403,'B'),
	(743796513,8813,'A'),
	(747052885,4456,'B-'),
	(747052885,5300,'C'),
	(747052885,5388,'B+'),
	(747126840,1068,'D'),
	(747126840,3779,'D+'),
	(747126840,4888,'C-'),
	(747126840,6000,'A-'),
	(747126840,6746,'C+'),
	(747126840,7385,'A'),
	(751912914,3565,'D'),
	(751912914,4234,'D'),
	(751912914,5131,'F'),
	(751912914,5647,'D-'),
	(755535962,1877,'B+'),
	(755535962,3196,'B-'),
	(755535962,8813,'C-'),
	(760759304,3742,'D-'),
	(760759304,5191,'B+'),
	(760759304,6377,'C+'),
	(760759304,6668,'B-'),
	(760759304,6978,'B+'),
	(762341848,2163,'D-'),
	(762341848,4786,'B+'),
	(762341848,7985,'C-'),
	(762341848,8845,'F'),
	(764321437,3552,'B-'),
	(764321437,5300,'D+'),
	(764321437,6831,'A'),
	(767977255,4001,'F'),
	(767977255,7632,'B-'),
	(767977255,8067,'B-'),
	(767977255,9225,'B-'),
	(768403042,6208,'A-'),
	(768403042,6668,'B-'),
	(768403042,8647,'D'),
	(769115564,2455,'F'),
	(769115564,2814,'A'),
	(769115564,8031,'A'),
	(769115564,9078,'D+'),
	(770343781,3742,'C+'),
	(770343781,5300,'B'),
	(770343781,9792,'D'),
	(775058959,1346,'D+'),
	(775058959,8809,'C+'),
	(775058959,9374,'C+'),
	(782348678,5411,'F'),
	(782348678,5811,'C'),
	(782348678,6377,'D+'),
	(782348678,8813,'F'),
	(785196289,2547,'D'),
	(785196289,6362,'B'),
	(785196289,8766,'F'),
	(785196289,9668,'D'),
	(786231629,1357,'B'),
	(786231629,1553,'C'),
	(786231629,4759,'C+'),
	(786231629,5127,'A'),
	(786231629,7985,'C+'),
	(791306159,4052,'B+'),
	(791306159,4939,'B'),
	(791306159,6610,'B'),
	(791306159,7777,'F'),
	(793886848,1693,'B'),
	(793886848,2097,'A-'),
	(793886848,3261,'C+'),
	(793886848,6831,'B'),
	(804552872,7147,'D-'),
	(804552872,9265,'D-'),
	(804552872,9847,'B+'),
	(807106767,1667,'C-'),
	(807106767,3099,'A'),
	(807106767,4939,'D-'),
	(807106767,5054,'A-'),
	(807106767,5131,'D+'),
	(809372813,3200,'C'),
	(809372813,3339,'B'),
	(809372813,4467,'D'),
	(812619566,3064,'A'),
	(812619566,3132,'B-'),
	(812619566,3261,'A-'),
	(812619566,6928,'B-'),
	(819800779,1786,'A-'),
	(819800779,2486,'C-'),
	(819800779,7471,'F'),
	(819800779,8647,'B'),
	(821444277,4388,'B'),
	(821444277,4599,'A-'),
	(821444277,4859,'B'),
	(821444277,7699,'F'),
	(821444277,8813,'F'),
	(823745881,1357,'C'),
	(823745881,3064,'D+'),
	(823745881,3742,'D+'),
	(823745881,5749,'A-'),
	(823957249,2486,'A'),
	(823957249,2606,'D'),
	(823957249,4455,'B-'),
	(823957249,7471,'B+'),
	(824581848,2097,'F'),
	(824581848,2455,'F'),
	(824581848,6119,'A-'),
	(824581848,9542,'C+'),
	(829347609,1357,'D+'),
	(829347609,3742,'F'),
	(829347609,5411,'C'),
	(829347609,7391,'D+'),
	(829347609,9825,'D'),
	(830815136,4093,'B+'),
	(830815136,6831,'D+'),
	(830815136,7089,'C+'),
	(830815136,9637,'C-'),
	(830963441,2097,'A-'),
	(830963441,3413,'D-'),
	(830963441,6717,'A-'),
	(830963441,7539,'F'),
	(830963441,9637,'A-'),
	(833375458,1514,'B'),
	(833375458,1938,'D'),
	(833375458,2016,'D+'),
	(833375458,7632,'D+'),
	(833375458,9265,'B-'),
	(834432130,1712,'D-'),
	(834432130,2455,'B-'),
	(834432130,3339,'F'),
	(834432130,6668,'B'),
	(834684165,2606,'B+'),
	(834684165,4001,'B+'),
	(834684165,4544,'D+'),
	(834684165,8067,'B'),
	(834684165,8403,'B-'),
	(840183443,2814,'C-'),
	(840183443,4786,'B-'),
	(840183443,5647,'C+'),
	(840183443,6857,'B'),
	(840183443,7699,'C-'),
	(845987510,2097,'A-'),
	(845987510,2486,'B'),
	(845987510,4129,'B'),
	(845987510,8647,'A-'),
	(845987510,9734,'B+'),
	(846836358,1693,'A'),
	(846836358,8813,'C+'),
	(846836358,9785,'D-'),
	(857017588,1346,'D+'),
	(857017588,2642,'D'),
	(857017588,2847,'B+'),
	(857017588,3099,'D'),
	(857017588,6610,'C'),
	(857397825,2163,'B+'),
	(857397825,3261,'C+'),
	(857397825,4957,'C'),
	(857397825,8403,'F'),
	(858177531,1553,'C+'),
	(858177531,2266,'C-'),
	(858177531,4455,'A-'),
	(858177531,6978,'B'),
	(858177531,8647,'C+'),
	(859697322,3659,'D'),
	(859697322,4467,'F'),
	(859697322,4786,'C-'),
	(859697322,4939,'C+'),
	(859837521,1781,'D+'),
	(859837521,2962,'D'),
	(859837521,9265,'F'),
	(859837521,9580,'B+'),
	(860734603,1514,'B-'),
	(860734603,1693,'A'),
	(860734603,3565,'A-'),
	(860734603,4455,'C-'),
	(860734603,8871,'C-'),
	(860734603,9657,'D-'),
	(863488266,1357,'B+'),
	(863488266,6746,'D'),
	(863488266,7699,'C-'),
	(863488266,8614,'D+'),
	(867749627,1346,'C-'),
	(867749627,2847,'C'),
	(867749627,5647,'D+'),
	(867749627,8504,'A-'),
	(875513043,1208,'D'),
	(875513043,1553,'F'),
	(875513043,3552,'D+'),
	(879353316,1053,'B'),
	(879353316,3742,'D'),
	(879353316,4052,'A-'),
	(879353316,6651,'A'),
	(881187324,2606,'A'),
	(881187324,4939,'C-'),
	(881187324,5347,'B-'),
	(881187324,6746,'D'),
	(881187324,7215,'A-'),
	(881187324,9225,'A-'),
	(881934106,6997,'A-'),
	(881934106,7089,'B'),
	(881934106,7539,'C'),
	(881934106,8519,'D-'),
	(881934106,9456,'F'),
	(883855680,2027,'D'),
	(883855680,6717,'A-'),
	(883855680,7044,'F'),
	(885304396,4898,'B-'),
	(885304396,5131,'A-'),
	(885304396,6564,'D+'),
	(885304396,9847,'D+'),
	(890914924,1514,'D-'),
	(890914924,1781,'D-'),
	(890914924,6850,'D-'),
	(890914924,9734,'B-'),
	(894062387,4180,'D'),
	(894062387,7044,'C-'),
	(894062387,7471,'C'),
	(894062387,8403,'C-'),
	(894062387,8813,'B-'),
	(901886345,3200,'C+'),
	(901886345,4467,'C'),
	(901886345,4898,'B-'),
	(901886345,6610,'C-'),
	(903043474,4093,'D'),
	(903043474,6881,'D+'),
	(903043474,7287,'A-'),
	(907455564,1208,'F'),
	(907455564,1357,'A-'),
	(907455564,1877,'B'),
	(907455564,7471,'C-'),
	(911624536,4052,'D-'),
	(911624536,4467,'B'),
	(911624536,6000,'B-'),
	(911624536,7539,'B-'),
	(911624536,7699,'D'),
	(916825299,1786,'C+'),
	(916825299,2097,'F'),
	(916825299,7287,'A'),
	(922127751,1667,'F'),
	(922127751,4455,'C'),
	(922127751,4888,'D-'),
	(922127751,5578,'B-'),
	(922127751,6881,'C+'),
	(927382307,2266,'D+'),
	(927382307,2642,'F'),
	(927382307,5415,'C-'),
	(927382307,6850,'A-'),
	(927382307,7699,'D'),
	(927382307,8740,'B'),
	(928257036,6564,'C+'),
	(928257036,6746,'D-'),
	(928257036,6997,'B-'),
	(929199586,2027,'A'),
	(929199586,2356,'D+'),
	(929199586,3064,'A-'),
	(929199586,4052,'F'),
	(929199586,5388,'C-'),
	(929199586,6412,'C'),
	(933223382,1208,'D'),
	(933223382,1938,'B'),
	(933223382,3200,'B+'),
	(933223382,6208,'D-'),
	(935684016,2330,'C-'),
	(935684016,6928,'A-'),
	(935684016,7089,'D-'),
	(935684016,8031,'B+'),
	(942730858,6651,'A'),
	(942730858,6857,'D+'),
	(942730858,7803,'D'),
	(942730858,9825,'F'),
	(943109994,1959,'C+'),
	(943109994,2455,'A'),
	(943109994,2547,'B'),
	(943109994,3575,'D-'),
	(943109994,3848,'B+'),
	(943963333,1712,'C-'),
	(943963333,2016,'B'),
	(943963333,2631,'F'),
	(943963333,2847,'C-'),
	(943963333,4070,'A'),
	(953315111,1897,'B-'),
	(953315111,4129,'C+'),
	(953315111,5054,'B'),
	(953683180,2266,'B'),
	(953683180,2962,'B+'),
	(953683180,4388,'C+'),
	(953683180,4759,'C+'),
	(953683180,9513,'B-'),
	(962809779,2455,'C'),
	(962809779,3575,'B+'),
	(962809779,5300,'D-'),
	(962809779,6119,'C-'),
	(962809779,9378,'D-'),
	(962809779,9825,'C'),
	(963859772,2642,'D-'),
	(963859772,4455,'B+'),
	(963859772,4702,'D'),
	(963859772,6143,'D+'),
	(970069188,2356,'F'),
	(970069188,3541,'B+'),
	(970069188,4688,'C'),
	(970069188,5054,'C-'),
	(970069188,6119,'C'),
	(972707947,3541,'F'),
	(972707947,4728,'D'),
	(972707947,5672,'C+'),
	(972707947,8614,'C'),
	(973803647,1357,'B+'),
	(973803647,3261,'C'),
	(973803647,5388,'C-'),
	(973803647,5647,'D+'),
	(974505672,4455,'D'),
	(974505672,6881,'F'),
	(974505672,9542,'D-'),
	(976754194,2076,'C-'),
	(976754194,3575,'C'),
	(976754194,3742,'C-'),
	(976754194,6143,'C'),
	(977979113,1321,'A-'),
	(977979113,4019,'A-'),
	(977979113,6668,'F'),
	(977979113,7985,'B'),
	(979583960,1357,'D-'),
	(979583960,2356,'D+'),
	(979583960,3413,'B-'),
	(979583960,6227,'B'),
	(979583960,7539,'A'),
	(979583960,9548,'D'),
	(987526730,1208,'B'),
	(987526730,2959,'C'),
	(987526730,3196,'A-'),
	(987526730,8031,'B-'),
	(988585655,2330,'A-'),
	(988585655,3413,'B-'),
	(988585655,4001,'B+'),
	(988585655,6119,'B-'),
	(988585655,6208,'A-'),
	(991245499,4544,'B+'),
	(991245499,4599,'D-'),
	(991245499,6208,'F'),
	(998676117,1208,'C+'),
	(998676117,5415,'B+'),
	(998676117,5911,'B'),
	(998676117,6651,'C');

/*!40000 ALTER TABLE `enrollment` ENABLE KEYS */;
UNLOCK TABLES;


# Dump of table professors
# ------------------------------------------------------------

DROP TABLE IF EXISTS `professors`;

CREATE TABLE `professors` (
  `ssn` int(9) NOT NULL,
  `department_number` int(11) DEFAULT NULL,
  `name` varchar(255) COLLATE utf8_unicode_ci NOT NULL DEFAULT '',
  `sex` enum('male','female') COLLATE utf8_unicode_ci NOT NULL DEFAULT 'male',
  `title` varchar(255) COLLATE utf8_unicode_ci NOT NULL DEFAULT '',
  `salary` int(6) NOT NULL,
  `college_degrees` varchar(100) COLLATE utf8_unicode_ci NOT NULL DEFAULT '',
  `address_street` varchar(255) COLLATE utf8_unicode_ci NOT NULL DEFAULT '',
  `address_city` varchar(255) COLLATE utf8_unicode_ci NOT NULL DEFAULT '',
  `address_state` varchar(2) COLLATE utf8_unicode_ci NOT NULL DEFAULT '',
  `address_zip` int(10) NOT NULL,
  `phone_area` int(3) NOT NULL,
  `phone_number` int(7) NOT NULL,
  PRIMARY KEY (`ssn`)
) ENGINE=InnoDB DEFAULT CHARSET=utf8 COLLATE=utf8_unicode_ci COMMENT='name => {fname, lname} // should we include a middle name?';

LOCK TABLES `professors` WRITE;
/*!40000 ALTER TABLE `professors` DISABLE KEYS */;

INSERT INTO `professors` (`ssn`, `department_number`, `name`, `sex`, `title`, `salary`, `college_degrees`, `address_street`, `address_city`, `address_state`, `address_zip`, `phone_area`, `phone_number`)
VALUES
	(100371749,NULL,'Mrs. Linnie Carter II','male','Miss',41389,'BS Nutrition science','6317 Watsica Cliffs','Abrahamhaven','CA',55568,325,7595473),
	(108942985,NULL,'Mr. Alexie Emmerich','female','Dr.',70475,'BS History','987 Torp Manor Suite 825','Runolfssonview','TN',59064,541,6014943),
	(121277058,NULL,'Heath Klocko','male','Ms.',57094,'BS Podiatry','9039 Bailey Lake Apt. 428','Ritchiefort','AK',27858,894,3111344),
	(125515848,NULL,'Mr. Robin Schimmel I','male','Mr.',26528,'Bachelor of Criminal Justice','1093 Rickey Hills','Klingberg','ME',34516,633,6781809),
	(126049496,NULL,'Nannie Hagenes','male','Miss',16499,'Bachelor of Architecture','100 Beer Viaduct','Lennatown','NM',94211,818,3092741),
	(129217930,NULL,'Mrs. Bryana Muller','female','Mrs.',47238,'BS Politics','45408 Halvorson Ford Apt. 627','Parisianburgh','KY',22099,371,7254267),
	(129379415,NULL,'Milton Schinner','female','Dr.',77517,'BS Marketing','4070 Jannie Ranch','Port Dominiquefort','CT',16133,305,7187103),
	(144413764,NULL,'Prof. Macey Bailey','male','Prof.',94057,'BS Podiatry','85161 Melany Plain','Hirtheport','IN',45194,341,1320720),
	(145592665,NULL,'Cecil Dietrich','female','Prof.',17866,'Bachelor of Architecture','33878 Joany Forge','Jakobfurt','NM',71588,308,6294719),
	(148837235,NULL,'Prof. Else Kirlin','male','Dr.',74221,'BA American Indian Studies','551 Rau Garden','Port Hope','LA',43630,788,2620544),
	(159621540,NULL,'Alfreda Deckow','female','Miss',32294,'BS Computer Engineering','2919 Loyce Track','North Karelleville','LA',88924,924,7600257),
	(164072571,NULL,'Dr. Leif Simonis MD','male','Prof.',16655,'BS Mining Engineering','442 Dach Gateway Apt. 630','West Edythehaven','OH',20627,970,3152341),
	(167726666,NULL,'Ollie Vandervort MD','male','Dr.',14894,'BS Information Technology','63568 Ferry Rest','Binstown','ID',69675,791,3134124),
	(180532031,NULL,'Consuelo Wintheiser','male','Mr.',30865,'BS Religion','161 Anita Estate','New Quincy','TN',78945,684,2776298),
	(181542697,NULL,'Giovanny Stehr','male','Prof.',4757,'Bachelor of Engineering','279 Alexandra Unions Apt. 654','New Sydney','LA',82172,874,8946516),
	(183188375,NULL,'Elise Heathcote Sr.','male','Miss',47602,'BS Petroleum Engineering','189 Zita Ports','Nameburgh','NM',94003,862,1317240),
	(187102872,NULL,'Prof. Alfredo Hagenes Jr.','female','Dr.',61104,'BS Physics','095 Amparo Light Apt. 326','Connfort','AR',69755,983,1432463),
	(189347223,NULL,'Roberto Gislason','male','Mr.',91644,'BS Pharmacy','068 Ritchie Roads','Port Desireeborough','OH',79598,497,5551715),
	(237177857,NULL,'Emil Boyer','female','Mr.',76471,'BS Chemistry','669 Ashley Falls','Port Adrain','NE',48490,983,8224764),
	(238505019,NULL,'Prof. Quinten Bode','female','Prof.',72458,'BS Science Education','32423 Medhurst Mission Suite 878','Lake Chesley','NC',66943,207,7944997),
	(272669314,NULL,'Danielle Hauck','male','Prof.',47651,'BS Medical Technology','6981 Nitzsche Plain','North Courtneyborough','WI',28677,499,4189780),
	(279629328,NULL,'Verona Flatley DVM','female','Prof.',89940,'BA Forensic Psychology','148 Medhurst Pass','Murrayshire','KY',64386,409,8263199),
	(297231437,NULL,'Murl Littel','female','Dr.',73559,'Bachelor of Economics','70585 Zachery Ford Apt. 413','Port Owenhaven','TN',90464,161,3718201),
	(313408381,NULL,'Mrs. Daphnee Pouros II','female','Mrs.',59883,'BS Respiratory Therapy','16373 Golden Terrace Apt. 497','Estefaniamouth','WI',95420,464,9263098),
	(325239703,NULL,'Dr. Maverick Fay','male','Dr.',91455,'BS International Relations','4863 Ritchie Path','West Lyda','NY',65713,994,7941553),
	(344057252,NULL,'Chadd Blanda','female','Prof.',15790,'BS Pharmacy','130 Alta Burgs','Chadchester','AK',74161,254,9654435),
	(365433544,NULL,'Abbigail Trantow','female','Ms.',70753,'BS Mining Engineering','3506 Murray Stravenue','Caroleburgh','AR',41444,473,6643162),
	(377183090,NULL,'Constance Abshire','female','Miss',47294,'BM Composition','86271 Delbert Parks','Littelhaven','VT',82001,939,6693259),
	(377747788,NULL,'Jo Gleichner','female','Dr.',10643,'BS Plant Science','38199 Kutch Locks','Jacobsonhaven','CT',68418,597,1265351),
	(378048569,NULL,'Clint Crist','male','Dr.',77339,'BS Computer Engineering','1339 Hardy Tunnel Suite 622','Smithburgh','IL',72872,909,3402554),
	(383487733,NULL,'Jevon Lynch DDS','female','Dr.',76040,'BS History','79771 Alexandria Road Apt. 201','Port Assuntaborough','ID',63853,251,7757149),
	(391054369,NULL,'Alyce Russel','female','Ms.',69819,'BS Foreign Service','3323 Kiehn Skyway Apt. 116','Stammfurt','CO',22052,584,2051086),
	(408067468,NULL,'Neal Fahey','female','Mr.',69297,'BS Construction Engineering','01491 Johns Inlet Apt. 189','Port Sven','NM',22200,136,7438568),
	(441149031,NULL,'Meghan Jaskolski','male','Prof.',3935,'BA Biology','72508 Swift Drive Apt. 334','Port Skyla','NH',24551,955,8347069),
	(448984853,NULL,'Suzanne Macejkovic V','male','Miss',78639,'BS Management','31050 Kendrick Divide','Port Wilmer','VA',56407,126,5701534),
	(458032400,NULL,'Leila Skiles','male','Mrs.',38005,'BS Criminology','1162 Schowalter Key Suite 545','West Ottilie','CO',94871,346,1192236),
	(466616046,NULL,'Madeline Trantow','male','Ms.',60310,'BA Applied Psychology','9440 Lavina Corners','North Jerryberg','FL',76261,562,3800596),
	(479391484,NULL,'Miss Anika Casper','male','Ms.',62696,'BS Education','6221 Alyson Turnpike','Waelchiburgh','TX',89208,527,6207613),
	(480725558,NULL,'Gudrun Harber','female','Dr.',54931,'Bachelor of Accountancy','35179 Talia Dam Suite 026','Elyssabury','IL',56796,918,5482902),
	(487638729,NULL,'Tressie Thompson','male','Miss',38692,'BA Applied Psychology','29163 Waldo Village','Davisberg','WA',55433,719,2921845),
	(497731100,NULL,'Dr. Delia Schowalter Jr.','female','Ms.',83661,'BS Information Systems','0538 Boyle Shore','South Reynold','MD',99144,140,5288884),
	(506549748,NULL,'Ms. Kiarra Gleason','female','Dr.',33160,'Bachelor of Social Work','5998 Aufderhar Via','Labadiemouth','NE',37898,361,4899608),
	(529858990,NULL,'Geovanny Hilll','male','Dr.',46419,'Bachelor of Divinity','6320 Mante Drives','West Gayfurt','NE',58097,285,7513544),
	(530768441,NULL,'Alexandra Bogisich','male','Prof.',15583,'BS English Literature','763 Hand Stravenue','Millerton','AZ',96665,973,9970314),
	(541032990,NULL,'Magdalena Rohan','male','Ms.',75487,'BS Electrical Engineering','68809 Mosciski Hill','Tyshawnmouth','KS',12796,385,4377121),
	(542048088,NULL,'Jaycee Glover I','female','Dr.',56764,'BS Journalism','205 Rowena Drive Suite 870','Lake Deshawn','NM',44141,532,5859011),
	(550527396,NULL,'Joey Schneider','female','Prof.',78367,'BS Food Science','8161 Bins Mountain Suite 937','Emilianobury','TN',74964,750,4993112),
	(559474861,NULL,'Miss Lacy Gerlach IV','female','Prof.',27779,'BS Foreign Service','232 Harber Forks Apt. 825','North Art','VT',37303,887,8115232),
	(561859165,NULL,'Prudence Stoltenberg','male','Ms.',68339,'BS Aerospace Engineering','0314 Aufderhar Green Apt. 545','Benville','OK',58299,139,5114925),
	(571024026,NULL,'Bart Rempel','male','Prof.',41759,'Bachelor of Philosophy','97094 Margarita Oval Apt. 655','Kossville','HI',90599,289,4891288),
	(576711803,NULL,'Ms. Dana Wintheiser IV','female','Ms.',84925,'Bachelor of Engineering','474 Murl Parks','Lonstad','NM',85282,896,3141027),
	(583777497,NULL,'Mr. Damion Langosh MD','male','Mr.',28190,'BS Engineering Physics','2522 Aileen Brooks','Schummton','WY',80788,715,2334970),
	(598544728,NULL,'Wilburn Weissnat','female','Prof.',1736,'BS Environmental Science','76167 Bryce Station Suite 965','Port Forrest','NC',41347,811,4949035),
	(599569424,NULL,'Dino Bradtke','female','Prof.',53740,'Bachelor of Management','9200 Felton Circles','Schowalterhaven','DC',82154,409,2712341),
	(602942582,NULL,'Dr. Johnnie McCullough Sr.','female','Prof.',96419,'BS Chemistry','18300 Fisher Mountains','Lauriebury','MS',55413,236,9769087),
	(606723004,NULL,'Dr. Jeromy Doyle DDS','male','Prof.',84840,'BS Pharmacy','24166 Towne Crossing','Paytonport','AR',12407,244,2095951),
	(607878947,NULL,'Mrs. Breanne Waelchi II','female','Ms.',8758,'BS Real-Time Interactive Simulation','738 Rasheed Locks','Lake Estelberg','IN',28920,594,7458501),
	(609062851,NULL,'Demetris Wiegand','male','Dr.',10728,'Bachelor of Sports Management','655 Shanel Via','Kevonview','IL',34548,554,6979562),
	(614834032,NULL,'Miss Rowena Conroy','male','Mrs.',28291,'BS Engineering Physics','8107 Flavie Roads','East Vivianne','TX',89047,934,2612281),
	(641771255,NULL,'Devonte Wehner','male','Prof.',69802,'BS Software Engineering','4119 Krajcik Lake','East Margaretta','GA',18533,900,6072779),
	(642388150,NULL,'Johnpaul Towne III','female','Mr.',94136,'BA Clinical Psychology','84185 Layne Mission Apt. 084','South Dustin','NV',46471,899,1022816),
	(668852705,NULL,'Abdul Stiedemann','male','Dr.',66317,'Bachelor of Music','60768 Douglas Forest Apt. 428','Jaidenhaven','TN',16712,539,4620523),
	(677258728,NULL,'Onie Hand Jr.','male','Mrs.',27529,'BS International Relations','992 Cassandra Orchard','New Alexys','GA',64109,347,3644000),
	(683448777,NULL,'Dalton Runolfsdottir','male','Dr.',275,'BS Chemistry','962 Oswald Passage Suite 900','Leonoraville','IN',85059,591,5997520),
	(699109542,NULL,'Prof. Shaniya Wehner DVM','male','Ms.',47287,'BS Chemistry','7503 Rohan Ford','Lake Amaraport','GA',45156,498,6734448),
	(702437323,NULL,'Cindy Leannon','female','Miss',92144,'BA American Studies','24322 Jamey Brooks Suite 982','Darenberg','WV',63971,665,5083365),
	(706830485,NULL,'Ms. Margret Hammes DVM','female','Miss',81017,'BS Environmental Engineering','5672 Martina Underpass','Langoshbury','AR',11022,136,5475171),
	(711348460,NULL,'Mrs. Stacey Weber','female','Mrs.',68579,'BS Environmental Engineering','580 Reanna Spring Suite 993','Clarissaland','OR',24432,686,6996772),
	(722310464,NULL,'Prof. Chaz Daniel V','female','Dr.',83347,'BA American Studies','45799 Corwin Skyway Suite 537','New Chelseaside','AR',67119,521,4712300),
	(722587068,NULL,'Prince Nienow','male','Prof.',33896,'BS Agriculture','0074 Dach Forge Suite 305','Willmsshire','CT',43167,215,9753086),
	(729129338,NULL,'Mr. Uriah Hayes Sr.','male','Dr.',62195,'BS Petroleum Engineering','6812 Weissnat Bypass Suite 570','North Dennisstad','WI',15293,284,2838883),
	(729818997,NULL,'Prof. Rosalinda Bauch','female','Mrs.',41719,'BM Composition','065 Dominique Pike Apt. 519','East Alek','GA',68812,537,8856952),
	(730258991,NULL,'Xander Jaskolski','male','Mr.',57039,'BS History','7400 Turner Shoal Suite 970','Clarehaven','ND',96217,599,4916062),
	(731075867,NULL,'Fannie Mosciski','female','Mrs.',47590,'Bachelor of Computer Information Systems','8997 Leon Landing Apt. 724','West Lupeside','SD',14214,865,4543048),
	(733038518,NULL,'Dino Balistreri','female','Mr.',60728,'BS Quantity Surveying Engineering','98426 Torphy Station','Jacinthefurt','IA',20305,999,3202758),
	(753245805,NULL,'Thora Kling','male','Mrs.',57902,'BS Integrated Science, Business and Technology','298 Huel Meadows Suite 522','Robertsborough','IN',96543,192,6878054),
	(758054086,NULL,'Prof. Magnolia Sanford III','female','Dr.',93278,'BS English Literature','698 Mayer Place Apt. 612','Port Alexchester','AZ',73491,941,4877816),
	(781362944,NULL,'Cade Metz','female','Mr.',28796,'BS Physical Therapy','248 Vergie Flat','Laylaview','IA',64362,824,1326444),
	(787603882,NULL,'Marielle Abernathy','male','Miss',38912,'Bachelor of Sports Management','93798 Lorine Meadows Apt. 447','South Blanche','RI',36429,539,6716435),
	(789665426,NULL,'Luciano Barton','female','Prof.',43973,'Bachelor of Commerce','9224 Jesse Falls Suite 023','Friesenburgh','NH',15778,243,8798563),
	(799877087,NULL,'Cornell Weber','male','Mr.',59119,'BA Biology','7804 Adan Greens Apt. 607','New Calistaville','ID',19612,630,6056856),
	(813392657,NULL,'Mrs. Callie Hane','female','Miss',8481,'Bachelor of Biomedical Science','103 Dietrich Mountains','Port Alex','OH',68674,531,6978932),
	(838626921,NULL,'Hortense Altenwerth MD','male','Mrs.',48248,'BS Systems Engineering','5474 Jackson Pine Suite 665','Lake Zachery','WI',39495,164,2715944),
	(852703713,NULL,'Archibald Hoeger','male','Prof.',43546,'BS Human Resources Management','1403 Kyle Gardens','Schambergerton','NC',16248,955,3665742),
	(854654145,NULL,'Prof. Rowland McKenzie DVM','male','Mr.',47693,'Bachelor of Commerce','456 Jayce Bypass','Holdenport','OK',94271,516,3292188),
	(874336454,NULL,'Alyce Murray','female','Ms.',35078,'BS Agriculture','978 Providenci Rest','Lennychester','NM',52776,854,8833740),
	(880845745,NULL,'Ms. Chasity Tromp','male','Miss',44198,'BS Molecular Biology','4795 Kenya Stravenue Suite 971','East Margarettfurt','NC',10543,460,6731704),
	(885482137,NULL,'Madalyn Bednar','male','Prof.',96510,'BA American Indian Studies','3385 Hoppe Parkways Suite 764','Rodrickberg','MO',64226,123,2172600),
	(898708249,NULL,'Hosea Price','female','Prof.',99686,'BS English Literature','74569 Jayson Ridge','Leannonton','GA',38458,805,8137579),
	(907504700,NULL,'Prof. Golden Daniel','male','Dr.',5027,'BS Science Education','981 Blick Drive Apt. 547','Hammesport','OK',64473,994,5813781),
	(913837106,NULL,'Jessy Willms','female','Dr.',79196,'BA Child Advocacy','8210 Jan Meadows Apt. 615','New Ollieshire','MI',97006,310,3745331),
	(918234478,NULL,'Frederique Predovic','male','Ms.',88128,'BM Music Education','4583 Allan Lakes Apt. 493','Lakinview','AK',45482,810,7632878),
	(921391930,NULL,'Tomasa Schultz','female','Prof.',72484,'BS Construction Engineering','4769 Marquardt Port Apt. 181','South Aftonmouth','OH',70733,221,3902921),
	(926334712,NULL,'Anibal Heathcote','male','Prof.',94299,'BS Food Science','51974 Sebastian Isle Suite 424','Iciechester','LA',10892,789,9987804),
	(930569234,NULL,'Dakota Morar','female','Dr.',4830,'BS Actuarial','308 Heller Falls','New Alessandro','IN',73359,688,6153360),
	(934316637,NULL,'Rupert Ryan','male','Dr.',49093,'BS Hospitality Management','330 Harber Ways Apt. 197','Lake Dortha','CO',61596,888,2188870),
	(943576256,NULL,'Miss Frieda Haley PhD','female','Ms.',2409,'BS Meteorology','79416 Reinger Stravenue Suite 250','Evelynburgh','GA',66059,873,2558200),
	(947557130,NULL,'Anastasia Schowalter','female','Dr.',83963,'Bachelor of Business Administration','43029 Marietta Station','North Laylabury','CO',50375,977,6906908),
	(965329526,NULL,'Thea Hansen V','male','Prof.',97306,'BS Criminal Justice','925 Macejkovic Estates Apt. 915','South Jacklyn','VT',90847,704,8358162),
	(981660499,NULL,'Jada D\'Amore','male','Mrs.',72483,'BS Engineering Science','3098 Schulist Cape Suite 608','East Julesmouth','NV',33367,689,6363655);

/*!40000 ALTER TABLE `professors` ENABLE KEYS */;
UNLOCK TABLES;


# Dump of table sections
# ------------------------------------------------------------

DROP TABLE IF EXISTS `sections`;

CREATE TABLE `sections` (
  `number` int(11) unsigned NOT NULL,
  `professor_ssn` int(11) DEFAULT NULL,
  `course_number` int(10) unsigned NOT NULL,
  `classroom` varchar(50) NOT NULL DEFAULT '',
  `meeting_days` varchar(50) NOT NULL DEFAULT '',
  `beginning_time` varchar(10) NOT NULL DEFAULT '',
  `end_time` varchar(10) NOT NULL DEFAULT '',
  `seats` int(5) NOT NULL,
  PRIMARY KEY (`number`),
  KEY `course_number` (`course_number`),
  KEY `sections_professor_ssn_foreign` (`professor_ssn`),
  CONSTRAINT `sections_course_number_foreign` FOREIGN KEY (`course_number`) REFERENCES `courses` (`number`) ON DELETE CASCADE,
  CONSTRAINT `sections_professor_ssn_foreign` FOREIGN KEY (`professor_ssn`) REFERENCES `professors` (`ssn`)
) ENGINE=InnoDB DEFAULT CHARSET=utf8 COMMENT='meeting_days could possibly be a separate one-to-many table to specify and categorize days and times depending on the needs of the application';

LOCK TABLES `sections` WRITE;
/*!40000 ALTER TABLE `sections` DISABLE KEYS */;

INSERT INTO `sections` (`number`, `professor_ssn`, `course_number`, `classroom`, `meeting_days`, `beginning_time`, `end_time`, `seats`)
VALUES
	(1053,181542697,82559,'vero 351','M','1:00','5:00',42),
	(1068,313408381,82559,'commodi 195','M','18:00','22:00',37),
	(1208,641771255,63928,'animi 187','F','5:00','6:00',61),
	(1321,609062851,53710,'optio 316','MW','8:00','9:00',87),
	(1346,164072571,55626,'et 194','TTh','19:00','20:00',23),
	(1357,571024026,18995,'id 537','S','7:00','10:00',6),
	(1366,947557130,82559,'harum 125','T','17:00','19:00',2),
	(1372,602942582,16084,'accusantium 316','TTh','13:00','16:00',72),
	(1426,606723004,20609,'perferendis 270','MWF','15:00','17:00',67),
	(1514,609062851,96405,'sed 274','T','15:00','17:00',14),
	(1553,541032990,31617,'quisquam 463','F','12:00','14:00',10),
	(1592,930569234,63928,'odio 176','Th','9:00','10:00',88),
	(1655,926334712,20609,'itaque 457','T','6:00','8:00',57),
	(1667,677258728,75926,'et 507','Th','21:00','0:00',49),
	(1693,598544728,69483,'qui 126','W','0:00','3:00',73),
	(1712,571024026,31617,'aut 504','MW','11:00','13:00',5),
	(1781,187102872,96405,'et 518','M','15:00','19:00',87),
	(1786,731075867,96405,'omnis 455','MW','11:00','12:00',74),
	(1877,576711803,92464,'sunt 370','Th','6:00','10:00',70),
	(1897,479391484,11945,'nam 201','F','8:00','10:00',75),
	(1938,947557130,29474,'itaque 384','Th','22:00','2:00',23),
	(1959,129379415,52162,'maxime 482','W','19:00','20:00',100),
	(1970,642388150,92433,'qui 110','MWF','20:00','0:00',97),
	(2016,448984853,40930,'omnis 261','MWF','6:00','10:00',3),
	(2027,880845745,82290,'officiis 373','TTh','11:00','14:00',16),
	(2076,729129338,32101,'illo 137','S','13:00','17:00',23),
	(2097,781362944,80713,'corporis 593','MWF','4:00','6:00',93),
	(2163,458032400,96405,'eos 470','MWF','8:00','9:00',4),
	(2266,614834032,81573,'commodi 136','W','5:00','7:00',66),
	(2330,918234478,29474,'fuga 389','T','19:00','21:00',97),
	(2356,279629328,16084,'atque 340','T','15:00','17:00',16),
	(2455,144413764,29474,'quae 188','T','15:00','17:00',8),
	(2463,813392657,40930,'ut 190','S','15:00','19:00',73),
	(2486,781362944,81573,'qui 259','F','13:00','16:00',2),
	(2547,921391930,45645,'qui 286','Th','22:00','1:00',43),
	(2606,730258991,31617,'doloribus 196','S','20:00','22:00',7),
	(2631,852703713,45645,'sit 456','T','21:00','1:00',88),
	(2642,129217930,55626,'omnis 415','M','9:00','11:00',30),
	(2739,378048569,63928,'rerum 472','F','11:00','13:00',90),
	(2814,180532031,21368,'distinctio 239','MWF','6:00','9:00',55),
	(2847,325239703,52162,'praesentium 525','Th','22:00','2:00',17),
	(2946,981660499,18995,'rerum 526','W','0:00','1:00',95),
	(2959,129217930,92433,'voluptate 213','W','19:00','22:00',19),
	(2962,487638729,82559,'vel 394','MW','7:00','8:00',61),
	(3064,297231437,53710,'officiis 408','Th','21:00','23:00',65),
	(3099,606723004,45645,'exercitationem 435','Th','11:00','14:00',94),
	(3132,189347223,20609,'voluptates 288','Th','12:00','16:00',7),
	(3178,121277058,31617,'cumque 240','S','14:00','17:00',86),
	(3196,272669314,11945,'id 179','T','5:00','7:00',51),
	(3200,706830485,69483,'quo 110','TTh','20:00','22:00',55),
	(3261,702437323,69483,'itaque 564','MWF','3:00','6:00',69),
	(3290,121277058,75926,'exercitationem 351','W','1:00','2:00',45),
	(3339,706830485,32101,'dicta 489','W','10:00','13:00',23),
	(3413,164072571,11945,'est 578','S','5:00','6:00',70),
	(3541,479391484,81573,'et 514','M','23:00','1:00',95),
	(3552,497731100,21368,'velit 510','F','14:00','16:00',60),
	(3565,799877087,52162,'voluptas 182','M','23:00','1:00',85),
	(3575,730258991,45867,'repellendus 482','S','12:00','13:00',48),
	(3653,921391930,81573,'fuga 300','W','14:00','17:00',35),
	(3659,787603882,40930,'non 455','MWF','20:00','22:00',38),
	(3742,576711803,55626,'repellendus 486','F','21:00','23:00',2),
	(3779,668852705,52162,'qui 113','T','18:00','22:00',84),
	(3848,181542697,82559,'vitae 183','F','4:00','5:00',59),
	(3898,408067468,63928,'aperiam 182','M','11:00','15:00',9),
	(4001,530768441,92464,'ea 566','Th','0:00','2:00',20),
	(4019,641771255,16084,'enim 396','Th','1:00','3:00',26),
	(4052,571024026,20609,'assumenda 499','M','2:00','4:00',8),
	(4070,677258728,11945,'nesciunt 311','TTh','17:00','19:00',38),
	(4093,129379415,92464,'quaerat 599','F','16:00','20:00',22),
	(4129,838626921,45645,'totam 556','Th','21:00','22:00',81),
	(4168,606723004,53693,'quibusdam 582','M','3:00','6:00',76),
	(4178,279629328,92464,'alias 348','MW','8:00','9:00',42),
	(4180,965329526,82559,'qui 238','MW','18:00','22:00',31),
	(4192,466616046,92464,'in 598','T','6:00','8:00',12),
	(4234,813392657,20609,'rem 196','S','15:00','19:00',34),
	(4250,466616046,53693,'quos 420','M','16:00','18:00',96),
	(4388,607878947,92464,'commodi 564','W','16:00','17:00',89),
	(4455,926334712,55626,'est 327','M','5:00','7:00',14),
	(4456,731075867,45867,'assumenda 344','MW','17:00','18:00',73),
	(4467,880845745,45867,'voluptatem 486','M','13:00','16:00',66),
	(4494,642388150,16084,'sit 492','S','10:00','12:00',1),
	(4544,108942985,16084,'consequatur 329','MW','3:00','6:00',39),
	(4556,183188375,63928,'vel 406','F','23:00','0:00',69),
	(4599,126049496,82290,'eligendi 355','T','6:00','7:00',86),
	(4688,934316637,31617,'eos 256','MWF','14:00','17:00',18),
	(4702,614834032,20609,'recusandae 548','M','19:00','21:00',58),
	(4728,313408381,80713,'eum 302','W','10:00','12:00',39),
	(4759,885482137,30049,'ut 468','TTh','8:00','12:00',35),
	(4786,297231437,55626,'et 415','S','22:00','1:00',20),
	(4859,559474861,52643,'ipsam 385','S','11:00','14:00',99),
	(4879,607878947,20609,'est 453','F','0:00','4:00',21),
	(4888,699109542,82290,'et 177','W','14:00','17:00',62),
	(4898,480725558,92464,'consequatur 202','MWF','3:00','7:00',66),
	(4939,365433544,52162,'eos 252','TTh','21:00','1:00',45),
	(4957,758054086,29474,'aut 347','MWF','19:00','23:00',36),
	(4985,148837235,92433,'tempore 226','M','5:00','6:00',42),
	(5053,722587068,52162,'deserunt 182','T','19:00','20:00',92),
	(5054,711348460,69483,'omnis 286','F','0:00','3:00',71),
	(5127,913837106,55626,'facilis 424','W','2:00','6:00',88),
	(5131,238505019,21368,'eaque 453','T','12:00','15:00',60),
	(5191,237177857,53693,'excepturi 207','MW','17:00','20:00',30),
	(5300,159621540,52162,'perspiciatis 583','MWF','12:00','15:00',76),
	(5347,383487733,81573,'maiores 276','Th','23:00','0:00',26),
	(5388,378048569,82290,'et 107','TTh','5:00','9:00',97),
	(5411,898708249,40930,'quis 108','F','0:00','4:00',94),
	(5415,125515848,81573,'amet 265','T','9:00','11:00',9),
	(5578,189347223,52162,'qui 156','F','8:00','9:00',54),
	(5647,722587068,53693,'eum 457','F','4:00','5:00',32),
	(5672,377747788,32101,'a 470','F','19:00','23:00',79),
	(5685,530768441,31617,'qui 248','S','4:00','7:00',61),
	(5749,599569424,82559,'nobis 593','Th','7:00','8:00',76),
	(5765,729818997,20609,'tempore 128','S','7:00','10:00',79),
	(5811,702437323,16125,'fugiat 330','W','21:00','1:00',55),
	(5911,874336454,81573,'suscipit 158','MWF','19:00','21:00',67),
	(5976,926334712,16084,'voluptate 597','TTh','0:00','3:00',95),
	(6000,100371749,55626,'aut 295','F','2:00','5:00',35),
	(6005,125515848,53693,'aut 236','S','16:00','19:00',93),
	(6119,898708249,29474,'quo 236','M','1:00','5:00',19),
	(6143,874336454,18995,'occaecati 586','MWF','6:00','9:00',4),
	(6208,167726666,40930,'ratione 520','T','20:00','21:00',52),
	(6227,506549748,32101,'qui 417','Th','19:00','20:00',12),
	(6362,238505019,40930,'nam 434','MWF','12:00','16:00',24),
	(6377,789665426,63928,'odit 187','MW','19:00','22:00',5),
	(6383,129217930,31617,'maiores 428','S','6:00','8:00',53),
	(6412,497731100,16084,'omnis 546','F','3:00','5:00',8),
	(6529,550527396,92464,'velit 536','W','4:00','5:00',98),
	(6564,898708249,21368,'ut 531','MW','5:00','8:00',100),
	(6610,325239703,45645,'praesentium 257','F','11:00','13:00',59),
	(6651,377183090,96405,'eos 209','T','11:00','15:00',35),
	(6664,550527396,45867,'reiciendis 516','TTh','11:00','14:00',31),
	(6668,541032990,92433,'unde 262','Th','9:00','10:00',61),
	(6717,145592665,55626,'hic 175','S','17:00','20:00',13),
	(6746,789665426,52643,'dolor 552','T','20:00','22:00',69),
	(6831,930569234,29474,'qui 188','TTh','13:00','14:00',21),
	(6850,699109542,53693,'iure 343','S','13:00','15:00',90),
	(6857,729129338,53710,'facilis 157','MW','14:00','15:00',78),
	(6881,108942985,92433,'eaque 432','MW','16:00','19:00',97),
	(6928,561859165,82290,'repellendus 516','TTh','6:00','8:00',6),
	(6978,722310464,52162,'libero 404','T','10:00','14:00',94),
	(6997,480725558,92464,'dolor 547','MW','21:00','22:00',69),
	(7044,787603882,63928,'id 154','MWF','14:00','18:00',94),
	(7054,885482137,82559,'aspernatur 134','Th','16:00','20:00',36),
	(7089,907504700,52643,'facere 576','Th','2:00','3:00',51),
	(7147,683448777,55626,'quod 339','MW','18:00','21:00',85),
	(7215,108942985,45867,'occaecati 305','TTh','20:00','23:00',56),
	(7217,561859165,63928,'magni 390','S','4:00','5:00',63),
	(7286,753245805,55626,'et 407','T','12:00','15:00',37),
	(7287,781362944,69483,'illo 393','Th','15:00','19:00',20),
	(7385,758054086,53693,'expedita 508','W','21:00','1:00',13),
	(7391,487638729,18995,'ipsa 436','TTh','23:00','1:00',38),
	(7471,479391484,29474,'quidem 341','T','23:00','2:00',44),
	(7539,344057252,52162,'magni 113','MW','17:00','21:00',8),
	(7632,183188375,40930,'enim 574','MWF','0:00','3:00',51),
	(7695,799877087,21368,'et 173','TTh','14:00','16:00',53),
	(7699,559474861,52162,'est 513','T','11:00','12:00',19),
	(7777,180532031,69483,'ut 504','M','2:00','4:00',10),
	(7782,598544728,18995,'quia 595','M','2:00','6:00',4),
	(7803,148837235,53710,'laboriosam 249','Th','12:00','16:00',22),
	(7822,408067468,16125,'error 153','S','18:00','22:00',95),
	(7978,668852705,69483,'ducimus 588','S','6:00','9:00',73),
	(7985,702437323,81573,'dolores 347','S','18:00','20:00',24),
	(8031,344057252,16084,'est 343','W','18:00','22:00',85),
	(8049,391054369,11945,'fuga 440','W','16:00','20:00',51),
	(8067,609062851,29474,'quo 530','TTh','9:00','12:00',24),
	(8265,550527396,31617,'quod 477','MW','13:00','14:00',85),
	(8362,480725558,52643,'ducimus 494','M','12:00','15:00',23),
	(8372,529858990,52162,'ipsa 178','T','11:00','15:00',98),
	(8387,530768441,32101,'repellat 171','W','5:00','8:00',100),
	(8403,145592665,96405,'nihil 104','Th','11:00','15:00',25),
	(8504,183188375,40930,'repudiandae 449','TTh','11:00','15:00',81),
	(8519,448984853,40930,'consequatur 359','TTh','22:00','0:00',49),
	(8614,934316637,82559,'voluptas 153','MW','19:00','22:00',13),
	(8647,874336454,29474,'quia 463','F','3:00','6:00',19),
	(8740,559474861,53710,'laboriosam 313','F','3:00','4:00',14),
	(8766,144413764,52162,'quasi 139','TTh','15:00','16:00',91),
	(8809,187102872,20609,'tempore 563','S','7:00','11:00',9),
	(8813,699109542,31617,'quam 167','MWF','17:00','21:00',47),
	(8845,711348460,31617,'molestiae 530','F','9:00','13:00',14),
	(8871,441149031,18995,'deleniti 152','M','7:00','8:00',32),
	(8895,148837235,55626,'quia 143','T','21:00','1:00',74),
	(8972,965329526,11945,'commodi 220','MW','19:00','21:00',70),
	(9078,325239703,53710,'est 566','W','16:00','19:00',48),
	(9225,854654145,16084,'et 576','T','22:00','2:00',87),
	(9265,272669314,30049,'quas 211','M','1:00','2:00',61),
	(9374,711348460,53710,'iste 179','MWF','10:00','13:00',23),
	(9378,441149031,53693,'qui 594','W','1:00','2:00',39),
	(9456,799877087,53710,'nihil 111','S','15:00','17:00',21),
	(9513,583777497,16125,'omnis 332','M','7:00','11:00',52),
	(9524,943576256,96405,'minima 583','S','21:00','1:00',43),
	(9542,930569234,20609,'veritatis 163','T','7:00','10:00',52),
	(9548,813392657,32101,'nihil 131','M','21:00','1:00',23),
	(9580,854654145,11945,'est 137','MW','15:00','17:00',53),
	(9637,542048088,20609,'nihil 199','F','11:00','15:00',74),
	(9657,607878947,45867,'quos 163','TTh','4:00','8:00',92),
	(9668,164072571,75926,'quibusdam 529','T','3:00','4:00',45),
	(9734,683448777,45645,'eos 310','M','2:00','5:00',27),
	(9785,965329526,75926,'sed 404','S','22:00','1:00',59),
	(9792,561859165,31617,'asperiores 547','M','6:00','8:00',13),
	(9825,506549748,45645,'est 382','TTh','23:00','3:00',69),
	(9839,733038518,55626,'officia 350','T','2:00','5:00',82),
	(9847,934316637,52643,'dolore 577','T','14:00','18:00',89);

/*!40000 ALTER TABLE `sections` ENABLE KEYS */;
UNLOCK TABLES;


# Dump of table student_minor
# ------------------------------------------------------------

DROP TABLE IF EXISTS `student_minor`;

CREATE TABLE `student_minor` (
  `student_cwid` int(11) unsigned NOT NULL,
  `minor_department` int(11) unsigned NOT NULL,
  PRIMARY KEY (`student_cwid`,`minor_department`),
  KEY `student_minor_minor_department_foreign` (`minor_department`),
  CONSTRAINT `student_minor_minor_department_foreign` FOREIGN KEY (`minor_department`) REFERENCES `departments` (`number`) ON DELETE CASCADE,
  CONSTRAINT `student_minor_student_cwid_foreign` FOREIGN KEY (`student_cwid`) REFERENCES `students` (`cwid`) ON DELETE CASCADE
) ENGINE=InnoDB DEFAULT CHARSET=utf8;



# Dump of table students
# ------------------------------------------------------------

DROP TABLE IF EXISTS `students`;

CREATE TABLE `students` (
  `cwid` int(11) unsigned NOT NULL,
  `fname` varchar(255) NOT NULL DEFAULT '',
  `lname` varchar(255) NOT NULL DEFAULT '',
  `address` varchar(255) NOT NULL DEFAULT '',
  `telephone` varchar(20) DEFAULT '',
  `major` int(11) unsigned DEFAULT NULL,
  PRIMARY KEY (`cwid`),
  KEY `students_major_foreign` (`major`),
  CONSTRAINT `students_major_foreign` FOREIGN KEY (`major`) REFERENCES `departments` (`number`)
) ENGINE=InnoDB DEFAULT CHARSET=utf8 COMMENT='Specification dictates an address, but does not specify it as a composite field so we will just use one column to hold the address';

LOCK TABLES `students` WRITE;
/*!40000 ALTER TABLE `students` DISABLE KEYS */;

INSERT INTO `students` (`cwid`, `fname`, `lname`, `address`, `telephone`, `major`)
VALUES
	(101078890,'Beverly','Bernhard','22668 Ernser Square Suite 675\nSandyshire, KY 65913-2273','1-770-183-8285',NULL),
	(104424655,'Werner','Kemmer','246 Maryse Vista Suite 357\nEusebioburgh, WI 18116-4464','+50(1)1192342693',NULL),
	(111176567,'Cassidy','Schulist','2657 Enola Junctions\nAidenbury, AR 19325-7322','1-459-442-7185',NULL),
	(113698177,'Frankie','Weimann','82587 O\'Connell Extensions Suite 717\nNorth Emanuelville, PA 12410-7860','922.510.3784x944',NULL),
	(115497964,'Cierra','Hahn','83990 Elian Pass\nHollieton, MT 90706','193-963-0822x204',NULL),
	(121324514,'Cleveland','Jakubowski','0431 Amparo Haven Suite 421\nMylenetown, WI 52087-1619','1-210-479-3104x29508',NULL),
	(123476012,'Brant','Nikolaus','4126 Dickinson Fall\nWest Norwood, MD 85523','969-019-6272x86033',NULL),
	(127204514,'Tierra','Wilderman','6400 Wilfred Pike Apt. 828\nNew Ernestoview, LA 38194','167.317.9969',NULL),
	(130390845,'Wilfrid','Swaniawski','623 Carroll Walks Apt. 300\nEast Trevaberg, NE 61705-6861','712.082.1343x283',NULL),
	(132132638,'Cassidy','Rempel','040 Arvilla Springs\nWest Minnie, MD 88956','860-192-0950',NULL),
	(134177454,'Estevan','Moen','1280 Leannon Underpass\nHarristown, NY 82725-1814','+91(4)4115237345',NULL),
	(136907459,'Katlynn','Marquardt','73074 Dare Turnpike Suite 460\nRyanville, HI 88699','837.526.0576x54843',NULL),
	(139554756,'Hattie','Collier','6557 Alexanne Trail Suite 831\nPort Javier, AR 04245-1074','971-180-8949x09242',NULL),
	(140805964,'Polly','Padberg','484 Giovanny Plains Apt. 624\nNorth Kathryne, WY 28070-9788','(605)236-4491',NULL),
	(143195821,'Zelma','Lehner','29456 Kshlerin Park Suite 883\nNew Maiya, MO 60671','582-396-2240x1528',NULL),
	(154014537,'Coralie','Doyle','504 Simonis Cove Apt. 488\nLoriside, WA 44132-5427','132-395-1586x4440',NULL),
	(156957873,'Duane','Huel','9315 Prudence Pines\nPort Halie, NY 16456','1-605-192-6120x0348',NULL),
	(168383462,'Winston','Schuster','48803 Justus Forks Suite 524\nSouth Gerhardstad, WA 50281-4888','(686)466-2514x25160',NULL),
	(168994677,'Macie','Walsh','01346 Weston Crossing\nSouth Markmouth, NJ 10262-3709','00664749988',NULL),
	(170606167,'Marie','Swaniawski','638 Mitchell Pine Apt. 995\nAurelieside, MI 45520','(679)297-3972',NULL),
	(172108559,'Hortense','Cormier','9886 Ophelia Lodge\nNew Dylan, HI 42802','621-253-8253x254',NULL),
	(177154271,'Lempi','Kovacek','97919 Sibyl Springs\nCorwinmouth, NY 53739-4159','192-908-7090x00035',NULL),
	(177493849,'Verona','Walker','21814 Ignatius Mount Suite 097\nWest King, SD 40554-9746','(907)181-7567x0054',NULL),
	(178170764,'Garth','Skiles','296 Renner Mount\nMyrtismouth, CA 88305','+64(2)1439156076',NULL),
	(180314921,'Rickey','Mayert','293 Hansen Views Suite 890\nNorth Max, WI 36566-1788','870.767.2750x95637',NULL),
	(185581933,'Emelie','Emmerich','347 Elizabeth Meadows Suite 969\nWest Kaleyburgh, MT 82811','906.910.5635x644',NULL),
	(187865156,'Pattie','Jenkins','253 Cummerata Turnpike Apt. 963\nBruenchester, KS 11729','074.310.3381',NULL),
	(189032907,'Vaughn','Altenwerth','52547 Richie Way Apt. 495\nAnnalisetown, PA 48071-8569','1-396-934-0966x902',NULL),
	(189254733,'Verlie','Maggio','2949 Harber Ford Apt. 008\nNew Billiehaven, MI 99774-3714','1-352-785-0353x332',NULL),
	(199493404,'Mozelle','DuBuque','28733 Rice Freeway\nNew Yasmeen, OK 25277','1-911-303-0192',NULL),
	(202352202,'Theodore','Hirthe','1993 Kirstin Canyon\nSouth Wyatt, PA 14389','(375)831-0904x74625',NULL),
	(203332900,'Delphine','Rutherford','154 Sipes Dam\nNew Mariechester, CT 67743-4486','343-342-4427',NULL),
	(203563066,'Luna','Quitzon','0945 Stephania Path\nEast Coy, DE 10697-6469','(009)167-1994x8100',NULL),
	(204244686,'Stephania','Russel','157 Anjali Ridge\nUptonland, NM 15597','+61(7)0951953568',NULL),
	(207171529,'Emie','Lindgren','15456 McLaughlin Points\nPort Athena, AR 67289','(296)001-9650',NULL),
	(209220182,'Savion','Mohr','171 Haag Radial\nIsaacmouth, TN 35949','(277)364-8864x208',NULL),
	(209534119,'Elwyn','Schmidt','56956 Lavina Shoal\nAlexandrineville, FL 45105-5541','184-368-9644x558',NULL),
	(215330284,'Jarrod','Kirlin','867 Xander Turnpike\nHarrybury, ME 15961-4874','(683)890-1777x2973',NULL),
	(216000237,'Cletus','Klein','41071 Vivienne Locks\nLake Camren, MN 40433','504-844-5189',NULL),
	(218190438,'Kurt','Lynch','741 Anabel Pike Apt. 117\nBayerburgh, NV 57367-2710','+98(2)9698848773',NULL),
	(222393951,'Jimmy','Hettinger','79194 Johns Valley Suite 444\nOberbrunnerland, UT 46896','(756)836-3839x04481',NULL),
	(228696903,'Kellen','Kiehn','972 Stefanie Ridge Apt. 839\nWest Johnfort, KS 86456','962.364.1250x08531',NULL),
	(229248138,'Raven','Gerlach','35176 Rhianna Garden\nEast Pinkie, WV 11407-6497','581.886.5442x129',NULL),
	(238387578,'Zoe','Hessel','8267 Greenfelder Brook\nSouth Vincenza, IN 73147','(904)504-9654',NULL),
	(238617203,'Leonard','Russel','495 Schaefer Crescent\nFayeland, NJ 38176-8819','183.828.4671x3671',NULL),
	(240537183,'Joelle','Howe','7879 Briana Underpass Apt. 836\nLake Chaimhaven, IN 26618-4173','1-938-211-5098',NULL),
	(241670439,'Elliott','Lakin','506 Rogahn Stream Suite 060\nEast Camilleport, CT 08550-1825','1-853-126-6257',NULL),
	(243284158,'Maryam','Considine','0266 Cremin Point Apt. 940\nMarianabury, MD 65414-8136','03648393695',NULL),
	(245027490,'Gayle','Ebert','4981 Halvorson Isle Suite 177\nEast Clairshire, AL 55901-8540','688-282-2766x3731',NULL),
	(245576362,'Elsa','Pollich','546 Evangeline Prairie Apt. 204\nNorth Sincerefurt, OR 76715','126-966-0907',NULL),
	(246198798,'Hollis','O\'Reilly','97829 Tabitha Motorway Suite 930\nWest Amara, UT 08367','200-453-7529x129',NULL),
	(248513408,'Petra','Mraz','729 Beahan Ramp Apt. 020\nNorth Edmund, NY 94402','(366)074-6965x94910',NULL),
	(249073208,'Heaven','Kunze','9198 Stracke Stream Suite 186\nHartmannborough, LA 29959','606.672.7204',NULL),
	(249424790,'Uriel','Pacocha','74164 Parker Stream\nLake Nonastad, FL 24244','169-784-3191x8452',NULL),
	(249775814,'Hardy','Marvin','13348 Bergnaum Overpass\nPort Richiebury, MO 78308-3039','(103)704-2084x1868',NULL),
	(251979457,'Fabiola','Leffler','22538 Nathaniel Street Suite 985\nPort Iliana, WI 27604-0136','375-213-2000x8822',NULL),
	(253216189,'Luz','Lind','79448 Reginald Street\nConroyport, WI 63215','1-002-018-9933x9940',NULL),
	(257040076,'America','Stanton','0847 Elliot Expressway Suite 297\nWest Timmothyhaven, IL 82475','+03(4)4810562061',NULL),
	(261080239,'Maudie','Schinner','4006 Farrell Plains Apt. 219\nLake Luciano, AK 58333-9774','(920)062-5190x1916',NULL),
	(267339620,'Thalia','Legros','36369 Saige Harbor\nNew Alivia, MO 63768','(800)980-7768',NULL),
	(267538129,'Felton','Torp','93853 General Ferry Suite 094\nBoscoland, DC 07497','004.416.0835x921',NULL),
	(270980091,'Marcelo','Collins','74272 Logan Stravenue\nSouth Malinda, NY 83605','(816)476-9564x35016',NULL),
	(276417106,'Cody','Gerhold','96325 Jerde Meadow Suite 796\nNorth Meggie, MI 02661','153-068-3634x1525',NULL),
	(277534116,'Destiney','Effertz','4232 Marilyne Ports Apt. 926\nNew Orlandostad, WY 23316','1-182-024-8000',NULL),
	(279107164,'Donna','Davis','8702 Nia Common Suite 502\nEast Ahmed, AR 32936-0528','+30(2)2598574017',NULL),
	(284633396,'Keira','Gottlieb','3972 Jones Views\nDonnellyshire, WI 94006','1-448-759-5210x3175',NULL),
	(288254557,'Margarette','Sporer','69819 Orlando Light\nLionelfurt, MD 33145-3369','(586)488-5204',NULL),
	(297675120,'Reina','Kulas','60883 Larson Meadow\nOndrickaberg, AL 34216-1159','+98(5)4828901775',NULL),
	(302489578,'Rhea','Runte','76089 Wilderman Branch Suite 858\nBarrowshaven, MD 50344','598-436-1828x01226',NULL),
	(302825655,'Margret','Veum','2039 Weimann Plaza\nBirdietown, UT 57051','08050527115',NULL),
	(306994480,'Celia','Harris','522 Emery Forge Apt. 557\nCourtneystad, NV 40895-2583','1-924-975-3696x5686',NULL),
	(307612699,'Austyn','Abshire','1069 Santina Parks\nHailietown, OH 29210','+14(6)4858056577',NULL),
	(310038256,'Green','Mayer','67275 Annabell Harbor\nNew Erikfurt, LA 14589-4973','435.972.2264',NULL),
	(310462849,'Jalyn','Upton','075 Purdy Trail Apt. 734\nNew Kendall, TX 07041','1-865-274-8750',NULL),
	(314280924,'Mae','Jones','080 Adolphus Walks\nHarberside, AK 64079-8742','1-910-326-0532x1726',NULL),
	(315205797,'Christina','Hahn','39151 Caroline Valleys\nHeathcoteberg, VA 64799','1-022-623-4790x773',NULL),
	(315448964,'Briana','Murazik','51109 Emmerich River\nFlorencioborough, OH 47761-8046','508.992.6375x6273',NULL),
	(322892336,'Brian','Boehm','881 Turner Route\nNew Haleigh, MI 64217','+97(0)7591104063',NULL),
	(324593188,'Roman','Lueilwitz','174 Huel Forks Apt. 012\nHesselmouth, CO 33399','09874434672',NULL),
	(324941167,'Estelle','Turner','17680 Ismael View\nDarrellhaven, VT 84347-9399','1-464-922-2227',NULL),
	(325326109,'Bernardo','Morar','0648 Jaskolski Brook\nEast Ryderville, MT 35925','596-833-4159x3778',NULL),
	(327581608,'Maximillian','Schiller','09921 Windler Run\nO\'Reillyview, NE 17135','1-164-264-3213',NULL),
	(331388774,'Brandt','Bogisich','600 Randy Ville Suite 176\nWest Magalimouth, KS 73521','097-065-4114x1096',NULL),
	(331529084,'Trisha','Connelly','848 Liana Row Suite 287\nMurraymouth, KS 58614-8391','315.249.5838',NULL),
	(332372033,'Cyrus','O\'Hara','487 Tanya Pines Apt. 097\nDouglasmouth, HI 27989','1-002-939-1718x8081',NULL),
	(333236003,'Avis','Maggio','4891 Lueilwitz Light Apt. 757\nIsabelleburgh, DC 87096-6363','+26(5)4115755990',NULL),
	(333966392,'Peter','Mueller','93150 Kimberly Gardens Apt. 190\nMatildeberg, SD 49608-6364','1-763-032-2781x9474',NULL),
	(337951785,'Curt','Schmeler','152 Myron Ranch\nSpencerstad, IN 63208','193-468-2778',NULL),
	(338502355,'Francis','Hamill','990 Helmer Lane\nKovacekville, OR 25300-6652','07564954990',NULL),
	(339849819,'Alyson','Braun','949 Elouise Station\nWest Graceberg, WV 04810','033-388-2136',NULL),
	(340341899,'Micaela','Schinner','831 Aufderhar Row\nWest Darionmouth, DE 75118','(269)189-9794',NULL),
	(349611297,'Caitlyn','Koelpin','52895 Yundt Bridge Apt. 244\nPort Hassieton, NY 37104-1351','1-243-382-7042',NULL),
	(351705427,'Cloyd','Corwin','1805 Dortha Burgs\nNorth Cyrusfort, WI 01479-4033','03190798358',NULL),
	(352854445,'Emmitt','Hamill','203 Dooley Hill\nSouth Emory, PA 17693','(697)989-4995x29447',NULL),
	(358789664,'Jack','Murphy','58257 Zboncak Rue\nNorth Eleazarton, IA 74603-6276','142-663-7609x775',NULL),
	(359999007,'Lilyan','Witting','23164 Bianka Islands\nSouth Rickyshire, HI 64502-2808','148-866-8357',NULL),
	(364269321,'Sammy','Fritsch','2981 Jarret Fork\nNorth Thad, OH 70481','507-736-9177x631',NULL),
	(368771567,'Lambert','Mitchell','574 Abelardo Motorway Suite 241\nNorth Zachary, TN 69900-0756','+69(5)1162156952',NULL),
	(369412024,'Verda','Buckridge','3729 Willa Ford\nAprilstad, MO 68043-9470','(927)002-0241',NULL),
	(375410921,'Emie','Stamm','7359 Lorna Shore Apt. 242\nBennyfurt, ME 53627-5359','583.552.4412',NULL),
	(377566192,'Leanna','Grimes','64049 Kozey Trail\nBotsfordchester, IL 85659','592.071.8388x3492',NULL),
	(379371744,'Simeon','Schumm','04635 Vanessa Track\nLake Elmerfort, SD 99768-3476','335.165.6020',NULL),
	(388292251,'Mariane','Corkery','73881 Crooks Junctions Apt. 226\nConsidineville, NM 62419-4840','(450)538-7599',NULL),
	(392729226,'Maxime','Herman','3474 Misty Plains Suite 659\nPfannerstillfort, SC 77387','705.985.3343x2869',NULL),
	(395767277,'Stacey','Waters','821 Rowe Freeway\nToyside, LA 76584-0474','07188190602',NULL),
	(400466427,'Tatum','Schimmel','5023 Cary Walk\nWaterstown, CO 27276-9666','1-996-522-1521x76352',NULL),
	(407299558,'Cara','Nienow','4795 Bauch Pines\nMarilynebury, ID 68922','(618)200-6497x2139',NULL),
	(417888159,'Zechariah','Conroy','7350 Konopelski Mission Apt. 625\nHubertton, ID 02790','122-344-9787',NULL),
	(418193988,'Tracy','McDermott','74731 Rosemary Ways\nHoseaside, MA 83386','982-815-7288',NULL),
	(421009646,'Francis','D\'Amore','70894 Johns Squares Suite 221\nPort Shanieburgh, AR 42161-4918','768-566-7287',NULL),
	(428186985,'Abraham','O\'Reilly','382 Koss Lake\nWest Nicholaus, MS 23394-2488','811-168-6586',NULL),
	(429985299,'Dimitri','Morar','358 McKenzie Burgs\nPort Forrestshire, SD 55889','508.354.8037',NULL),
	(431733249,'Norbert','Reichel','8238 Bryce Springs\nLeathaberg, CT 42086-7844','(350)790-7255x7668',NULL),
	(431963671,'Rozella','Hegmann','8008 Bruen Lakes\nLake Jannie, OK 07863','151.153.8899x98227',NULL),
	(436278833,'Bernadette','Yost','155 Ezekiel Circle Suite 489\nJohaven, SD 22893','948.955.7661x16132',NULL),
	(440095914,'Yasmine','Bergnaum','67947 Koch Brook\nKristinaville, CO 28176','148.471.1256x6800',NULL),
	(443246238,'Esperanza','Sanford','49445 Armstrong Street\nLake Raegan, NY 06932-3833','(909)027-0387x485',NULL),
	(444606435,'Baron','O\'Reilly','43387 Corwin Stream Apt. 117\nRennerburgh, NV 78913','(036)009-7213x2658',NULL),
	(444729836,'Michelle','Thiel','3825 Lesly Fork Apt. 615\nSouth Priscillaview, NJ 17754-1032','1-140-175-4198',NULL),
	(445638355,'Elsie','Monahan','32861 Kendrick View Apt. 668\nWest Cleora, NE 96105-9072','024-430-8579',NULL),
	(446976751,'Crawford','Glover','61444 Yost Shoal Apt. 146\nPort Maceyhaven, NC 46031-9812','1-916-389-6868',NULL),
	(447741681,'Cali','Hessel','8925 Hermiston Park\nArchibaldhaven, NH 28146-7117','706-984-4291x4987',NULL),
	(452442621,'Kara','Walter','878 Sawayn Summit\nMaureenbury, ID 33744','593-527-9931',NULL),
	(456651154,'Candido','Kris','7603 Streich Harbor\nThompsonside, MI 48167-9461','1-247-420-7922x2305',NULL),
	(460785776,'Kailyn','Gaylord','058 Armstrong Coves Apt. 962\nLorinefurt, DE 13693','839.910.4136x4227',NULL),
	(467281887,'Ashlee','Zemlak','7004 Quitzon Parks\nEast Dee, VT 63872','650.039.9225x85790',NULL),
	(468094260,'Fatima','Buckridge','1976 Aufderhar Neck Apt. 362\nNorth Lempi, CA 02825-0051','(389)336-7796x3871',NULL),
	(468793146,'Linnea','Fahey','398 Reid Tunnel\nZoilastad, NC 19480','(907)977-6457x763',NULL),
	(474961249,'Cordie','Simonis','26320 Keebler Mill Apt. 303\nIsactown, SD 21853','(330)302-0660',NULL),
	(475127752,'Brenden','Zboncak','11293 Cormier Land Apt. 355\nPort Taurean, DC 84953-4395','1-307-090-4983',NULL),
	(475859708,'Reina','Mayert','276 Kulas Points Apt. 980\nEast Darronland, WV 86388','(631)473-0092',NULL),
	(482825671,'Caitlyn','Collier','1763 Pouros Walk\nLake Martine, NH 53272-6245','(788)136-0620',NULL),
	(483478032,'Madonna','Smitham','179 Catharine Square Apt. 480\nModestaton, SC 88486','1-092-695-1714',NULL),
	(493759483,'Glenna','Ward','466 Ruby Centers Suite 826\nDejuanside, MA 82445-3113','083.270.8741',NULL),
	(495140619,'Albertha','Shanahan','758 Leannon Harbors Suite 004\nKassulkefurt, MN 86452-2759','(596)050-6303x94797',NULL),
	(502357353,'Rhett','McDermott','85150 Cruz Common\nSouth Violet, MA 90441-2706','993.122.3791x667',NULL),
	(504978154,'Darrion','Cormier','253 Alex Track Apt. 997\nJanisburgh, NV 95039-9528','174.955.3514x27570',NULL),
	(506274012,'Lelah','Mueller','0234 Zetta Mountains\nEast Janick, ME 04170-1381','(680)528-6389',NULL),
	(511019475,'April','Stamm','07219 Zulauf Villages Apt. 937\nNorth Leilaborough, IL 77619','(879)982-2232',NULL),
	(513355337,'Carolanne','Little','508 Edward Curve Apt. 563\nLake Arlenemouth, OK 25983-3022','(680)759-8250',NULL),
	(515478170,'Alf','Moen','97714 Jadyn Forge\nEast Isidrochester, UT 50785','+79(7)7294111769',NULL),
	(516959659,'Angelina','Marvin','70343 Douglas Coves\nLittletown, MS 15821','+43(4)3400345514',NULL),
	(519195124,'Carrie','Predovic','06436 Paxton Orchard\nLake Laurianne, DC 86805','(222)613-5967x8234',NULL),
	(522855495,'Imogene','Cassin','15819 Lennie Field Apt. 782\nKochton, CT 89261-9120','1-683-873-0048',NULL),
	(523116367,'Saige','Murazik','748 Lily Inlet Apt. 803\nWest Cassidy, NC 36017','022-713-6719x0779',NULL),
	(525276071,'Noe','Monahan','576 Demetris Highway Suite 281\nWest Gerardburgh, OH 87010','001-305-7761x96352',NULL),
	(527158955,'Jessika','Witting','285 Conor Harbor Apt. 885\nEast Carlos, AK 89606','520.684.3556x42592',NULL),
	(527693000,'Jayme','Brown','38215 Batz Run Suite 958\nAlphonsohaven, HI 57133-3363','(334)528-1502',NULL),
	(529929182,'Virgie','Rutherford','486 Heller Estates Apt. 242\nLake Billburgh, HI 67821','650-582-7771',NULL),
	(537120612,'Dahlia','King','789 Lue Plaza\nNew Guido, KY 48268','672.444.8631x50645',NULL),
	(543057160,'Lupe','Donnelly','317 Kulas Dale Suite 721\nBreitenbergstad, MT 85748','631-548-4278',NULL),
	(543060955,'Kiarra','Ebert','480 Kendrick Ridge Apt. 331\nVerniceport, RI 67707-3536','1-945-661-2695x76028',NULL),
	(543097755,'Marietta','King','42068 Vito Garden Suite 021\nHermanchester, WA 02542-4033','884.215.7269',NULL),
	(543412914,'Victor','Berge','40213 Jacobson Mews\nSimmouth, VA 01623','1-038-895-8746x5225',NULL),
	(547962811,'Tyrique','Murray','586 Aurelie Squares\nAlvahburgh, TX 05004-4123','+41(7)6293418409',NULL),
	(549052928,'Russel','Prohaska','19101 Lubowitz Street Apt. 070\nPeterton, WV 15541','944.856.6782x11624',NULL),
	(549196484,'Imogene','Cruickshank','82568 Estell Prairie\nTabithaview, IL 00905','(406)151-3654x954',NULL),
	(551892237,'Domenick','Dibbert','26028 Volkman Street\nRonnyberg, LA 72673','+64(6)9253194980',NULL),
	(552120351,'Camren','Ziemann','377 Grady Mills Suite 916\nHermanport, OK 35789','(525)111-5550x407',NULL),
	(557388441,'Ari','Lynch','94761 Toy Common\nLake Xander, MN 59630','688-147-2646',NULL),
	(559394780,'Addison','Harvey','7285 Wiegand Centers Suite 248\nLake Candacefurt, OK 86737-6188','1-632-073-7444',NULL),
	(561105659,'Daphney','Collier','52244 Brian Street\nPort Omerfort, NM 30554','1-925-347-3464x4882',NULL),
	(564610604,'Winfield','Schumm','459 Jett Gateway\nPort Jamaal, MO 64413-2586','195-796-5713x56661',NULL),
	(565155956,'Dereck','Mohr','56001 Carlotta Walks Suite 431\nBricebury, MA 04472','02610582585',NULL),
	(567838726,'Braeden','Kling','07776 Theron Track\nClarabellebury, IN 43382','1-231-923-8312x35494',NULL),
	(568319850,'Dorothy','McCullough','56162 Kiehn Isle Apt. 218\nSawaynmouth, MA 20752','618.728.1722x91428',NULL),
	(568636535,'Elda','Weimann','0030 Runolfsdottir Heights\nRomainestad, OH 10639-9743','(001)613-9518x432',NULL),
	(576178565,'Christophe','Wilderman','7981 Kiana Passage Apt. 002\nNew Marcohaven, AR 61927-4086','1-576-399-2316',NULL),
	(581339274,'Hubert','Hermann','739 Darren Ports Suite 741\nWest Chloeshire, KS 29575','754.006.3738x18977',NULL),
	(588231286,'Waldo','Stanton','967 Wolf Lock Apt. 532\nTreutelport, IN 00169-2985','(216)020-5030',NULL),
	(591095572,'Deron','Fahey','4250 Rodriguez Lakes\nKimmouth, RI 75778','517-402-2664',NULL),
	(596699026,'Sanford','Becker','1499 Shanahan Parkways Apt. 975\nSouth Orvalview, NE 56309','+32(6)1364029935',NULL),
	(598102132,'Mittie','Boehm','081 Runolfsson Port Apt. 845\nBethanymouth, CA 44477-1632','1-466-801-0973',NULL),
	(612803124,'Geovany','Orn','0396 Hazle Estate Apt. 624\nBlickfurt, AK 10820','930-159-2189x6550',NULL),
	(615699908,'Dorthy','Veum','3170 Stokes Knoll Suite 327\nPort Orlobury, OR 41092-2804','150-992-0027x1712',NULL),
	(615890683,'Winfield','Hilll','9811 Hermiston Trail\nLake Spencershire, CO 64518','1-030-214-8321x6901',NULL),
	(617538320,'Mariane','Kuhn','01984 Okuneva Mountain Apt. 078\nAdrienmouth, MT 92850','259.785.3864',NULL),
	(620034925,'Maynard','McClure','8190 Cole Divide Suite 539\nD\'Amorefort, GA 04606-6911','656.664.3882',NULL),
	(621559881,'Brad','Ortiz','773 Hilpert Avenue Suite 011\nSouth Bennieport, DE 97025','925.700.5088x78191',NULL),
	(621913208,'Cecelia','Mitchell','075 Pagac River Apt. 063\nNorth Jonathon, MI 89713-0770','03538928106',NULL),
	(622025555,'Alysson','Bednar','350 Makayla Meadows Suite 418\nDickimouth, MI 24926','381-750-7681',NULL),
	(623656076,'Bertrand','Leuschke','928 Twila Trafficway\nNew Zachariah, MO 55164-8914','07222331471',NULL),
	(623861220,'Aiyana','Douglas','91069 Mollie Orchard\nNew Brandtside, MD 97056-7634','1-237-725-1346x834',NULL),
	(627340636,'Zula','Steuber','42419 Leuschke Bridge\nSouth Ashlynn, MO 12442-8483','001-055-8956x826',NULL),
	(631934064,'Kolby','Doyle','542 Rosina Spring\nZemlaktown, FL 98913-4794','1-611-206-0791',NULL),
	(634852388,'Marilie','Kunde','6349 Royce Mission Suite 425\nWest Raphaelle, MA 57734','08053655538',NULL),
	(637101474,'Jovani','Hoppe','9075 Kunde Courts Apt. 609\nNew Sandrastad, MA 18294-8965','455-013-2145',NULL),
	(638504879,'Hilma','Kohler','65840 Kameron Road\nVolkmanmouth, KS 66997','390-334-7564x1634',NULL),
	(639373877,'Vergie','Morar','0925 Kassulke Squares\nPort Tobystad, FL 64570','761.404.8822x5775',NULL),
	(646933011,'Clint','Koss','385 Connelly Islands Suite 381\nHarveybury, AR 75387-6778','428.252.7282',NULL),
	(655449553,'Marcus','Watsica','9203 Heller Burg Apt. 704\nCummerataport, WI 21303','(707)401-2344',NULL),
	(658538173,'Meaghan','Tremblay','25357 Jacobs Oval Suite 360\nNorth Corbin, TX 18465','1-124-399-1110',NULL),
	(660743966,'Keven','Beahan','17077 Senger Lock Apt. 518\nLake Lionel, CT 30004-0614','384-005-3275x71811',NULL),
	(661180444,'Ward','Conroy','1950 Ondricka Centers\nEast Dolores, WI 60522-8401','1-748-836-4727x88345',NULL),
	(662558390,'Fannie','Jaskolski','826 Haylie Way Apt. 389\nRogahnport, DE 87993-2774','760-252-8716',NULL),
	(665265844,'Gabriella','Flatley','02062 Emmerich Loaf Suite 986\nHilpertshire, RI 74956','721.368.6562',NULL),
	(667324071,'Christian','Koelpin','558 Schoen Rue\nEldredside, CT 05155','572.271.9940',NULL),
	(671212640,'Piper','Howe','8129 O\'Keefe Cove\nNorth Otho, NM 52718','(634)693-0289x68744',NULL),
	(672373936,'Naomie','Reynolds','16535 Thompson Villages Apt. 251\nNorth Holliston, ID 49467-6727','1-180-047-5263',NULL),
	(676186931,'Waylon','Dooley','0339 Lilian Creek Suite 336\nEast Aaronmouth, CO 03365','(284)404-5578x692',NULL),
	(680074389,'Melvina','Farrell','7102 Evie Mills Suite 950\nAltenwerthstad, UT 70093-3349','736.418.9575x067',NULL),
	(680491147,'Davin','Senger','052 Angel Gateway\nEarleneborough, KY 14894','202.598.6168',NULL),
	(685488345,'Walker','Lang','982 Gulgowski Loop\nHauckberg, MI 27365','610-488-2471',NULL),
	(696950409,'Gust','D\'Amore','763 Elmore Fords Suite 274\nNorth Dewitt, MA 50615','1-326-701-1871x8916',NULL),
	(703687405,'Layne','Kuhn','9152 Friesen Expressway Apt. 194\nPort Odie, MN 69158','05581769973',NULL),
	(708226462,'Mae','McDermott','7673 Rylan Ford\nMaribelberg, OR 88533','807.390.0837x8133',NULL),
	(714747280,'Elbert','Zulauf','402 Vivian Forges Apt. 789\nLindgrenborough, RI 33454','634-504-4144x19491',NULL),
	(716465801,'Alyce','Lehner','9755 Considine Lane Suite 989\nJessiestad, IL 02733','1-726-573-6113x96339',NULL),
	(717342691,'Velma','D\'Amore','4924 Okuneva Falls Suite 138\nNew Quintenchester, DE 64651','042.579.3318x73296',NULL),
	(717875749,'Malachi','Hackett','4213 Lexi Knoll Suite 083\nNew Norval, HI 04181-1832','(870)689-7661x7990',NULL),
	(720624959,'Jamey','Lowe','53998 Damian Turnpike Suite 580\nReillytown, AK 01787-4283','(644)985-7887',NULL),
	(723468698,'Eli','Medhurst','355 Jacobi Key Apt. 022\nNorth Janet, ND 87688-2423','(738)814-6796',NULL),
	(723856647,'Jada','Johnston','689 Reece Field Suite 784\nPort Emilio, MI 72535-3896','851-884-4633x025',NULL),
	(724634350,'Kavon','Gerhold','01272 Casandra Square\nTerrillview, AZ 02409','694.565.4609x7488',NULL),
	(730127405,'Rachelle','Hermann','278 Malika Motorway\nDionfurt, AL 34197','1-573-767-7990x6020',NULL),
	(733420292,'Trisha','Kerluke','287 Johns Curve\nEthelberg, WY 98718-6636','968.936.3640x774',NULL),
	(736115653,'Leta','Moen','08026 Bashirian Burg\nFreddyhaven, HI 81481-0035','(140)229-4441x8178',NULL),
	(736187482,'Elwin','Douglas','92697 Nolan Glens\nRheaburgh, OK 34956','+45(4)4344342675',NULL),
	(739033280,'Niko','Hoppe','661 Rosalind Glen Apt. 012\nRomaguerahaven, KY 80270','(744)584-3071x000',NULL),
	(743796513,'Javonte','Walsh','32977 Jane Alley\nPort Brannon, ND 83905','229-739-9825',NULL),
	(747052885,'Eda','Glover','95639 Goyette Way\nPort Kaylin, MI 88555-6586','940.487.8302',NULL),
	(747126840,'Mattie','Hermann','1132 Brooklyn Expressway\nMarkville, WY 50967-1869','621.448.2527',NULL),
	(751912914,'Zoey','Lebsack','2234 Lucile Way\nEast Reedshire, AR 70247-8084','093-664-3808x099',NULL),
	(755535962,'Janelle','Hahn','0465 Johnson Valley\nLake Alexanemouth, IN 17483','+78(8)1516356512',NULL),
	(760759304,'Lucas','Bartell','679 Jazmin Circles\nSouth Albinachester, CT 69608','(578)019-2743x0047',NULL),
	(762341848,'Emery','Morar','583 Brandon Station Apt. 684\nGlennaborough, WA 08526','720-917-7858',NULL),
	(764321437,'Tabitha','Hermiston','0344 Shanelle Spur\nMurazikfort, RI 73601','758.259.4732',NULL),
	(767977255,'Rhoda','Nikolaus','313 Williamson Mountain\nJaymeshire, NM 15814-2984','(557)495-1614x7854',NULL),
	(768403042,'Greta','Gutmann','040 Ruecker Landing\nGusikowskimouth, NM 65636-7988','(405)868-5330x6956',NULL),
	(769115564,'Archibald','Gleason','610 Joy Curve Apt. 908\nGrantfurt, NV 40606','1-208-069-8931x35662',NULL),
	(770343781,'Mustafa','Lindgren','5658 Carmine Plaza\nNew Mazietown, VA 82293','771.222.7498x5424',NULL),
	(775058959,'Elizabeth','Waters','36569 Schumm Tunnel\nMaggiobury, VA 79172','898-108-9205x783',NULL),
	(782348678,'Nyasia','Wilderman','5786 Lemke Expressway\nUllrichview, RI 23354-6152','(973)603-6791x162',NULL),
	(785196289,'Mikayla','Harber','129 Mante Trail Suite 595\nBoscoport, GA 76393','079.989.1451',NULL),
	(786231629,'Arch','Jacobson','694 Catharine Street\nRathberg, HI 31122-4136','547.534.2886x5241',NULL),
	(791306159,'Amber','Jast','979 Grimes Village Apt. 793\nAdalineside, LA 80424','02991296521',NULL),
	(793886848,'Gunner','Gottlieb','2412 Dion Wells\nWest Craig, NH 87055-1743','708-983-3021x011',NULL),
	(804552872,'Ronaldo','Champlin','93992 Marietta Manors\nPacochafort, NJ 31670','325.824.5835x799',NULL),
	(807106767,'Terence','Farrell','57417 Hettinger Garden Apt. 835\nRolfsonbury, WY 25497','+31(6)3443291037',NULL),
	(809372813,'Kaelyn','Dibbert','0493 Cristian Meadows Apt. 850\nProsaccohaven, OR 00031','980-215-0172x674',NULL),
	(812619566,'Jaclyn','Cole','60266 Elenora Corners\nWest Toby, NC 54615','01628841471',NULL),
	(819800779,'Berenice','Kirlin','764 Baylee Drives Suite 906\nLitzyberg, OR 64541','(873)816-7113x7447',NULL),
	(821444277,'Hollie','Powlowski','31925 Leuschke Field Apt. 522\nHuelchester, TN 01282-9122','(599)517-3639',NULL),
	(823745881,'Greta','Littel','4505 Darrion Estate\nSouth Maximillia, VA 22152','954.684.7661x60245',NULL),
	(823957249,'Joe','Volkman','5841 Bridie Estates Suite 865\nEdmundborough, MA 70910-4778','682-751-3320x0080',NULL),
	(824581848,'Everett','Mann','81298 Streich Island Suite 068\nSouth Darrionchester, ND 33942-1179','06742550800',NULL),
	(829347609,'Clovis','Howell','038 Effertz Canyon\nWest Sammieland, WV 53751','134-394-2455x40358',NULL),
	(830815136,'Steve','Bergstrom','44507 Morris Hills\nEast Madonnashire, MO 64530-6924','221-190-7216x2014',NULL),
	(830963441,'Levi','Mohr','606 Corkery Cliff Apt. 564\nNew Caleb, KY 35532-2300','1-048-895-7680x8182',NULL),
	(833375458,'Rosemary','Hettinger','884 Domenick Underpass Suite 435\nNasirberg, MS 82198-5335','234-220-8343',NULL),
	(834432130,'Kellen','Davis','602 Filiberto Points Apt. 839\nRogahnbury, NJ 32947','390-659-0808',NULL),
	(834684165,'Alexandria','Reichert','53944 Hoppe Camp\nEast Lura, NE 91198','(936)780-4248x6140',NULL),
	(840183443,'Aurelia','Sporer','17805 Dickinson Land\nKeonstad, IL 77681-8616','(949)446-8279',NULL),
	(845987510,'Maureen','Morar','032 Wilma Crest Apt. 286\nHenrymouth, SC 90988','1-895-978-3696x877',NULL),
	(846836358,'Aleen','Schamberger','98641 Esta Wall\nKatelynfort, NV 01446','(871)658-3668',NULL),
	(857017588,'Uriel','Zemlak','6915 Ankunding Mountain Suite 969\nSwiftport, CA 90962-5754','(464)795-5061x42787',NULL),
	(857397825,'Ned','Jakubowski','4185 Medhurst Forges Apt. 712\nWillieshire, CA 69823','(515)670-0064',NULL),
	(858177531,'Brianne','Lind','343 Patrick Street\nWest Gayleville, MN 03289-1194','501-219-2356',NULL),
	(859697322,'Karine','Feeney','0294 Kris Estate Apt. 197\nWest Bernardoshire, VA 90930-3242','358-102-4840x983',NULL),
	(859837521,'Lorna','Keebler','63576 Kub Spurs Suite 925\nCamronview, WV 78079-5359','718-554-5280x11101',NULL),
	(860734603,'Aleen','Thompson','58824 Crooks Islands Apt. 694\nNorth Percy, NM 36343-6830','1-406-794-4267x9443',NULL),
	(863488266,'Conner','O\'Conner','47714 Gwendolyn Radial Apt. 089\nPort Grayce, CA 03627','1-746-833-6636',NULL),
	(867749627,'Kailee','Braun','154 Jayce Spring Suite 502\nDickinsonmouth, NJ 45435','+81(4)7224689046',NULL),
	(875513043,'Precious','Rath','0724 Petra Drive\nEast Benny, MA 82409','+73(4)4909129685',NULL),
	(879353316,'Rebeca','Zemlak','14029 Alexys Stravenue Suite 319\nLake Orin, IL 44702','572.772.4326',NULL),
	(881187324,'Clovis','Jacobi','06567 Bins Grove\nNew Salma, DC 84827','949.168.8047x580',NULL),
	(881934106,'Eleanora','Gusikowski','780 Sabrina Knoll Suite 999\nMacejkovicville, MT 41473','639.591.8936x865',NULL),
	(883855680,'Jo','Cronin','6931 Kohler Villages\nLake Charles, AK 42220','962.887.5251',NULL),
	(885304396,'Patsy','Leuschke','1665 Ida Land\nHoweland, AL 52337','(691)384-8716x5294',NULL),
	(890914924,'Audra','Windler','725 Claudia Turnpike\nSouth Emilianoton, WI 18844-2705','1-266-164-7673',NULL),
	(894062387,'Aurelio','McClure','74905 Ullrich Square Apt. 309\nSouth Casper, NV 72317','1-147-777-0287',NULL),
	(901886345,'Zechariah','Haag','388 Princess Dale\nSalmamouth, DC 31218','213-514-0898x48613',NULL),
	(903043474,'Vergie','Jakubowski','728 Tracy Route Apt. 851\nEast Iva, AR 06042-2469','(348)944-1340x917',NULL),
	(907455564,'Yessenia','Prosacco','503 Carmen Views Apt. 758\nLueilwitzview, ID 32432-2868','(079)263-1121',NULL),
	(911624536,'Chaz','Koelpin','96503 Carlos Points\nSouth Delta, IN 45921-1517','1-509-494-6331x8539',NULL),
	(916825299,'Ryder','Nitzsche','107 Macey Stream Apt. 705\nSouth Cyrusfort, WV 51122','1-714-075-1079',NULL),
	(922127751,'Ova','Rippin','68000 Freida Ville\nWest Letitia, TN 26357','798-970-8222x35446',NULL),
	(927382307,'Gudrun','Waters','70582 O\'Conner Parkway Suite 368\nWest Juliahaven, DE 51499-7896','008.246.5471x14751',NULL),
	(928257036,'Shyann','Will','95491 Brown Field\nAnselfort, TN 42870-5767','547.059.5102',NULL),
	(929199586,'Grayce','Padberg','002 Bonnie Grove\nStreichshire, AL 68436-6858','917.453.4150',NULL),
	(933223382,'Flossie','Kovacek','7721 Issac Manor\nGusikowskiberg, MI 68514','166.603.7934',NULL),
	(935684016,'Suzanne','Hegmann','993 Koch Extension\nThielfurt, SC 80737-9481','05247344845',NULL),
	(942730858,'Sibyl','Hane','672 Von Isle Apt. 990\nNew Haylee, NE 75699','(219)691-2814x827',NULL),
	(943109994,'Lazaro','Lynch','8599 Jocelyn Port\nSouth Jennyfer, WV 12907','640.528.9829x161',NULL),
	(943963333,'Verlie','Schaefer','6150 Welch Coves\nLake Hortenseland, NH 67091','565-759-9728x8303',NULL),
	(953315111,'Emil','Wehner','71222 Christiansen Loop Apt. 719\nNew Ravenside, DE 33319-5442','(985)780-6648x21697',NULL),
	(953683180,'Rylan','Douglas','6495 Barbara Vista Suite 507\nJaydabury, NJ 28059','+49(1)5643733214',NULL),
	(962809779,'Quentin','Kilback','85138 Aracely Place Suite 918\nStreichmouth, OR 50019','053.186.6498',NULL),
	(963859772,'Chelsie','O\'Reilly','6721 Schmeler Knoll Apt. 816\nJaquelinehaven, CO 96872','(700)127-6446x50520',NULL),
	(970069188,'Eli','Crist','675 Mackenzie Drive\nSouth Clare, SD 51481-9096','1-905-252-5168',NULL),
	(972707947,'Ramiro','Nitzsche','9289 Wisozk Mission Suite 104\nNew Johnsonport, MN 93571','1-390-372-6944',NULL),
	(973803647,'Anais','Collins','2854 Gilberto View\nNew Michele, WV 79674','996-510-0409x641',NULL),
	(974505672,'Jermey','Crona','77390 Jamir Corners\nEast Sanford, IA 35661-1933','688-293-7583x3284',NULL),
	(976754194,'Elsa','Weimann','1234 Kelsi Drive\nJakefort, WA 74034','004.751.1917x330',NULL),
	(977979113,'Wilton','Weimann','2245 Henry Square Apt. 710\nDorianchester, NH 65560-8916','350.687.3846x367',NULL),
	(979583960,'Dameon','Rodriguez','10776 Spencer Crossing Suite 323\nBenfort, ND 06593-6771','246.152.0391x191',NULL),
	(987526730,'Lilly','Nolan','888 Ahmed Viaduct\nKarlietown, NV 61522-1729','1-822-887-2486x5829',NULL),
	(988585655,'Pauline','Feeney','7366 Jovan Square Apt. 982\nLynchport, RI 73838','348-708-1685',NULL),
	(991245499,'Tristin','Jacobson','8249 Hessel Club\nFlavieshire, VT 99532','302-847-4400',NULL),
	(998676117,'Frederique','Ruecker','737 Gutkowski Mall Suite 061\nWest Delbert, KY 75596-8166','1-668-203-0443x437',NULL);

/*!40000 ALTER TABLE `students` ENABLE KEYS */;
UNLOCK TABLES;



/*!40111 SET SQL_NOTES=@OLD_SQL_NOTES */;
/*!40101 SET SQL_MODE=@OLD_SQL_MODE */;
/*!40014 SET FOREIGN_KEY_CHECKS=@OLD_FOREIGN_KEY_CHECKS */;
/*!40101 SET CHARACTER_SET_CLIENT=@OLD_CHARACTER_SET_CLIENT */;
/*!40101 SET CHARACTER_SET_RESULTS=@OLD_CHARACTER_SET_RESULTS */;
/*!40101 SET COLLATION_CONNECTION=@OLD_COLLATION_CONNECTION */;
