# ************************************************************
# Sequel Pro SQL dump
# Version 4237
#
# http://www.sequelpro.com/
# http://code.google.com/p/sequel-pro/
#
# Host: 127.0.0.1 (MySQL 5.5.37-0ubuntu0.14.04.1)
# Database: university
# Generation Time: 2014-07-01 19:26:32 +0000
# ************************************************************


/*!40101 SET @OLD_CHARACTER_SET_CLIENT=@@CHARACTER_SET_CLIENT */;
/*!40101 SET @OLD_CHARACTER_SET_RESULTS=@@CHARACTER_SET_RESULTS */;
/*!40101 SET @OLD_COLLATION_CONNECTION=@@COLLATION_CONNECTION */;
/*!40101 SET NAMES utf8 */;
/*!40014 SET @OLD_FOREIGN_KEY_CHECKS=@@FOREIGN_KEY_CHECKS, FOREIGN_KEY_CHECKS=0 */;
/*!40101 SET @OLD_SQL_MODE=@@SQL_MODE, SQL_MODE='NO_AUTO_VALUE_ON_ZERO' */;
/*!40111 SET @OLD_SQL_NOTES=@@SQL_NOTES, SQL_NOTES=0 */;


# Dump of table course_prerequisite
# ------------------------------------------------------------

DROP TABLE IF EXISTS `course_prerequisite`;

CREATE TABLE `course_prerequisite` (
  `parent_course` int(11) unsigned NOT NULL,
  `child_course` int(11) unsigned NOT NULL,
  PRIMARY KEY (`parent_course`,`child_course`),
  KEY `course_prerequisite_child_course_foreign` (`child_course`),
  CONSTRAINT `course_prerequisite_child_course_foreign` FOREIGN KEY (`child_course`) REFERENCES `courses` (`number`) ON DELETE CASCADE,
  CONSTRAINT `course_prerequisite_parent_course_foreign` FOREIGN KEY (`parent_course`) REFERENCES `courses` (`number`) ON DELETE CASCADE
) ENGINE=InnoDB DEFAULT CHARSET=utf8;

LOCK TABLES `course_prerequisite` WRITE;
/*!40000 ALTER TABLE `course_prerequisite` DISABLE KEYS */;

INSERT INTO `course_prerequisite` (`parent_course`, `child_course`)
VALUES
	(29348,22434),
	(28391,29348);

/*!40000 ALTER TABLE `course_prerequisite` ENABLE KEYS */;
UNLOCK TABLES;


# Dump of table courses
# ------------------------------------------------------------

DROP TABLE IF EXISTS `courses`;

CREATE TABLE `courses` (
  `number` int(11) unsigned NOT NULL,
  `title` varchar(100) NOT NULL DEFAULT '',
  `textbook` varchar(100) NOT NULL DEFAULT '',
  `units` int(1) NOT NULL,
  `department_number` int(10) unsigned DEFAULT NULL,
  PRIMARY KEY (`number`),
  KEY `department_number` (`department_number`),
  CONSTRAINT `courses_department_number_foreign` FOREIGN KEY (`department_number`) REFERENCES `departments` (`number`) ON DELETE CASCADE
) ENGINE=InnoDB DEFAULT CHARSET=utf8;

LOCK TABLES `courses` WRITE;
/*!40000 ALTER TABLE `courses` DISABLE KEYS */;

INSERT INTO `courses` (`number`, `title`, `textbook`, `units`, `department_number`)
VALUES
	(10020,'CPSC 440 (Computer System Architecture)','A eaque et quia sint quia',2,NULL),
	(10396,'CPSC 541 (Systems and Software Standards and Requirements)','Soluta aliquid eos nisi',4,NULL),
	(10995,'CPSC 315 (Social and Ethical Issues in Computing)','Cupiditate facilis dolor suscipit repellendus voluptatem',2,NULL),
	(12912,'CPSC 120 (Introduction to Programming)','Ut dolorum qui optio distinctio',2,NULL),
	(13927,'CPSC 481 (Artificial Intelligence)','Vero iusto blanditiis optio totam non',3,NULL),
	(14040,'CPSC 335 (Problem Solving Strategies)','Magni voluptatem et voluptates',2,NULL),
	(18373,'CPSC 547 (Software Measurement)','Ipsam vel quia distinctio similique',1,NULL),
	(20083,'CPSC 223 (Object-Oriented Programming Language)','Unde qui doloribus quisquam sunt quidem ex',3,NULL),
	(24588,'CPSC 543 (Software Maintenance)','Molestiae adipisci quasi atque',3,NULL),
	(24713,'CPSC 323 (Programming Languages and Translation)','Sequi dolores modi ut occaecati necessitatibus',1,NULL),
	(28027,'CPSC 351 (Operating Systems Concepts)','Magni beatae laudantium dolor pariatur et',3,NULL),
	(28235,'CPSC 544 (Software Process Definition)','Numquam ut voluptatum hic',2,NULL),
	(28304,'CPSC 542 (Software Verification and Validation)','Vel quos possimus numquam',4,NULL),
	(30591,'CPSC 589 (Seminar in Computer Science)','Aut voluptates unde nobis totam',3,NULL),
	(42764,'CPSC 121 (Programming Concepts)','Distinctio voluptas distinctio sunt',2,NULL),
	(48144,'CPSC 462 (Software Design)','Architecto id consectetur voluptatum facere magnam voluptatum',2,NULL),
	(54090,'CPSC 131 (Data Structures Concepts)','Praesentium pariatur voluptatem ut provident nobis placeat',1,NULL),
	(56971,'CPSC 548 (Professional, Ethical, and Legal Issues for Software Engineers)','Provident aut eligendi nemo',3,NULL),
	(57204,'CPSC 332 (File Structures and Database Systems)','Deleniti sed animi perferendis dolore reprehenderit nostrum',1,NULL),
	(64143,'CPSC 546 (Software Project Management)','Ut qui reprehenderit doloremque fugiat fuga',4,NULL),
	(66420,'CPSC 597 (Project or CPSC 598 Thesis)','Consequatur doloribus blanditiis nam et iste',4,NULL),
	(74497,'CPSC 253U or 254 (UNIX or Open Source Systems)','Voluptas perferendis minus atque ex mollitia minima',2,NULL),
	(77802,'CPSC 362 (Foundations of Software Engineering)','Perferendis debitis repudiandae iste facere enim est',1,NULL),
	(80473,'CPSC 311 (Technical Writing for Computer Science)','Qui natus commodi asperiores blanditiis',4,NULL),
	(81207,'CPSC 440 (Computer System Architecture)','Quod et reprehenderit dolore eligendi dignissimos',3,NULL),
	(84717,'CPSC 471 (Computer Communications)','Quia est sit aut odio',2,NULL),
	(96849,'CPSC 240 (Computer Organization and Assembly Langage)','Animi ipsum necessitatibus et at est minus',2,NULL),
	(98900,'CPSC 545 (Software Design and Architecture)','In iusto aut quam',4,NULL);

/*!40000 ALTER TABLE `courses` ENABLE KEYS */;
UNLOCK TABLES;


# Dump of table departments
# ------------------------------------------------------------

DROP TABLE IF EXISTS `departments`;

CREATE TABLE `departments` (
  `number` int(11) unsigned NOT NULL,
  `name` varchar(100) NOT NULL DEFAULT '',
  `telephone` varchar(20) NOT NULL DEFAULT '',
  `office_location` varchar(50) NOT NULL DEFAULT '',
  `chair_person` int(9) NOT NULL,
  PRIMARY KEY (`number`),
  KEY `department_chair_person_foreign` (`chair_person`),
  CONSTRAINT `department_chair_person_foreign` FOREIGN KEY (`chair_person`) REFERENCES `professors` (`ssn`)
) ENGINE=InnoDB DEFAULT CHARSET=utf8;

LOCK TABLES `departments` WRITE;
/*!40000 ALTER TABLE `departments` DISABLE KEYS */;

INSERT INTO `departments` (`number`, `name`, `telephone`, `office_location`, `chair_person`)
VALUES
	(42849,'Computer Science','(657) 278-3700','CS-522',100833928);

/*!40000 ALTER TABLE `departments` ENABLE KEYS */;
UNLOCK TABLES;


# Dump of table enrollment
# ------------------------------------------------------------

DROP TABLE IF EXISTS `enrollment`;

CREATE TABLE `enrollment` (
  `student_cwid` int(11) unsigned NOT NULL,
  `section_number` int(10) unsigned NOT NULL,
  `grade` varchar(2) DEFAULT NULL,
  PRIMARY KEY (`student_cwid`,`section_number`),
  KEY `enrollment_section_number_foreign` (`section_number`),
  CONSTRAINT `enrollment_student_cwid_foreign` FOREIGN KEY (`student_cwid`) REFERENCES `students` (`cwid`) ON DELETE CASCADE,
  CONSTRAINT `enrollment_section_number_foreign` FOREIGN KEY (`section_number`) REFERENCES `sections` (`number`)
) ENGINE=InnoDB DEFAULT CHARSET=utf8;

LOCK TABLES `enrollment` WRITE;
/*!40000 ALTER TABLE `enrollment` DISABLE KEYS */;

INSERT INTO `enrollment` (`student_cwid`, `section_number`, `grade`)
VALUES
	(103002976,5163,'B+'),
	(103002976,6349,'B+'),
	(103002976,7915,'F'),
	(103002976,9040,'A'),
	(106404276,2723,'C'),
	(106404276,4485,'A'),
	(106404276,5194,'A'),
	(106404276,7537,'C-'),
	(106404276,7798,'D+'),
	(108064475,2509,'C-'),
	(108064475,3343,'F'),
	(108064475,7798,'B'),
	(108064475,9914,'C'),
	(108425326,3335,'B+'),
	(108425326,5733,'B-'),
	(108425326,6050,'B'),
	(108755256,1403,'D-'),
	(108755256,6228,'D-'),
	(108755256,6588,'C-'),
	(108755256,6730,'C-'),
	(108755256,7263,'D+'),
	(108755256,9914,'B'),
	(108807936,2498,'C+'),
	(108807936,5457,'D'),
	(108807936,5685,'C+'),
	(108807936,6050,'D-'),
	(108807936,7466,'F'),
	(108807936,9067,'D-'),
	(109247889,1500,'B+'),
	(109247889,1930,'A'),
	(109247889,2723,'D-'),
	(109247889,4770,'C+'),
	(109247889,7723,'D-'),
	(109583846,1428,'A'),
	(109583846,2810,'D'),
	(109583846,3627,'B+'),
	(109583846,6087,'D+'),
	(109583846,6274,'B'),
	(109583846,9106,'A-'),
	(110204967,1444,'C+'),
	(110204967,2119,'A-'),
	(110204967,2226,'B'),
	(110550689,3293,'A'),
	(110550689,6574,'C+'),
	(110550689,7723,'B'),
	(110550689,8347,'F'),
	(111128921,2498,'D+'),
	(111128921,3022,'B'),
	(111128921,4695,'B'),
	(111128921,5029,'F'),
	(111128921,5045,'D'),
	(111128921,7056,'D'),
	(116700303,4695,'A'),
	(116700303,5045,'C+'),
	(116700303,6760,'B+'),
	(116700303,7651,'A-'),
	(121664097,2108,'B-'),
	(121664097,4183,'A'),
	(121664097,6697,'D'),
	(121664097,7257,'D+'),
	(121669139,1280,'B-'),
	(121669139,4135,'B+'),
	(121669139,6550,'C+'),
	(121669139,9256,'D-'),
	(125294918,4183,'B'),
	(125294918,5457,'C+'),
	(125294918,5533,'B'),
	(125294918,7670,'B'),
	(125294918,8295,'C+'),
	(125294918,9565,'A-'),
	(129839924,2498,'B'),
	(129839924,6050,'C-'),
	(129839924,7099,'B+'),
	(129839924,8678,'A'),
	(138628797,6274,'D+'),
	(138628797,7537,'F'),
	(138628797,8505,'D'),
	(138628797,9373,'B'),
	(138691554,2799,'B'),
	(138691554,3652,'A-'),
	(138691554,5772,'C'),
	(138691554,9536,'D-'),
	(138691554,9914,'D+'),
	(143409214,1313,'B-'),
	(143409214,1944,'C'),
	(143409214,5479,'B'),
	(143409214,5752,'B-'),
	(143925421,2108,'A-'),
	(143925421,2509,'D+'),
	(143925421,9999,'D-'),
	(144835931,1430,'D+'),
	(144835931,2704,'D-'),
	(144835931,3369,'C-'),
	(144835931,4314,'F'),
	(144835931,6050,'D'),
	(150549500,3343,'D+'),
	(150549500,4135,'F'),
	(150549500,7324,'D+'),
	(150549500,7723,'A'),
	(156473350,2799,'D-'),
	(156473350,3627,'A'),
	(156473350,5029,'A'),
	(156473350,8845,'A-'),
	(157842950,1982,'B-'),
	(157842950,5045,'C+'),
	(157842950,5533,'D'),
	(157842950,6550,'B-'),
	(158434755,1769,'C+'),
	(158434755,3262,'A-'),
	(158434755,4803,'B'),
	(160524794,2255,'F'),
	(160524794,8371,'B-'),
	(160524794,8845,'D-'),
	(162082088,3343,'C-'),
	(162082088,7545,'C+'),
	(162082088,8217,'C+'),
	(162082088,8295,'C-'),
	(162082088,8528,'C+'),
	(162684996,4485,'C'),
	(162684996,6588,'D'),
	(162684996,6899,'A'),
	(162684996,7614,'C'),
	(162684996,9311,'F'),
	(163493486,1430,'B-'),
	(163493486,3369,'A-'),
	(163493486,6050,'C-'),
	(163493486,9256,'C+'),
	(164652756,1623,'A-'),
	(164652756,7403,'D+'),
	(164652756,8065,'D-'),
	(164652756,8217,'F'),
	(165650766,1428,'B'),
	(165650766,2118,'C-'),
	(165650766,2119,'C-'),
	(165650766,5487,'B+'),
	(165650766,8295,'B'),
	(165650766,9373,'C+'),
	(167056103,2498,'F'),
	(167056103,5457,'D-'),
	(167056103,7471,'F'),
	(167901869,2041,'F'),
	(167901869,2810,'D'),
	(167901869,3726,'A'),
	(167901869,5813,'C-'),
	(167901869,6118,'C+'),
	(169733414,2947,'B-'),
	(169733414,4555,'C'),
	(169733414,4607,'F'),
	(169733414,7585,'B-'),
	(170119731,2254,'C+'),
	(170119731,5743,'C'),
	(170119731,9040,'D+'),
	(173377141,1114,'B+'),
	(173377141,1769,'D-'),
	(173377141,4898,'C-'),
	(173377141,5099,'B'),
	(173377141,6274,'D'),
	(173377141,9077,'C+'),
	(178361607,5487,'C'),
	(178361607,5533,'D+'),
	(178361607,7034,'A'),
	(178361607,8295,'B-'),
	(179458678,1313,'F'),
	(179458678,4250,'B-'),
	(179458678,6228,'C'),
	(179458678,6349,'A'),
	(200093233,3369,'C-'),
	(200093233,5099,'F'),
	(200093233,5135,'C+'),
	(200093233,5479,'B-'),
	(200093233,6730,'B+'),
	(200210281,2136,'C'),
	(200210281,2430,'B'),
	(200210281,3293,'D'),
	(200210281,7324,'B'),
	(200210281,9077,'D+'),
	(200831860,1889,'C'),
	(200831860,2013,'A'),
	(200831860,2041,'C-'),
	(200831860,5533,'D+'),
	(200831860,7257,'D-'),
	(202684197,4695,'B-'),
	(202684197,7651,'D+'),
	(202684197,8396,'A'),
	(202684197,9380,'C'),
	(205358422,2765,'B'),
	(205358422,3262,'C-'),
	(205358422,6343,'D'),
	(208080046,2090,'D+'),
	(208080046,5029,'A'),
	(208080046,9268,'B-'),
	(208080046,9445,'D'),
	(208080046,9565,'B-'),
	(209408013,2090,'D'),
	(209408013,4555,'C-'),
	(209408013,6050,'B'),
	(209408013,6274,'C+'),
	(209980163,3317,'B-'),
	(209980163,5458,'A'),
	(209980163,7647,'C'),
	(209980163,8708,'C-'),
	(209980163,9256,'D-'),
	(217578900,3736,'F'),
	(217578900,5533,'A-'),
	(217578900,6682,'B-'),
	(217578900,7647,'A-'),
	(219927071,3726,'D+'),
	(219927071,4485,'B+'),
	(219927071,4770,'A'),
	(219927071,5533,'D+'),
	(219927071,9287,'C'),
	(222372398,2704,'A'),
	(222372398,8517,'C'),
	(222372398,8678,'C'),
	(222372398,8822,'C-'),
	(225483962,1889,'C'),
	(225483962,4875,'A'),
	(225483962,5813,'A'),
	(225483962,6118,'B+'),
	(225483962,7564,'C'),
	(227377722,1114,'D'),
	(227377722,7263,'F'),
	(227377722,8160,'D-'),
	(227377722,8295,'A-'),
	(227511704,1280,'B+'),
	(227511704,1944,'C+'),
	(227511704,8413,'B'),
	(227511704,9387,'D'),
	(228187528,1930,'F'),
	(228187528,4314,'C-'),
	(228187528,4898,'C'),
	(228187528,6343,'F'),
	(228187528,8517,'A'),
	(230166520,1999,'B'),
	(230166520,6783,'C+'),
	(230166520,7614,'B+'),
	(234232898,5096,'D-'),
	(234232898,7651,'D'),
	(234232898,9999,'A-'),
	(238376888,1982,'D'),
	(238376888,5194,'B+'),
	(238376888,6550,'D+'),
	(238376888,8678,'C'),
	(240970609,1982,'A'),
	(240970609,2119,'B'),
	(240970609,4250,'A-'),
	(240970609,6899,'F'),
	(240970609,9742,'C'),
	(241986095,1428,'F'),
	(241986095,4770,'A-'),
	(241986095,5045,'B'),
	(241986095,6697,'D+'),
	(241986095,9002,'B+'),
	(243434605,3627,'D'),
	(243434605,7034,'B'),
	(243434605,7484,'C-'),
	(243434605,7651,'B-'),
	(246060115,1639,'D'),
	(246060115,4250,'B-'),
	(246060115,7263,'D+'),
	(246060115,8396,'C-'),
	(256431244,1944,'A-'),
	(256431244,2119,'C'),
	(256431244,2760,'A'),
	(256431244,4770,'D'),
	(256431244,6625,'C'),
	(258804568,1430,'D-'),
	(258804568,1889,'B'),
	(258804568,8160,'F'),
	(259863328,2136,'C-'),
	(259863328,3022,'C+'),
	(259863328,4183,'C'),
	(259863328,5045,'D'),
	(259863328,7099,'D-'),
	(260324430,1430,'B+'),
	(260324430,2760,'D'),
	(260324430,5479,'C-'),
	(260324430,7034,'A'),
	(270386658,5487,'A'),
	(270386658,6050,'A'),
	(270386658,6783,'B'),
	(270386658,7466,'B+'),
	(270386658,8678,'A-'),
	(270386658,8845,'C'),
	(275343232,5743,'C-'),
	(275343232,6228,'D-'),
	(275343232,9742,'C+'),
	(278731438,1313,'B'),
	(278731438,2118,'A-'),
	(278731438,9311,'D'),
	(280992695,2255,'F'),
	(280992695,5844,'C+'),
	(280992695,6665,'B'),
	(280992695,7429,'B+'),
	(280992695,8217,'B+'),
	(288306909,2810,'C+'),
	(288306909,3362,'B-'),
	(288306909,6228,'D-'),
	(288306909,7614,'C-'),
	(300843740,1889,'A-'),
	(300843740,2509,'B-'),
	(300843740,3627,'C-'),
	(300843740,9047,'D-'),
	(300843740,9445,'C-'),
	(308536428,2704,'A-'),
	(308536428,4250,'D-'),
	(308536428,4803,'D+'),
	(308536428,5175,'D'),
	(308536428,7403,'F'),
	(309362206,5533,'D'),
	(309362206,6625,'C'),
	(309362206,6899,'C+'),
	(309362206,7429,'A'),
	(309362206,8678,'C'),
	(309362206,9040,'C-'),
	(311730817,1625,'A'),
	(311730817,1769,'A'),
	(311730817,3022,'D-'),
	(311730817,5556,'D+'),
	(312989588,2041,'F'),
	(312989588,6730,'B'),
	(312989588,8708,'B+'),
	(312989588,9914,'C-'),
	(313697701,3652,'B'),
	(313697701,5194,'B'),
	(313697701,5349,'A'),
	(313697701,8347,'A-'),
	(313697701,9784,'C-'),
	(314656683,2947,'F'),
	(314656683,4135,'F'),
	(314656683,6087,'F'),
	(314656683,6574,'F'),
	(314656683,8184,'A-'),
	(319873459,2704,'A-'),
	(319873459,4875,'F'),
	(319873459,8396,'C-'),
	(319873459,9106,'A'),
	(319873459,9722,'A-'),
	(319895774,2799,'F'),
	(319895774,4898,'C'),
	(319895774,5163,'A-'),
	(319895774,6984,'A'),
	(319895774,7798,'D-'),
	(323728334,1625,'F'),
	(323728334,2704,'B'),
	(323728334,7915,'A-'),
	(323728334,8160,'B+'),
	(326250211,1769,'C'),
	(326250211,2041,'A'),
	(326250211,2723,'D'),
	(326250211,3262,'F'),
	(326250211,7537,'C'),
	(329638200,1999,'C+'),
	(329638200,5733,'B-'),
	(329638200,8708,'B+'),
	(346899363,4770,'C'),
	(346899363,6118,'F'),
	(346899363,6609,'D+'),
	(347941574,1944,'A'),
	(347941574,5487,'F'),
	(347941574,6228,'D-'),
	(347941574,7099,'C'),
	(347941574,8217,'C-'),
	(348874827,4607,'B+'),
	(348874827,7391,'A-'),
	(348874827,8295,'C+'),
	(348874827,8697,'D'),
	(349217764,2013,'B'),
	(349217764,2723,'B-'),
	(349217764,6228,'C+'),
	(349217764,8233,'A-'),
	(349217764,8528,'F'),
	(352432432,3343,'D'),
	(352432432,6228,'C+'),
	(352432432,6609,'B+'),
	(352617284,1280,'C'),
	(352617284,3651,'A-'),
	(352617284,6349,'A-'),
	(352617284,6625,'D+'),
	(352617284,7056,'A-'),
	(352894041,2090,'C'),
	(352894041,3343,'A-'),
	(352894041,4803,'D-'),
	(352894041,5752,'C+'),
	(352894041,6665,'C+'),
	(353514372,2090,'D'),
	(353514372,2118,'C'),
	(353514372,5743,'D'),
	(353514372,7034,'A-'),
	(354222424,1097,'C-'),
	(354222424,5457,'A'),
	(354222424,5533,'D+'),
	(354222424,9077,'A'),
	(355302939,1889,'A-'),
	(355302939,2799,'C-'),
	(355302939,5163,'B'),
	(355302939,9536,'C'),
	(359387166,4183,'C'),
	(359387166,4555,'A-'),
	(359387166,7263,'A'),
	(359387166,7614,'B+'),
	(361337833,2760,'C-'),
	(361337833,4875,'D-'),
	(361337833,4898,'B-'),
	(361337833,7647,'A-'),
	(364342588,1639,'C+'),
	(364342588,2430,'A-'),
	(364342588,7466,'D'),
	(364342588,9710,'B'),
	(364581546,1280,'B'),
	(364581546,2799,'B+'),
	(364581546,7651,'B-'),
	(364581546,8371,'B+'),
	(385587803,1625,'B-'),
	(385587803,7391,'B-'),
	(385587803,7429,'C-'),
	(385587803,8396,'B+'),
	(385587803,9047,'A-'),
	(390436883,4898,'B'),
	(390436883,7034,'F'),
	(390436883,8396,'C+'),
	(390436883,8845,'C+'),
	(391595140,1097,'B-'),
	(391595140,1486,'A'),
	(391595140,1889,'A-'),
	(391595140,3293,'C-'),
	(391595140,7471,'D-'),
	(393704395,2756,'C'),
	(393704395,6609,'C+'),
	(393704395,6783,'B+'),
	(393704395,8184,'D+'),
	(397975685,2254,'B-'),
	(397975685,7056,'C'),
	(397975685,9002,'D'),
	(397975685,9387,'B-'),
	(399866937,1982,'D-'),
	(399866937,5457,'D-'),
	(399866937,5479,'B'),
	(399866937,6760,'A-'),
	(399866937,9047,'C'),
	(399866937,9710,'C-'),
	(400006157,2178,'C'),
	(400006157,4803,'C+'),
	(400006157,5194,'C'),
	(400006157,6189,'A'),
	(400006157,9075,'D'),
	(401584042,1280,'B'),
	(401584042,2810,'B'),
	(401584042,8184,'B'),
	(410706549,1430,'B'),
	(410706549,1999,'D+'),
	(410706549,4314,'D+'),
	(410706549,6783,'B+'),
	(410706549,9256,'D+'),
	(411091842,3293,'B'),
	(411091842,6574,'C'),
	(411091842,8396,'A'),
	(411091842,9565,'F'),
	(412283926,2430,'A'),
	(412283926,5479,'B-'),
	(412283926,8413,'F'),
	(412283926,9268,'D-'),
	(420647988,3369,'F'),
	(420647988,4250,'B-'),
	(420647988,4875,'C+'),
	(420647988,5163,'C'),
	(425004364,1623,'B+'),
	(425004364,3627,'D+'),
	(425004364,5110,'D-'),
	(425004364,5175,'F'),
	(430145175,3651,'B-'),
	(430145175,5194,'D-'),
	(430145175,5463,'A'),
	(430145175,7471,'B'),
	(430145175,9710,'A'),
	(432564473,4803,'C+'),
	(432564473,5163,'C+'),
	(432564473,6682,'C+'),
	(441648748,2226,'B-'),
	(441648748,4485,'A'),
	(441648748,5096,'B+'),
	(441648748,9106,'A'),
	(441648748,9784,'C+'),
	(443316067,1623,'A-'),
	(443316067,2947,'A-'),
	(443316067,4803,'C-'),
	(443622916,1930,'B+'),
	(443622916,5110,'C-'),
	(443622916,7324,'C+'),
	(443622916,7647,'A-'),
	(446862326,1114,'C'),
	(446862326,5463,'A-'),
	(446862326,6228,'C+'),
	(446862326,7614,'C-'),
	(456725571,1623,'A-'),
	(456725571,5685,'C+'),
	(456725571,6609,'D'),
	(456725571,6760,'B'),
	(456725571,7585,'C-'),
	(457410496,1930,'A'),
	(457410496,2013,'A-'),
	(457410496,4228,'A'),
	(457410496,7257,'D'),
	(457410496,9742,'B-'),
	(458852327,3627,'C'),
	(458852327,5045,'B+'),
	(458852327,7403,'B-'),
	(460413632,5163,'C'),
	(460413632,5487,'B-'),
	(460413632,6050,'A'),
	(460413632,9387,'C'),
	(461302410,1114,'A'),
	(461302410,1430,'F'),
	(461302410,2119,'C+'),
	(461302410,2756,'B+'),
	(461302410,3362,'F'),
	(465273303,1444,'B'),
	(465273303,3627,'C-'),
	(465273303,4607,'B'),
	(465273303,9075,'C-'),
	(465278330,4485,'A'),
	(465278330,5029,'C'),
	(465278330,5045,'D'),
	(465278330,6665,'B-'),
	(466003841,2013,'D+'),
	(466003841,3022,'B+'),
	(466003841,5533,'A'),
	(466003841,6760,'D'),
	(466003841,7651,'C-'),
	(466619088,2509,'C+'),
	(466619088,4607,'C'),
	(466619088,5844,'A'),
	(466619088,7537,'C-'),
	(466619088,7798,'D'),
	(466619088,8371,'A-'),
	(466956255,1444,'C+'),
	(466956255,2498,'B'),
	(466956255,5099,'C-'),
	(471491559,1485,'D+'),
	(471491559,4695,'D'),
	(471491559,7545,'B'),
	(474339362,1428,'B'),
	(474339362,3362,'A-'),
	(474339362,8396,'B+'),
	(476368231,1944,'C-'),
	(476368231,3451,'C+'),
	(476368231,4228,'A'),
	(476368231,8160,'D'),
	(476368231,9565,'D+'),
	(478099864,3343,'A'),
	(478099864,4770,'B+'),
	(478099864,6625,'D'),
	(478099864,8347,'F'),
	(478994191,3451,'D-'),
	(478994191,5457,'B+'),
	(478994191,7545,'A'),
	(478994191,8160,'C'),
	(480783281,3451,'A'),
	(480783281,5163,'D-'),
	(480783281,9380,'A'),
	(480783281,9742,'A-'),
	(480783281,9784,'A-'),
	(482149220,3293,'C+'),
	(482149220,5343,'B'),
	(482149220,6636,'A'),
	(482149220,6760,'D+'),
	(482149220,8387,'B-'),
	(482654227,4604,'F'),
	(482654227,5463,'D+'),
	(482654227,9002,'B-'),
	(482654227,9380,'A-'),
	(485348025,5479,'B-'),
	(485348025,8160,'D'),
	(485348025,9373,'B-'),
	(485348025,9818,'F'),
	(485595407,1625,'D+'),
	(485595407,4250,'B+'),
	(485595407,7798,'A-'),
	(485595407,8822,'C+'),
	(486330858,1930,'B'),
	(486330858,3451,'D-'),
	(486330858,5163,'C'),
	(486330858,6087,'B+'),
	(486330858,8708,'D'),
	(486423075,4803,'C-'),
	(486423075,5679,'D-'),
	(486423075,6189,'D-'),
	(486423075,6274,'D-'),
	(493296767,4485,'B'),
	(493296767,5349,'F'),
	(493296767,8347,'B'),
	(495773432,2119,'D-'),
	(495773432,4183,'B+'),
	(495773432,6609,'D'),
	(495773432,6665,'C-'),
	(495773432,7651,'B+'),
	(495773432,8371,'B+'),
	(507342071,2254,'C-'),
	(507342071,4555,'B'),
	(507342071,5163,'D'),
	(507342071,5194,'C'),
	(507342071,5752,'B+'),
	(507342071,9784,'C+'),
	(509372282,1690,'A-'),
	(509372282,6783,'A'),
	(509372282,7236,'D+'),
	(509372282,9722,'B'),
	(509394347,1403,'C+'),
	(509394347,5752,'C'),
	(509394347,7324,'C-'),
	(514344025,1930,'D+'),
	(514344025,3369,'A-'),
	(514344025,6665,'C+'),
	(518417603,1623,'B-'),
	(518417603,1625,'B'),
	(518417603,7723,'D+'),
	(522255117,1486,'B'),
	(522255117,5533,'C+'),
	(522255117,8845,'C-'),
	(522255117,9742,'D-'),
	(524718895,2509,'B+'),
	(524718895,5733,'B-'),
	(524718895,6697,'B+'),
	(529468447,2765,'C'),
	(529468447,3343,'D-'),
	(529468447,3369,'B-'),
	(529468447,8845,'F'),
	(536471027,4695,'D-'),
	(536471027,7537,'C-'),
	(536471027,9002,'B-'),
	(536471027,9536,'F'),
	(539137734,5457,'C+'),
	(539137734,8517,'A'),
	(539137734,9999,'C+'),
	(543972040,2498,'C-'),
	(543972040,5772,'D'),
	(543972040,6274,'A-'),
	(543972040,6625,'D-'),
	(543972040,6783,'A-'),
	(543972040,9256,'A-'),
	(552328284,3627,'D-'),
	(552328284,4803,'D+'),
	(552328284,6625,'C-'),
	(552328284,6665,'C-'),
	(553649844,6625,'F'),
	(553649844,6665,'C+'),
	(553649844,8233,'D+'),
	(553649844,8396,'B-'),
	(558043411,3451,'A'),
	(558043411,7545,'C'),
	(558043411,9106,'B+'),
	(558043411,9818,'C'),
	(558267303,3343,'D'),
	(558267303,4555,'D-'),
	(558267303,5463,'D'),
	(558267303,6343,'C'),
	(558267303,7564,'B+'),
	(559583756,1930,'F'),
	(559583756,3022,'D'),
	(559583756,3652,'B'),
	(559583756,5045,'A-'),
	(559583756,7324,'A'),
	(559583756,7614,'D'),
	(572051795,4607,'B+'),
	(572051795,5457,'B+'),
	(572051795,6087,'B+'),
	(572051795,8217,'C-'),
	(582280944,3317,'B+'),
	(582280944,4135,'C-'),
	(582280944,4770,'B-'),
	(582280944,5458,'C-'),
	(586963190,2255,'D+'),
	(586963190,2810,'C-'),
	(586963190,4607,'C-'),
	(586963190,7484,'F'),
	(586963190,9106,'A'),
	(586963190,9538,'D+'),
	(589509047,1500,'C-'),
	(589509047,1769,'B-'),
	(589509047,4718,'F'),
	(589509047,5245,'B-'),
	(589509047,5457,'B+'),
	(593795943,1769,'F'),
	(593795943,4803,'B'),
	(593795943,6087,'B'),
	(593795943,7403,'D'),
	(593988967,5135,'D-'),
	(593988967,5772,'B-'),
	(593988967,6118,'C+'),
	(593988967,7236,'B+'),
	(593988967,8396,'C-'),
	(595042591,2760,'C+'),
	(595042591,6609,'A-'),
	(595042591,8233,'B+'),
	(601633219,2254,'F'),
	(601633219,3627,'D+'),
	(601633219,5685,'D-'),
	(603951224,2118,'B'),
	(603951224,2704,'B'),
	(603951224,4228,'C+'),
	(603951224,7545,'C-'),
	(612568612,1889,'F'),
	(612568612,1930,'D'),
	(612568612,3726,'D'),
	(612568612,6625,'C'),
	(612568612,7915,'A'),
	(614516335,2509,'C-'),
	(614516335,5045,'B'),
	(614516335,8347,'C+'),
	(614516335,9999,'A-'),
	(615936793,5772,'A-'),
	(615936793,7466,'F'),
	(615936793,9040,'D'),
	(620707455,5099,'D+'),
	(620707455,5844,'A'),
	(620707455,6984,'C'),
	(620707455,7429,'A-'),
	(620707455,9373,'B'),
	(625630131,2041,'B+'),
	(625630131,2090,'D-'),
	(625630131,5096,'B-'),
	(625630131,5135,'B+'),
	(625630131,5533,'C'),
	(625740683,3317,'C+'),
	(625740683,7403,'A-'),
	(625740683,9047,'D+'),
	(625740683,9077,'B-'),
	(625740683,9914,'D-'),
	(628980798,5110,'A-'),
	(628980798,7263,'D'),
	(628980798,7564,'C'),
	(631294848,1430,'C'),
	(631294848,5479,'C-'),
	(631294848,9538,'D+'),
	(632127362,2178,'F'),
	(632127362,3369,'A'),
	(632127362,6343,'C+'),
	(632127362,7391,'C+'),
	(632127362,9710,'D'),
	(633608329,4875,'B'),
	(633608329,7391,'F'),
	(633608329,9077,'B+'),
	(636347691,2108,'B+'),
	(636347691,6609,'A-'),
	(636347691,7647,'F'),
	(636347691,9256,'D'),
	(636347691,9380,'D-'),
	(636347691,9445,'B+'),
	(637897729,2760,'D'),
	(637897729,5110,'A'),
	(637897729,5813,'F'),
	(637897729,7484,'B'),
	(643031904,2013,'C-'),
	(643031904,2119,'D'),
	(643031904,2765,'D-'),
	(643031904,5099,'B+'),
	(644202521,1114,'C+'),
	(644202521,5175,'D'),
	(644202521,5487,'B'),
	(644202521,8505,'A'),
	(647365991,1444,'D-'),
	(647365991,5752,'D-'),
	(647365991,6783,'C-'),
	(647365991,8822,'D-'),
	(652253665,1280,'C+'),
	(652253665,4183,'D'),
	(652253665,7564,'C'),
	(654035602,3652,'A'),
	(654035602,5533,'B'),
	(654035602,7614,'C-'),
	(654035602,9047,'C-'),
	(654035602,9077,'F'),
	(655703511,2810,'C'),
	(655703511,5458,'F'),
	(655703511,5844,'F'),
	(655703511,6636,'F'),
	(662089863,1485,'B+'),
	(662089863,1639,'B+'),
	(662089863,2255,'D+'),
	(662089863,5679,'F'),
	(662146310,1944,'B+'),
	(662146310,2178,'B-'),
	(662146310,2947,'C'),
	(662146310,7798,'D'),
	(662146310,9040,'A'),
	(663381756,2254,'C'),
	(663381756,5457,'C-'),
	(663381756,6274,'D+'),
	(663381756,8184,'B+'),
	(663381756,9818,'D-'),
	(664279861,1114,'D'),
	(664279861,2119,'B'),
	(664279861,2723,'D'),
	(664279861,7484,'A'),
	(664279861,7585,'C'),
	(666410850,2760,'D'),
	(666410850,6574,'A-'),
	(666410850,6697,'B-'),
	(666410850,7391,'A'),
	(666410850,9077,'B'),
	(666819472,5487,'A'),
	(666819472,8708,'D'),
	(666819472,9373,'D+'),
	(669723630,2119,'D'),
	(669723630,2810,'B'),
	(669723630,5995,'D+'),
	(672244572,1690,'D+'),
	(672244572,2430,'A'),
	(672244572,3362,'B+'),
	(672244572,6636,'B-'),
	(672244572,7471,'C'),
	(672244572,9999,'B'),
	(672659462,3293,'B'),
	(672659462,4183,'C'),
	(672659462,6189,'B+'),
	(672659462,7429,'B-'),
	(672659462,9784,'C'),
	(673002520,2255,'D'),
	(673002520,5752,'B'),
	(673002520,6625,'C-'),
	(673002520,7263,'C-'),
	(673002520,7471,'A'),
	(674071013,1769,'B'),
	(674071013,4607,'A-'),
	(674071013,4695,'C+'),
	(674071013,5457,'A-'),
	(674071013,9536,'F'),
	(674826356,7484,'B+'),
	(674826356,9077,'B-'),
	(674826356,9784,'D-'),
	(674826356,9914,'A'),
	(675385874,1623,'B'),
	(675385874,1769,'F'),
	(675385874,4604,'A-'),
	(675385874,5457,'B-'),
	(675385874,9387,'D+'),
	(675982971,2013,'B'),
	(675982971,6050,'B+'),
	(675982971,7056,'C'),
	(675982971,8678,'B-'),
	(677083908,2810,'B-'),
	(677083908,4898,'B'),
	(677083908,5743,'B+'),
	(677083908,6984,'B+'),
	(677083908,8217,'C'),
	(677446851,1428,'B-'),
	(677446851,1500,'B-'),
	(677446851,5733,'C+'),
	(677446851,5743,'F'),
	(679867643,1486,'C+'),
	(679867643,2041,'D'),
	(679867643,2090,'D-'),
	(679867643,2723,'D-'),
	(679867643,6349,'D'),
	(685064827,4803,'C+'),
	(685064827,7484,'B'),
	(685064827,7537,'B'),
	(685064827,8295,'B+'),
	(686735739,1313,'D+'),
	(686735739,1690,'C-'),
	(686735739,5752,'C-'),
	(686735739,7471,'A'),
	(693351683,1403,'D+'),
	(693351683,7564,'D-'),
	(693351683,7585,'D'),
	(693351683,7915,'A'),
	(693603767,3984,'D-'),
	(693603767,6899,'D'),
	(693603767,9536,'D'),
	(697573670,1280,'D-'),
	(697573670,8347,'C'),
	(697573670,9538,'A-'),
	(697765263,3293,'A'),
	(697765263,3627,'A-'),
	(697765263,4555,'A-'),
	(697765263,5533,'A'),
	(697765263,7429,'B-'),
	(697765263,9999,'A-'),
	(699303757,3736,'C'),
	(699303757,6682,'C+'),
	(699303757,8160,'C-'),
	(699303757,9040,'D-'),
	(701331742,3369,'A'),
	(701331742,4183,'C+'),
	(701331742,5349,'B+'),
	(701331742,7647,'A'),
	(705708956,3335,'D+'),
	(705708956,3652,'A-'),
	(705708956,6118,'C'),
	(705708956,7324,'D+'),
	(706924567,1280,'D+'),
	(706924567,3627,'D+'),
	(706924567,8845,'B+'),
	(706924567,9047,'D+'),
	(707094893,2704,'B+'),
	(707094893,6343,'B'),
	(707094893,7466,'B+'),
	(707094893,7537,'B'),
	(707094893,7647,'C-'),
	(715680043,2178,'C+'),
	(715680043,4555,'F'),
	(715680043,6730,'B-'),
	(715680043,7471,'C+'),
	(715680043,9067,'D+'),
	(715680043,9387,'A-'),
	(715734959,1690,'D-'),
	(715734959,4770,'A'),
	(715734959,4803,'B+'),
	(715734959,7484,'B+'),
	(716773740,3451,'D-'),
	(716773740,3652,'B'),
	(716773740,4250,'A'),
	(716773740,4718,'B'),
	(718143861,7099,'B+'),
	(718143861,8184,'A'),
	(718143861,8347,'B-'),
	(718143861,9387,'F'),
	(718143861,9818,'C'),
	(722966029,2704,'D+'),
	(722966029,3293,'C-'),
	(722966029,3343,'B-'),
	(722966029,9387,'C-'),
	(723214763,2723,'F'),
	(723214763,4607,'A'),
	(723214763,7236,'F'),
	(723214763,9536,'B-'),
	(725370465,5194,'D'),
	(725370465,6228,'B+'),
	(725370465,7466,'C'),
	(725370465,9565,'D+'),
	(725858022,4183,'C+'),
	(725858022,5844,'B-'),
	(725858022,7257,'C+'),
	(725858022,9914,'A-'),
	(733995985,2178,'F'),
	(733995985,2799,'C'),
	(733995985,7471,'D+'),
	(733995985,8505,'B-'),
	(733995985,9373,'C+'),
	(737284128,1623,'B-'),
	(737284128,5096,'D-'),
	(737284128,8708,'C+'),
	(739498757,2704,'D'),
	(739498757,3369,'C-'),
	(739498757,8708,'C'),
	(741614749,1639,'A-'),
	(741614749,2119,'B+'),
	(741614749,8065,'C+'),
	(742054339,3022,'B-'),
	(742054339,5163,'C'),
	(742054339,8517,'A-'),
	(742054339,9373,'C-'),
	(744016031,7466,'D'),
	(744016031,8347,'F'),
	(744016031,9818,'D-'),
	(750472820,2013,'D'),
	(750472820,3362,'A'),
	(750472820,5194,'C'),
	(750472820,7236,'C'),
	(760860176,2178,'C'),
	(760860176,5487,'D+'),
	(760860176,6588,'A'),
	(760860176,7056,'C+'),
	(760860176,8505,'D+'),
	(768080111,2430,'C'),
	(768080111,4607,'C'),
	(768080111,5556,'A'),
	(768080111,5679,'A-'),
	(768080111,6697,'B+'),
	(768080111,9538,'A'),
	(771002719,4135,'C'),
	(771002719,4555,'C-'),
	(771002719,5135,'F'),
	(771002719,7484,'D-'),
	(772000711,2119,'A-'),
	(772000711,6636,'D+'),
	(772000711,6783,'C'),
	(774233309,3736,'D-'),
	(774233309,4228,'D'),
	(774233309,6625,'F'),
	(774233309,8528,'A-'),
	(776217149,1097,'B-'),
	(776217149,1428,'D+'),
	(776217149,3736,'B-'),
	(776217149,5349,'D-'),
	(776217149,5463,'C'),
	(776217149,8845,'D-'),
	(779380914,3262,'C'),
	(779380914,7545,'C'),
	(779380914,9287,'C-'),
	(779380914,9536,'D-'),
	(790127245,1403,'C'),
	(790127245,6588,'D'),
	(790127245,8505,'C+'),
	(790211824,1313,'B-'),
	(790211824,7403,'C+'),
	(790211824,7471,'C-'),
	(793732078,1428,'B+'),
	(793732078,3736,'B'),
	(793732078,5110,'A-'),
	(793732078,7099,'C-'),
	(793732078,9565,'C+'),
	(800956668,2136,'D-'),
	(800956668,6665,'D+'),
	(800956668,9387,'F'),
	(800969384,1280,'D'),
	(800969384,4607,'A-'),
	(800969384,5045,'C'),
	(800969384,7263,'F'),
	(800969384,7564,'A-'),
	(800969384,8528,'C-'),
	(802132715,1639,'F'),
	(802132715,2704,'B+'),
	(802132715,2810,'B-'),
	(802132715,5533,'D-'),
	(802132715,9373,'C'),
	(802132715,9710,'B+'),
	(804604885,1313,'F'),
	(804604885,5349,'C+'),
	(804604885,7236,'A-'),
	(804604885,9287,'C'),
	(804604885,9373,'B'),
	(805193760,4770,'D+'),
	(805193760,5844,'B-'),
	(805193760,6550,'D-'),
	(805193760,8347,'D+'),
	(805193760,9380,'B-'),
	(805458644,1999,'D'),
	(805458644,5685,'B-'),
	(805458644,5752,'C-'),
	(805458644,8396,'A'),
	(805458644,8697,'A-'),
	(806382975,1428,'D'),
	(806382975,6118,'B+'),
	(806382975,6189,'D-'),
	(806382975,7537,'B+'),
	(807418121,1430,'B'),
	(807418121,3262,'B+'),
	(807418121,4875,'B-'),
	(807418121,9710,'A'),
	(808831810,5792,'C-'),
	(808831810,6050,'C+'),
	(808831810,8184,'B+'),
	(808831810,8678,'C+'),
	(808831810,9047,'F'),
	(815657377,5194,'F'),
	(815657377,6274,'D+'),
	(815657377,9722,'C'),
	(818253618,1486,'D+'),
	(818253618,2765,'A'),
	(818253618,5772,'A'),
	(825464942,3652,'A'),
	(825464942,5772,'B'),
	(825464942,6274,'A-'),
	(825724123,3627,'C+'),
	(825724123,3652,'D'),
	(825724123,4695,'C+'),
	(825724123,5096,'C-'),
	(825724123,7564,'A-'),
	(836265025,1403,'A'),
	(836265025,2108,'C+'),
	(836265025,5487,'B+'),
	(836269555,1769,'A'),
	(836269555,1944,'C+'),
	(836269555,5045,'D'),
	(836269555,5349,'D+'),
	(842640273,3335,'D'),
	(842640273,4555,'C'),
	(842640273,8845,'A-'),
	(842640273,9256,'D+'),
	(842640273,9536,'C+'),
	(843479157,1623,'C-'),
	(843479157,4695,'D'),
	(843479157,8217,'B'),
	(844042578,1769,'C+'),
	(844042578,3262,'F'),
	(844042578,7614,'C'),
	(844042578,9742,'C+'),
	(855850186,2760,'C+'),
	(855850186,4183,'F'),
	(855850186,5029,'C-'),
	(855850186,5792,'B'),
	(855850186,5813,'B+'),
	(855850186,6050,'D'),
	(856427299,3335,'B'),
	(856427299,8217,'B+'),
	(856427299,9818,'F'),
	(858114386,2799,'C'),
	(858114386,2810,'B'),
	(858114386,8217,'D'),
	(858114386,8505,'B+'),
	(858114386,9287,'D+'),
	(863670044,2756,'C+'),
	(863670044,5096,'C+'),
	(863670044,7651,'C'),
	(863670044,9914,'A'),
	(865948099,3451,'B+'),
	(865948099,3651,'D+'),
	(865948099,5844,'C'),
	(865948099,8517,'C-'),
	(866241117,1114,'F'),
	(866241117,4898,'A-'),
	(866241117,7651,'D+'),
	(866241117,8528,'D'),
	(866241117,9380,'D'),
	(866423262,2723,'B-'),
	(866423262,3726,'C+'),
	(866423262,6343,'C-'),
	(866423262,6609,'B-'),
	(866423262,8697,'A'),
	(868958129,1485,'B-'),
	(868958129,3293,'D-'),
	(868958129,4803,'C+'),
	(868958129,4875,'D+'),
	(868958129,4898,'B-'),
	(874366638,6189,'C-'),
	(874366638,7466,'B'),
	(874366638,7564,'B+'),
	(874366638,7585,'C-'),
	(874366638,9742,'B'),
	(875128378,5679,'C'),
	(875128378,9002,'C-'),
	(875128378,9818,'B-'),
	(877481332,2136,'B-'),
	(877481332,4770,'B+'),
	(877481332,5110,'A-'),
	(883919929,2119,'D-'),
	(883919929,4555,'B-'),
	(883919929,5349,'A'),
	(883919929,7614,'D-'),
	(883919929,9077,'B+'),
	(885570493,2108,'C'),
	(885570493,5743,'B+'),
	(885570493,9256,'B+'),
	(887795158,1690,'D-'),
	(887795158,2810,'B'),
	(887795158,5175,'B-'),
	(887795158,8217,'D+'),
	(887795158,8396,'D-'),
	(889465430,3317,'D+'),
	(889465430,6050,'C'),
	(889465430,6625,'F'),
	(889465430,7429,'C-'),
	(889465430,9106,'D+'),
	(899387130,1444,'B-'),
	(899387130,1639,'B-'),
	(899387130,2013,'D+'),
	(899387130,7056,'A'),
	(902545436,1769,'B'),
	(902545436,5099,'C'),
	(902545436,7056,'A'),
	(904060206,3984,'D'),
	(904060206,7915,'A'),
	(904060206,8233,'D+'),
	(904060206,9067,'C+'),
	(906262623,2041,'C'),
	(906262623,2430,'A-'),
	(906262623,6550,'D'),
	(906262623,9565,'F'),
	(906944510,1889,'A'),
	(906944510,2723,'B+'),
	(906944510,3293,'D'),
	(906944510,4314,'B-'),
	(906944510,7236,'B'),
	(912488149,2090,'B-'),
	(912488149,3317,'C+'),
	(912488149,4875,'C'),
	(912488149,5029,'C-'),
	(912488149,9565,'B-'),
	(914920320,2108,'B-'),
	(914920320,2704,'F'),
	(914920320,2723,'C-'),
	(914920320,4250,'D+'),
	(914920320,9914,'F'),
	(920046603,2119,'B-'),
	(920046603,3984,'A'),
	(920046603,8347,'B+'),
	(924498825,5135,'D'),
	(924498825,7324,'C'),
	(924498825,8822,'B'),
	(924498825,9565,'B'),
	(937920491,1313,'C'),
	(937920491,2119,'B-'),
	(937920491,4898,'B'),
	(937920491,8371,'D-'),
	(940426133,2430,'C+'),
	(940426133,4135,'C-'),
	(940426133,8233,'F'),
	(940426133,8845,'D+'),
	(940426133,9914,'D-'),
	(940521982,1944,'B-'),
	(940521982,2041,'B-'),
	(940521982,9311,'D+'),
	(940865759,3627,'B-'),
	(940865759,4228,'C'),
	(940865759,8528,'A-'),
	(940865759,9311,'B+'),
	(940865759,9999,'D+'),
	(945149819,1444,'A'),
	(945149819,1690,'D'),
	(945149819,3293,'A-'),
	(945149819,3984,'C-'),
	(945149819,5792,'B+'),
	(945161434,3984,'C'),
	(945161434,5752,'C+'),
	(945161434,7429,'C'),
	(945491481,2430,'B+'),
	(945491481,5479,'F'),
	(945491481,8184,'D+'),
	(945491481,8371,'D'),
	(949547504,2136,'C'),
	(949547504,3317,'A-'),
	(949547504,6118,'D-'),
	(949547504,7564,'B+'),
	(950308442,2118,'D+'),
	(950308442,4228,'F'),
	(950308442,4250,'B'),
	(950308442,5772,'B-'),
	(950308442,5995,'B+'),
	(950308442,6118,'C'),
	(952545606,1485,'A-'),
	(952545606,3451,'C-'),
	(952545606,5813,'B'),
	(952545606,9287,'A'),
	(959651481,1625,'D'),
	(959651481,1690,'F'),
	(959651481,1944,'A-'),
	(959651481,4135,'D+'),
	(959651481,5463,'A'),
	(959651481,7484,'D'),
	(962941889,6682,'D-'),
	(962941889,7257,'B-'),
	(962941889,9067,'A'),
	(970078452,3317,'C+'),
	(970078452,9373,'B'),
	(970078452,9536,'C+'),
	(970513585,2765,'A'),
	(970513585,7236,'F'),
	(970513585,7651,'B'),
	(971254100,2430,'D+'),
	(971254100,6118,'D'),
	(971254100,6550,'A-'),
	(971254100,7236,'D+'),
	(974209169,1944,'C'),
	(974209169,2723,'A'),
	(974209169,3317,'C+'),
	(974209169,5110,'D-'),
	(974209169,8160,'B-'),
	(974209169,9002,'C-'),
	(974428052,1930,'D'),
	(974428052,6730,'B-'),
	(974428052,7585,'C+'),
	(974428052,8184,'D-'),
	(974428052,9256,'D-'),
	(975020210,1444,'C'),
	(975020210,2041,'D-'),
	(975020210,4607,'B-'),
	(975020210,5844,'B+'),
	(975020210,6783,'C'),
	(975020210,9536,'D-'),
	(977250460,5752,'D+'),
	(977250460,6609,'D+'),
	(977250460,7651,'F'),
	(977250460,9067,'D+'),
	(977250460,9380,'C-'),
	(977693562,5245,'D-'),
	(977693562,7466,'D-'),
	(977693562,7647,'D-'),
	(977693562,8845,'D+'),
	(978737662,1430,'C'),
	(978737662,2509,'A'),
	(978737662,7236,'D-'),
	(993373312,1428,'F'),
	(993373312,3726,'C'),
	(993373312,4875,'B-'),
	(993373312,7564,'F'),
	(993548503,6050,'C-'),
	(993548503,6189,'D-'),
	(993548503,7670,'B-'),
	(994456828,2498,'B-'),
	(994456828,7471,'A'),
	(994456828,8396,'C+');

/*!40000 ALTER TABLE `enrollment` ENABLE KEYS */;
UNLOCK TABLES;


# Dump of table professors
# ------------------------------------------------------------

DROP TABLE IF EXISTS `professors`;

CREATE TABLE `professors` (
  `ssn` int(9) NOT NULL,
  `department_number` int(11) DEFAULT NULL,
  `name` varchar(255) COLLATE utf8_unicode_ci NOT NULL DEFAULT '',
  `sex` enum('male','female') COLLATE utf8_unicode_ci NOT NULL DEFAULT 'male',
  `title` varchar(255) COLLATE utf8_unicode_ci NOT NULL DEFAULT '',
  `salary` int(6) NOT NULL,
  `college_degrees` varchar(100) COLLATE utf8_unicode_ci NOT NULL DEFAULT '',
  `address_street` varchar(255) COLLATE utf8_unicode_ci NOT NULL DEFAULT '',
  `address_city` varchar(255) COLLATE utf8_unicode_ci NOT NULL DEFAULT '',
  `address_state` varchar(2) COLLATE utf8_unicode_ci NOT NULL DEFAULT '',
  `address_zip` int(10) NOT NULL,
  `phone_area` int(3) NOT NULL,
  `phone_number` int(7) NOT NULL,
  PRIMARY KEY (`ssn`)
) ENGINE=InnoDB DEFAULT CHARSET=utf8 COLLATE=utf8_unicode_ci COMMENT='name => {fname, lname} // should we include a middle name?';

LOCK TABLES `professors` WRITE;
/*!40000 ALTER TABLE `professors` DISABLE KEYS */;

INSERT INTO `professors` (`ssn`, `department_number`, `name`, `sex`, `title`, `salary`, `college_degrees`, `address_street`, `address_city`, `address_state`, `address_zip`, `phone_area`, `phone_number`)
VALUES
	(103445291,NULL,'Marco Raynor','female','Prof.',38346,'BS Engineering Technology','7096 Nienow Extension Suite 465','Lake Delmer','AZ',16348,434,8569109),
	(108643460,NULL,'Hulda Turner','female','Mrs.',99229,'BS Biology','4389 Sigrid Knolls','Stehrhaven','OH',32902,282,3310993),
	(118232801,NULL,'Malinda Wolff','male','Ms.',55350,'BS Construction Engineering','525 Dessie Square','Jovanmouth','CT',58281,542,6660662),
	(159136955,NULL,'Hermina Nolan','female','Dr.',5618,'BS Aerospace Engineering','195 Denesik Extension','Jewelton','CA',82840,360,5409283),
	(160366132,NULL,'Aaliyah Frami','female','Miss',55856,'Bachelor of Architecture','26647 McDermott Lock','Ornstad','IN',80626,208,3978760),
	(162332548,NULL,'Ludwig Williamson','female','Mr.',50648,'BS Podiatry','481 Danyka Knolls Suite 983','Irmaton','WV',75300,645,9987986),
	(171284768,NULL,'Flo Nienow','female','Miss',24917,'BA American Indian Studies','00883 Dooley Lock Suite 272','East Allie','IA',58763,335,9965368),
	(171683780,NULL,'Misty Windler','female','Mrs.',89310,'BS Cognitive Science','1479 Stroman Plains Apt. 049','Lake Janiya','PA',43646,992,6408673),
	(180236067,NULL,'Merritt Ferry','male','Mr.',77502,'BS Religion','22402 Emmy Plaza','East Raheem','IA',77600,253,3008240),
	(185122031,NULL,'Christine Botsford','female','Miss',5890,'BS Industrial Engineering','69551 Tamia Stravenue Apt. 968','Cecilside','TN',26065,727,5375310),
	(192368646,NULL,'Preston Reichel','female','Dr.',57047,'BS Business Administration','48090 O\'Keefe Park Suite 134','East Monicamouth','ME',96442,817,4428319),
	(207710853,NULL,'Flavio Kshlerin','female','Mr.',8768,'BS Education','897 Kihn Extensions Apt. 308','West Karlieside','CT',56902,746,2796401),
	(211378973,NULL,'Theron Tromp','female','Prof.',55044,'BS Physical Therapy','76053 Schoen Garden','Kirstenside','SD',53520,103,5541699),
	(213088867,NULL,'Shania Hayes','female','Mrs.',98048,'Bachelor of Commerce','00987 Jadyn Ramp Apt. 785','North Cedrickhaven','GA',60695,110,2904193),
	(219246877,NULL,'Stone Weimann','male','Dr.',93004,'BS Podiatry','3193 Mariane Rest Suite 225','South Odell','LA',38541,350,5895580),
	(243298711,NULL,'Colby Bergstrom','female','Mr.',93707,'BM Jazz Studies','9246 McClure Knolls Suite 294','North Dianna','DC',59001,716,3311372),
	(243796334,NULL,'Sandrine Murphy','female','Miss',46788,'BS Computer Engineering','5260 Annette Heights','Lake Merritt','UT',15100,610,8822488),
	(253217588,NULL,'Leta Roob','female','Miss',40529,'BS Risk Management and Insurance','696 Welch Freeway','Albashire','RI',19519,500,4878583),
	(259928693,NULL,'Savanna Hyatt','male','Mrs.',38399,'BS Physics','8014 Morar Grove','Cassinshire','AZ',21493,689,5003942),
	(262144098,NULL,'Nathen Schoen','female','Prof.',26746,'Bachelor of Architecture','32655 Gaylord Cape','Port Larrymouth','MA',70545,934,9101263),
	(277147109,NULL,'Maurine Beatty','male','Dr.',13575,'BS Psychology','9278 Armstrong Extension','West Andresmouth','KS',77312,353,6963874),
	(287183574,NULL,'Michel Bode','male','Dr.',9937,'BS Biology','874 Moore Brook','New Derrickside','NE',49462,969,7052772),
	(300673863,NULL,'Vernice Bernier','male','Ms.',22793,'BM Performance','9976 Fletcher View','Onietown','MI',90351,834,6792613),
	(303788878,NULL,'Nya Kreiger','female','Dr.',41774,'BS Civil Engineering','939 Mertie Summit Suite 860','Faybury','MD',97435,774,4623140),
	(310928847,NULL,'Vernice Langworth','male','Mrs.',28482,'BS Marketing','925 Mann Radial Suite 702','Port Nels','ME',58282,359,6027981),
	(319546044,NULL,'Paolo Murray','male','Prof.',65620,'Bachelor of Philosophy','089 Naomie Island Suite 026','Estellemouth','KS',50324,752,5772897),
	(321394528,NULL,'Cody Skiles','female','Dr.',44875,'Bachelor of Pharmacy','99527 Antonetta Mews','Port Zenahaven','AZ',57579,749,4549350),
	(332247143,NULL,'Collin Cruickshank','female','Mr.',84163,'BS Medical Technology','0254 Schinner River','Hagenesburgh','GA',74076,492,2509652),
	(334626383,NULL,'Nelda O\'Keefe','female','Dr.',7711,'BS Computer Engineering','349 Mose Valley','Smithfort','TN',83447,217,9331857),
	(342064553,NULL,'Oscar Donnelly','male','Prof.',37099,'Bachelor of Criminal Justice','913 Vicenta Port Apt. 175','West Noemy','UT',75707,363,9955845),
	(343922718,NULL,'Fredrick Rempel','male','Mr.',5598,'BS Architecture','30441 Cleveland Rapids Apt. 920','Ryanberg','AR',10232,749,7199288),
	(359134927,NULL,'Neal McDermott','male','Dr.',2247,'BS Mechanical Engineering','567 Omer Villages Apt. 932','East Bonita','VA',45204,490,7069793),
	(366077985,NULL,'Dustin Powlowski','female','Prof.',94842,'BS Biomedical Engineering','818 Gaylord Underpass','Kozeyfort','MS',73309,490,7655546),
	(368131889,NULL,'Emile McKenzie','male','Dr.',21086,'BA Biology','59399 Hirthe Manor Suite 611','South Shanna','NV',98575,891,4979083),
	(384265334,NULL,'Monroe Little','female','Prof.',90700,'BS English Literature','0625 Blaze Turnpike','New Kristinaview','MT',97830,551,8289940),
	(386596111,NULL,'Jodie Kuvalis','male','Dr.',67997,'BS Clinical Laboratory Science','2202 Donna Walk','Mohammedberg','SC',48909,930,4098143),
	(391120565,NULL,'Modesto Howe','female','Mr.',45361,'BS Civil Engineering','1539 Ernestina Ford Suite 025','East Maryjane','MI',98975,552,4397738),
	(393562828,NULL,'Jarrell Rippin','male','Prof.',37470,'BS Engineering Science','001 Cruickshank Drives Suite 682','Pfefferland','WI',59005,507,5088373),
	(403316786,NULL,'Lionel Koss','male','Dr.',88852,'Bachelor of Accountancy','708 Priscilla Divide Apt. 865','Arnomouth','MS',58465,433,7201044),
	(417872801,NULL,'Ophelia Stanton','male','Dr.',50321,'BA Organizational Psychology','804 Prosacco Trail','Haagbury','VA',29888,852,4900875),
	(429976751,NULL,'Garrett Beier','male','Dr.',84419,'BS Nutrition science','51625 Wisozk Spring','Port Lexieshire','DC',77532,475,9578597),
	(441284138,NULL,'Pearl Hirthe','male','Prof.',17041,'BS Actuarial','09452 Conor Circle','Lefflerfurt','KY',33658,547,5207444),
	(442748381,NULL,'Frederick Paucek','male','Prof.',91957,'BS Pharmacy','41042 Dagmar Plain','Okunevamouth','MD',39289,569,4260139),
	(461719196,NULL,'Bernie Homenick','female','Dr.',92499,'Bachelor of Clinical Science','34182 DuBuque Viaduct','Port Vanessa','ID',39637,381,1080498),
	(467195480,NULL,'Keely Langosh','male','Dr.',76311,'Bachelor of Engineering','9300 Cartwright Burg Apt. 872','Groverborough','MO',59109,707,2646700),
	(474165387,NULL,'Sister Koch','male','Dr.',35710,'BS Forestry','685 Paula Corner Apt. 091','Port Annette','UT',56514,598,5748417),
	(477809317,NULL,'Gavin Gerlach','male','Dr.',12425,'BA American Studies','520 Leuschke Divide Apt. 062','West Jenifershire','RI',94468,355,7889764),
	(483394383,NULL,'Eldridge Friesen','male','Miss',90953,'BS Human Resources Management','1780 Gorczany Corners','New Jerroldfurt','TX',41421,328,7105340),
	(501869845,NULL,'Loraine Hermann','female','Miss',64872,'BS Biology','92604 Lora Bypass Apt. 831','Stokestown','MA',18646,453,6033361),
	(509205547,NULL,'Ofelia Kovacek','female','Mrs.',87938,'BS Biology','05503 Wolff Route Suite 256','Howeland','NV',73072,688,1194468),
	(531558682,NULL,'Renee Walsh','female','Mrs.',69447,'BA American Indian Studies','281 Jordan Springs','Port Albachester','MN',33188,144,2759449),
	(534936013,NULL,'Barrett Treutel','male','Mr.',17078,'BS Podiatry','228 Herman Roads Suite 284','Tristinshire','OK',69697,271,3612257),
	(535152033,NULL,'Olga Daugherty','male','Mrs.',32033,'BS Diagnostic Radiography','9643 Tyrese Square Suite 447','Lanefurt','AR',50483,500,1342716),
	(538821600,NULL,'Sydnie Heathcote','male','Dr.',49635,'BM Music Education','309 Dorian Squares','South Emmalee','AR',52378,242,8013501),
	(544831624,NULL,'Adrian Little','male','Prof.',36335,'BS Microbiology','3236 Amira Junctions Apt. 759','Jerrellhaven','NV',18992,400,8967462),
	(558668978,NULL,'Aurore Kuhn','female','Miss',69475,'BS Aerospace Engineering','0338 Bahringer Parkway Suite 492','O\'Keefefort','AZ',91182,587,8428869),
	(562587568,NULL,'Karlee Kunde','female','Prof.',73929,'BS Environmental Studies','34797 Lisandro Flats','Wuckerthaven','MD',58466,168,3023511),
	(566947045,NULL,'Terrill Price','female','Dr.',50153,'BS Environmental Science','3338 Era Throughway','Naomistad','IN',23132,112,9234542),
	(569955392,NULL,'Jermaine Spinka','female','Dr.',27237,'BS Construction Technology','656 Rippin Cliffs Suite 102','Port Erin','NC',98941,354,1673869),
	(580931652,NULL,'Loy Ward','female','Dr.',92817,'BS Podiatry','6767 Cortez Rue','Arturoshire','DC',39182,196,8638032),
	(617049712,NULL,'Tyrell Moore','male','Prof.',97253,'BA Anthropology','63695 Trantow Meadow Apt. 311','Ryannstad','MS',47573,364,3790629),
	(630433713,NULL,'Simeon Miller','female','Mr.',37029,'BS Science Education','652 Bailey Avenue Apt. 015','Mitchellborough','MI',78315,168,6977043),
	(639592113,NULL,'Bo Leannon','male','Mr.',75221,'BS Systems Engineering','0651 Leonor Drive Suite 570','Diegoport','IL',96379,114,5147794),
	(642710847,NULL,'Jermaine Mosciski','male','Ms.',82054,'BS Environmental Science','5316 Reva Center','Franzburgh','CO',98516,174,1764190),
	(644455216,NULL,'Ewald Monahan','female','Mr.',10839,'BS Environmental Science','62011 Torp Ramp Suite 846','Hilpertview','MN',10385,301,7460007),
	(644943665,NULL,'Armando Glover','female','Prof.',66975,'BS Environmental Science','99876 Nikolas Drive Suite 650','Halvorsonshire','MI',46874,436,4508587),
	(678213773,NULL,'Zoe Heidenreich','female','Dr.',51767,'BS Quantity Surveying Engineering','62262 Dietrich Port Suite 447','Angelinefurt','AZ',23293,799,1785185),
	(688965805,NULL,'Garry Bergstrom','male','Mr.',56982,'Bachelor of Criminal Justice','66532 Schumm Glen Suite 699','Denaberg','UT',28543,151,6689042),
	(714269214,NULL,'Gregg Halvorson','male','Mr.',41198,'Bachelor of Computer Information Systems','991 Turner Inlet','Lake Xzavierhaven','NE',47796,427,2250340),
	(724739862,NULL,'Korey Abernathy','male','Prof.',71773,'Bachelor of Architecture','91128 McGlynn Cliff','Miltonmouth','MS',21064,559,7747817),
	(726887712,NULL,'Aliya Schoen','female','Dr.',52474,'BS Food Science','151 Halvorson Pass Suite 362','New Jaiden','NE',15405,927,2298746),
	(727882075,NULL,'Berry Bode','male','Prof.',23694,'BS Computer Science','34739 Ritchie Flats','Kiehnmouth','WY',58285,338,9656373),
	(763237355,NULL,'Raina Orn','male','Ms.',48262,'BA American Studies','35538 Bayer Gardens Suite 134','South Brownfurt','ME',54214,275,7091010),
	(767284514,NULL,'Orpha Hirthe','female','Mrs.',75886,'BA Child Advocacy','00739 Kub Ridges Apt. 631','Olsonbury','NV',24227,346,6349332),
	(768464155,NULL,'Sydnee Ebert','male','Ms.',74312,'Bachelor of Economics','91946 Jacobson Garden','Port Vivienburgh','CO',42044,462,2929926),
	(768741957,NULL,'Kaley Ebert','male','Dr.',87171,'BA American Studies','7691 Deontae Cliff Apt. 650','Wellingtonside','SC',74997,680,5105398),
	(814611431,NULL,'Eden Sipes','female','Mrs.',94749,'BS Religion','473 Yvette Island Apt. 768','Aufderharton','RI',24047,300,6035545),
	(822652938,NULL,'Demarcus Robel','female','Mr.',41782,'BS Psychology','723 Royce Alley Suite 746','Mooreshire','AZ',36062,117,6834800),
	(827602909,NULL,'Alexandria Toy','male','Ms.',40739,'BS Neuroscience','19846 Orion Wall','Torreyport','IN',19122,991,5331274),
	(828679453,NULL,'Aurore Schaden','female','Prof.',22187,'BA American Studies','601 Alanna Canyon Apt. 373','North Eastonhaven','KY',65956,749,7392881),
	(843276539,NULL,'Kaleigh Kshlerin','female','Mr.',20002,'BS Psychology','40723 Pfannerstill Fords Apt. 511','Lake Hassiehaven','WV',88110,962,9397968),
	(853070467,NULL,'Dolores Auer','female','Ms.',22259,'BS Plant Science','285 Runolfsson Bypass Suite 411','Wilmershire','TX',30926,921,6903870),
	(874070505,NULL,'Linwood Yundt','male','Mr.',6650,'Bachelor of Social Work','5794 Yost Rapids Apt. 158','Port Evabury','SD',47966,385,1699293),
	(875346048,NULL,'Carmelo Flatley','male','Mr.',30903,'BS Quantity Surveying Engineering','28359 Hilpert Inlet','Gerholdstad','NY',16933,523,6613752),
	(877428305,NULL,'Edison Pacocha','female','Prof.',35612,'BS Real-Time Interactive Simulation','77561 Goyette Streets','North Terryfurt','WV',67807,708,4134392),
	(889890216,NULL,'Claudine Gottlieb','male','Miss',30266,'BM Theory','80496 Frances Point','Coleville','LA',53788,569,9289510),
	(895278267,NULL,'Efrain Mohr','female','Dr.',43227,'BS Chemical Engineering','8865 Nienow Causeway','East Estel','LA',92547,633,4260705),
	(898148518,NULL,'Ruby Nikolaus','male','Ms.',53694,'BS Molecular Biology','01060 Bennie Valley Apt. 472','West Emmachester','MS',95974,890,3265658),
	(898812405,NULL,'Julia Murphy','male','Prof.',12532,'BS Nursing','246 Feeney Streets','Evieberg','TN',76184,689,2289490),
	(916451513,NULL,'Gilda Mraz','female','Mrs.',83318,'BS Foreign Service','6854 Cremin Lodge','Schusterview','LA',62191,934,8196708),
	(920167646,NULL,'Shirley Nader','female','Prof.',98287,'BS Education','149 Armstrong Lock Apt. 890','North Casimir','ND',37434,551,2710140),
	(920838871,NULL,'Newton Crona','male','Dr.',31313,'Bachelor of Accountancy','9234 Russ Mews Apt. 419','Lowetown','PA',55428,597,4813425),
	(924150250,NULL,'Golden Trantow','female','Dr.',15825,'BA American Studies','5642 Schulist Circles','West Ricardo','NY',76477,907,9924331),
	(928415832,NULL,'Marcelo Bode','male','Dr.',40838,'BA Forensic Psychology','061 Walker Roads Apt. 996','East Florineton','KS',15182,463,3198862),
	(929337951,NULL,'Deondre Cruickshank','female','Prof.',5220,'BS Integrated Science, Business and Technology','70750 Jeffry Pass Apt. 847','East Vernicemouth','IL',92084,372,7980342),
	(932871367,NULL,'Vergie Ryan','female','Prof.',90868,'BS History','360 Boyer Mews','Lake Octaviaport','AK',30115,733,2709792),
	(937632424,NULL,'Ronny Kuhn','male','Prof.',42358,'Bachelor of Management','9008 Hirthe Rapids Suite 130','Arelyberg','SC',87786,174,8847811),
	(941251401,NULL,'Emma Hills','female','Miss',5382,'BS Engineering Physics','25982 Gusikowski Islands Suite 987','Nienowton','MA',94150,708,6635352),
	(963997727,NULL,'Justina Bins','male','Prof.',9787,'BS Agriculture','64017 Raynor Freeway Suite 271','Finnton','AR',65237,788,4844977),
	(979734521,NULL,'Jaren Lueilwitz','male','Dr.',9234,'Bachelor of Criminal Justice','3101 Jettie Radial Apt. 974','Michealport','AR',52029,922,9023114);

/*!40000 ALTER TABLE `professors` ENABLE KEYS */;
UNLOCK TABLES;


# Dump of table sections
# ------------------------------------------------------------

DROP TABLE IF EXISTS `sections`;

CREATE TABLE `sections` (
  `number` int(11) unsigned NOT NULL,
  `professor_ssn` int(11) DEFAULT NULL,
  `course_number` int(10) unsigned NOT NULL,
  `classroom` varchar(50) NOT NULL DEFAULT '',
  `meeting_days` varchar(50) NOT NULL DEFAULT '',
  `beginning_time` varchar(10) NOT NULL DEFAULT '',
  `end_time` varchar(10) NOT NULL DEFAULT '',
  `seats` int(5) NOT NULL,
  PRIMARY KEY (`number`),
  KEY `course_number` (`course_number`),
  KEY `sections_professor_ssn_foreign` (`professor_ssn`),
  CONSTRAINT `sections_course_number_foreign` FOREIGN KEY (`course_number`) REFERENCES `courses` (`number`) ON DELETE CASCADE,
  CONSTRAINT `sections_professor_ssn_foreign` FOREIGN KEY (`professor_ssn`) REFERENCES `professors` (`ssn`)
) ENGINE=InnoDB DEFAULT CHARSET=utf8 COMMENT='meeting_days could possibly be a separate one-to-many table to specify and categorize days and times depending on the needs of the application';

LOCK TABLES `sections` WRITE;
/*!40000 ALTER TABLE `sections` DISABLE KEYS */;

INSERT INTO `sections` (`number`, `professor_ssn`, `course_number`, `classroom`, `meeting_days`, `beginning_time`, `end_time`, `seats`)
VALUES
	(1097,417872801,24713,'nam 171','T','16:00','20:00',47),
	(1114,243796334,24588,'eligendi 299','F','4:00','6:00',71),
	(1280,544831624,54090,'esse 107','S','21:00','0:00',13),
	(1313,509205547,77802,'consequatur 159','T','1:00','2:00',43),
	(1403,920167646,30591,'pariatur 109','F','21:00','1:00',28),
	(1428,929337951,13927,'veniam 424','W','13:00','16:00',59),
	(1430,429976751,10995,'ut 143','F','4:00','5:00',51),
	(1444,535152033,56971,'maxime 141','F','18:00','19:00',41),
	(1485,929337951,20083,'natus 161','F','3:00','5:00',55),
	(1486,920167646,80473,'vitae 116','S','15:00','17:00',1),
	(1500,287183574,98900,'modi 274','Th','11:00','12:00',27),
	(1623,461719196,24713,'et 560','MWF','14:00','18:00',56),
	(1625,767284514,14040,'enim 493','S','8:00','12:00',96),
	(1639,534936013,28027,'reiciendis 299','S','20:00','22:00',52),
	(1690,332247143,64143,'officia 376','F','17:00','18:00',34),
	(1769,644455216,96849,'optio 285','MWF','23:00','2:00',79),
	(1889,310928847,24588,'doloremque 202','W','11:00','12:00',19),
	(1930,843276539,80473,'animi 511','T','15:00','16:00',30),
	(1944,828679453,30591,'est 100','Th','17:00','18:00',42),
	(1982,562587568,74497,'ut 546','F','12:00','13:00',35),
	(1999,108643460,10995,'repellat 433','MWF','17:00','20:00',52),
	(2013,287183574,74497,'est 552','M','11:00','13:00',33),
	(2041,342064553,30591,'ut 379','TTh','22:00','2:00',7),
	(2090,814611431,13927,'reprehenderit 534','T','7:00','9:00',80),
	(2108,403316786,24713,'non 389','MWF','4:00','8:00',23),
	(2118,243298711,12912,'nostrum 419','F','23:00','0:00',64),
	(2119,562587568,13927,'ea 216','MWF','7:00','9:00',93),
	(2136,916451513,30591,'quo 327','F','14:00','16:00',27),
	(2178,185122031,54090,'expedita 503','W','4:00','8:00',73),
	(2226,334626383,10396,'minima 471','S','9:00','11:00',5),
	(2254,531558682,80473,'doloribus 358','S','7:00','9:00',38),
	(2255,461719196,57204,'delectus 271','S','18:00','19:00',28),
	(2430,277147109,98900,'officiis 456','M','7:00','8:00',94),
	(2498,118232801,24713,'ut 241','W','1:00','4:00',94),
	(2509,644455216,30591,'commodi 180','S','0:00','3:00',2),
	(2704,259928693,48144,'odio 159','W','20:00','0:00',36),
	(2723,162332548,24713,'et 593','F','20:00','0:00',70),
	(2756,310928847,30591,'doloribus 249','MW','16:00','20:00',70),
	(2760,724739862,10020,'maxime 427','S','17:00','19:00',97),
	(2765,359134927,66420,'id 281','MW','11:00','14:00',43),
	(2799,219246877,64143,'recusandae 315','M','0:00','3:00',17),
	(2810,979734521,30591,'ratione 563','TTh','10:00','14:00',47),
	(2947,727882075,10020,'nulla 552','Th','4:00','7:00',22),
	(3022,827602909,14040,'officia 312','W','8:00','12:00',62),
	(3104,262144098,84717,'beatae 564','Th','14:00','15:00',55),
	(3262,558668978,74497,'explicabo 120','F','12:00','15:00',59),
	(3293,118232801,57204,'ea 432','Th','12:00','14:00',81),
	(3317,941251401,56971,'saepe 271','MW','23:00','0:00',74),
	(3335,558668978,10396,'laborum 140','T','21:00','22:00',99),
	(3343,477809317,10995,'laudantium 457','S','0:00','1:00',95),
	(3362,483394383,13927,'et 294','S','17:00','18:00',50),
	(3369,343922718,14040,'qui 547','TTh','22:00','0:00',71),
	(3451,393562828,10020,'suscipit 298','M','11:00','13:00',11),
	(3627,763237355,54090,'sit 271','S','18:00','22:00',56),
	(3651,714269214,96849,'in 431','MWF','4:00','8:00',70),
	(3652,569955392,24713,'quia 528','W','11:00','13:00',60),
	(3726,889890216,18373,'inventore 313','TTh','23:00','2:00',14),
	(3736,644943665,74497,'temporibus 593','Th','16:00','18:00',94),
	(3984,300673863,42764,'rem 198','M','2:00','3:00',68),
	(4135,403316786,74497,'tempora 236','Th','1:00','2:00',62),
	(4183,566947045,56971,'at 210','T','9:00','12:00',80),
	(4228,937632424,12912,'dignissimos 549','T','0:00','4:00',72),
	(4250,569955392,77802,'nulla 362','Th','16:00','19:00',94),
	(4314,342064553,13927,'qui 347','W','19:00','22:00',22),
	(4485,509205547,64143,'id 408','MW','20:00','0:00',29),
	(4555,259928693,54090,'quis 582','S','3:00','5:00',67),
	(4604,639592113,80473,'id 161','T','10:00','12:00',5),
	(4607,843276539,81207,'reprehenderit 409','MWF','8:00','10:00',39),
	(4695,763237355,28235,'doloremque 299','W','2:00','4:00',88),
	(4718,558668978,28304,'ducimus 190','T','11:00','15:00',47),
	(4770,580931652,30591,'repudiandae 417','M','5:00','8:00',23),
	(4803,875346048,56971,'quas 434','MW','2:00','4:00',39),
	(4875,920838871,14040,'est 521','S','22:00','1:00',96),
	(4898,895278267,48144,'velit 261','TTh','20:00','23:00',40),
	(5029,617049712,80473,'illo 389','MW','14:00','18:00',16),
	(5045,642710847,28235,'a 402','TTh','17:00','18:00',56),
	(5096,580931652,28235,'sint 453','M','20:00','0:00',34),
	(5099,617049712,74497,'esse 429','TTh','13:00','14:00',38),
	(5110,724739862,96849,'et 363','F','21:00','23:00',41),
	(5135,159136955,10396,'deleniti 289','TTh','4:00','5:00',37),
	(5163,384265334,74497,'facere 367','TTh','2:00','6:00',38),
	(5175,403316786,42764,'eaque 489','TTh','8:00','10:00',74),
	(5194,393562828,18373,'voluptate 336','F','16:00','19:00',72),
	(5245,566947045,10396,'natus 188','M','8:00','12:00',63),
	(5343,171683780,81207,'dignissimos 155','S','2:00','4:00',72),
	(5349,877428305,57204,'voluptatibus 455','T','0:00','1:00',89),
	(5457,822652938,24588,'sit 299','MW','12:00','15:00',89),
	(5458,924150250,10396,'et 485','F','4:00','7:00',81),
	(5463,726887712,84717,'magni 592','S','18:00','21:00',21),
	(5479,366077985,10396,'fugiat 248','MW','15:00','19:00',10),
	(5487,726887712,24588,'sit 308','MWF','19:00','22:00',70),
	(5533,393562828,10396,'est 526','F','8:00','12:00',12),
	(5556,768741957,24713,'harum 483','S','19:00','20:00',20),
	(5679,391120565,28235,'eos 200','W','17:00','18:00',37),
	(5685,243796334,96849,'rerum 535','MWF','10:00','11:00',18),
	(5733,213088867,13927,'repellat 517','F','3:00','5:00',55),
	(5743,417872801,98900,'quasi 592','M','18:00','22:00',59),
	(5752,726887712,42764,'culpa 360','S','8:00','12:00',66),
	(5772,688965805,84717,'numquam 201','S','4:00','8:00',64),
	(5792,366077985,42764,'alias 275','MWF','5:00','7:00',6),
	(5813,979734521,98900,'est 338','TTh','17:00','21:00',60),
	(5844,303788878,64143,'aut 202','MW','14:00','15:00',65),
	(5995,171284768,66420,'similique 288','T','3:00','6:00',63),
	(6050,319546044,80473,'inventore 468','S','14:00','17:00',2),
	(6087,386596111,24588,'nihil 172','W','4:00','7:00',74),
	(6118,895278267,48144,'tempore 392','F','2:00','5:00',20),
	(6189,332247143,13927,'quo 315','Th','3:00','4:00',62),
	(6228,253217588,28027,'necessitatibus 433','T','20:00','0:00',51),
	(6274,763237355,80473,'sed 177','MWF','20:00','23:00',78),
	(6343,932871367,10995,'labore 547','F','20:00','23:00',52),
	(6349,259928693,13927,'sed 103','F','11:00','13:00',47),
	(6550,932871367,10396,'voluptatem 529','W','20:00','21:00',70),
	(6574,334626383,12912,'pariatur 540','Th','23:00','0:00',82),
	(6588,417872801,24713,'quos 153','TTh','13:00','14:00',66),
	(6609,877428305,54090,'aut 350','MWF','22:00','1:00',38),
	(6625,767284514,12912,'qui 376','MW','14:00','15:00',88),
	(6636,898148518,30591,'qui 323','MWF','8:00','11:00',36),
	(6665,827602909,18373,'quibusdam 356','TTh','1:00','2:00',69),
	(6682,277147109,28235,'dolores 523','S','19:00','21:00',91),
	(6697,562587568,18373,'impedit 344','Th','9:00','10:00',53),
	(6730,442748381,81207,'quo 271','TTh','22:00','23:00',39),
	(6760,192368646,10396,'sint 110','Th','22:00','1:00',49),
	(6783,243298711,24713,'totam 424','F','5:00','8:00',88),
	(6899,442748381,42764,'vero 311','F','18:00','22:00',34),
	(6984,639592113,14040,'id 165','T','7:00','10:00',82),
	(7034,501869845,24588,'corporis 426','W','7:00','8:00',43),
	(7056,171683780,18373,'dolor 236','W','2:00','5:00',11),
	(7099,768464155,30591,'vel 567','F','2:00','5:00',78),
	(7236,566947045,28235,'dolor 352','TTh','23:00','0:00',52),
	(7257,159136955,77802,'aliquid 285','MW','11:00','13:00',16),
	(7263,916451513,54090,'officiis 353','MW','0:00','4:00',24),
	(7324,898148518,10995,'soluta 183','M','11:00','13:00',78),
	(7391,569955392,98900,'deleniti 329','M','6:00','8:00',44),
	(7403,874070505,24713,'est 305','MW','15:00','16:00',52),
	(7429,932871367,74497,'ut 585','M','6:00','7:00',6),
	(7466,644943665,81207,'adipisci 149','TTh','13:00','15:00',41),
	(7471,688965805,48144,'officia 527','T','19:00','20:00',36),
	(7484,441284138,57204,'ipsam 481','Th','19:00','22:00',8),
	(7537,103445291,54090,'deleniti 309','W','15:00','17:00',26),
	(7545,171683780,24588,'quae 207','M','21:00','23:00',45),
	(7564,644455216,64143,'non 169','M','22:00','23:00',31),
	(7585,889890216,81207,'est 547','M','0:00','1:00',49),
	(7614,368131889,12912,'est 197','Th','8:00','12:00',61),
	(7647,630433713,28027,'accusantium 507','S','23:00','3:00',36),
	(7651,678213773,48144,'voluptatem 384','Th','8:00','12:00',24),
	(7670,898812405,10020,'ipsa 339','T','18:00','22:00',69),
	(7723,538821600,13927,'ut 339','S','11:00','15:00',52),
	(7798,342064553,56971,'sed 512','F','20:00','0:00',97),
	(7915,211378973,80473,'placeat 150','MWF','0:00','4:00',94),
	(8065,928415832,84717,'sit 160','MWF','4:00','6:00',84),
	(8160,538821600,96849,'nemo 237','T','13:00','15:00',58),
	(8184,895278267,77802,'nulla 164','TTh','17:00','19:00',96),
	(8217,630433713,12912,'ipsum 371','MW','16:00','20:00',83),
	(8233,920838871,77802,'et 428','Th','16:00','18:00',90),
	(8295,814611431,10995,'vel 127','S','1:00','3:00',30),
	(8347,920167646,48144,'at 296','M','18:00','19:00',82),
	(8371,474165387,24588,'dolore 232','TTh','11:00','15:00',65),
	(8387,467195480,28235,'et 396','S','20:00','0:00',93),
	(8396,853070467,48144,'id 362','M','13:00','15:00',98),
	(8413,477809317,28027,'a 448','F','1:00','3:00',83),
	(8505,162332548,74497,'in 121','W','21:00','22:00',37),
	(8517,827602909,20083,'qui 129','T','20:00','22:00',25),
	(8528,822652938,96849,'minus 495','MWF','21:00','22:00',46),
	(8678,467195480,48144,'quia 372','MWF','19:00','22:00',71),
	(8697,192368646,96849,'molestiae 276','F','3:00','4:00',10),
	(8708,768464155,14040,'architecto 272','F','10:00','11:00',38),
	(8822,160366132,48144,'molestiae 527','TTh','15:00','16:00',62),
	(8845,108643460,54090,'sequi 492','MW','21:00','22:00',1),
	(9002,877428305,20083,'libero 484','S','5:00','9:00',34),
	(9040,366077985,48144,'voluptates 489','TTh','8:00','11:00',21),
	(9047,874070505,54090,'doloribus 370','TTh','13:00','16:00',33),
	(9067,467195480,30591,'placeat 573','M','6:00','10:00',59),
	(9075,963997727,28304,'omnis 319','T','0:00','3:00',90),
	(9077,219246877,18373,'rerum 393','W','10:00','11:00',2),
	(9106,941251401,98900,'occaecati 137','T','21:00','22:00',9),
	(9256,853070467,56971,'a 153','Th','1:00','4:00',100),
	(9268,262144098,10995,'ullam 143','S','7:00','10:00',12),
	(9287,300673863,10396,'quis 249','Th','6:00','9:00',63),
	(9311,180236067,96849,'fugit 539','TTh','7:00','9:00',11),
	(9373,474165387,81207,'laborum 362','MW','15:00','19:00',77),
	(9380,321394528,48144,'consequatur 321','W','15:00','19:00',16),
	(9387,678213773,64143,'aut 159','W','2:00','3:00',79),
	(9445,937632424,80473,'rerum 128','Th','13:00','16:00',11),
	(9536,580931652,28235,'autem 210','Th','10:00','13:00',93),
	(9538,501869845,28235,'assumenda 437','Th','22:00','23:00',22),
	(9565,300673863,28304,'velit 537','MW','18:00','19:00',32),
	(9710,642710847,20083,'ea 291','MWF','15:00','16:00',83),
	(9722,963997727,13927,'est 330','MWF','9:00','12:00',36),
	(9742,442748381,66420,'dolore 246','W','0:00','3:00',45),
	(9784,332247143,56971,'et 106','S','5:00','7:00',20),
	(9818,979734521,12912,'sunt 471','S','22:00','2:00',20),
	(9914,386596111,10995,'culpa 147','F','19:00','21:00',59),
	(9999,207710853,28027,'inventore 550','M','8:00','12:00',8);

/*!40000 ALTER TABLE `sections` ENABLE KEYS */;
UNLOCK TABLES;


# Dump of table student_minor
# ------------------------------------------------------------

DROP TABLE IF EXISTS `student_minor`;

CREATE TABLE `student_minor` (
  `student_cwid` int(11) unsigned NOT NULL,
  `minor_department` int(11) unsigned NOT NULL,
  PRIMARY KEY (`student_cwid`,`minor_department`),
  KEY `student_minor_minor_department_foreign` (`minor_department`),
  CONSTRAINT `student_minor_minor_department_foreign` FOREIGN KEY (`minor_department`) REFERENCES `departments` (`number`) ON DELETE CASCADE,
  CONSTRAINT `student_minor_student_cwid_foreign` FOREIGN KEY (`student_cwid`) REFERENCES `students` (`cwid`) ON DELETE CASCADE
) ENGINE=InnoDB DEFAULT CHARSET=utf8;



# Dump of table students
# ------------------------------------------------------------

DROP TABLE IF EXISTS `students`;

CREATE TABLE `students` (
  `cwid` int(11) unsigned NOT NULL,
  `name` varchar(255) NOT NULL DEFAULT '',
  `address` varchar(255) NOT NULL DEFAULT '',
  `telephone` varchar(20) DEFAULT '',
  `major` int(11) unsigned DEFAULT NULL,
  PRIMARY KEY (`cwid`),
  KEY `students_major_foreign` (`major`),
  CONSTRAINT `students_major_foreign` FOREIGN KEY (`major`) REFERENCES `departments` (`number`)
) ENGINE=InnoDB DEFAULT CHARSET=utf8 COMMENT='Specification dictates an address, but does not specify it as a composite field so we will just use one column to hold the address';

LOCK TABLES `students` WRITE;
/*!40000 ALTER TABLE `students` DISABLE KEYS */;

INSERT INTO `students` (`cwid`, `name`, `address`, `telephone`, `major`)
VALUES
	(103002976,'Eliza Champlin','40107 Ludie Greens\nNorth Reid, TN 96425-7959','396.131.4051',NULL),
	(106404276,'Dr. Maida Kunze I','972 Lucienne Tunnel Apt. 482\nReggieside, MO 01428','137.699.1886x35513',NULL),
	(108064475,'Marlene Strosin','48918 Gerhold Circles\nLake Evelinebury, PA 10322-1368','(581)332-7903',NULL),
	(108425326,'Prof. Trace Schamberger II','9711 Michaela Knoll\nSouth Joelle, AK 69764-5992','946.585.2932',NULL),
	(108755256,'Mrs. Raina Rippin Jr.','9632 Wilfredo Valleys\nJarvisfurt, FL 73174-5828','131.533.3800x667',NULL),
	(108807936,'Eli Wolff','965 Angeline Islands Suite 132\nNovellaview, KS 69273','1-861-665-5451x609',NULL),
	(109247889,'Montana Hettinger','0322 Barrows Brook\nMaggiofurt, CT 75931','1-099-143-8156',NULL),
	(109583846,'Elise Thompson','594 Howe Wells\nSouth Karolanntown, AR 74643','882-140-5289x2308',NULL),
	(110204967,'Loraine Emard','633 Fern Streets Suite 826\nPort Fayburgh, TN 53470','1-196-813-8623x6821',NULL),
	(110550689,'Mona Herzog','8037 Kelsi Highway Apt. 497\nPort Hiltonville, ME 03511','00052921395',NULL),
	(111128921,'Addie Skiles IV','439 Janiya Estates Suite 780\nFisherville, DE 13788','519.540.4923',NULL),
	(116700303,'Roxane Wuckert','1180 Gorczany Port\nMcCulloughmouth, DC 38594-3003','(641)804-1949',NULL),
	(121664097,'Prof. Morgan Roob','05128 Russell Common Apt. 888\nPort Stellafort, GA 41610-6594','+11(2)9464712163',NULL),
	(121669139,'Eddie Bechtelar','4199 Ernser Mountain\nSouth Whitneymouth, WI 28056-9645','05518984262',NULL),
	(125294918,'Caitlyn Fadel','576 Vivian Wells\nBrendaport, VA 11848-1247','285.666.8194x2469',NULL),
	(129839924,'Benny Lockman Jr.','1092 Nienow Keys\nNew Calebburgh, CA 98218','+39(7)0747534973',NULL),
	(138628797,'Johnathon Block','2301 Vidal Mission\nMatildamouth, AZ 14793','877-214-1125',NULL),
	(138691554,'Stevie Goodwin','6803 Howell Garden Suite 375\nManleyfurt, LA 00942-4169','773-294-6356x715',NULL),
	(143409214,'Prince Bernier DVM','5917 Moen Fords\nEast Mireilleburgh, UT 56582-6836','1-504-932-0491x771',NULL),
	(143925421,'Karelle Dach PhD','46903 Estella Flat Apt. 358\nSouth Dayanaville, PA 05054-3061','1-784-238-3513',NULL),
	(144835931,'Bettye Wisoky','783 Alexander Park Suite 773\nWehnerton, MD 68254','1-128-171-6887x150',NULL),
	(150549500,'Miss Hassie Kuhic DVM','21564 Strosin Isle\nLake Reed, VT 13837-0111','(604)258-9615',NULL),
	(156473350,'Abe Schuster Sr.','8769 Clinton Avenue Suite 677\nWest Aracelyfurt, UT 83877','831-295-3274',NULL),
	(157842950,'Ms. Lou Steuber III','04471 Thomas Light\nLake Amie, ME 17720-8763','00569942610',NULL),
	(158434755,'Meredith Stamm','9575 Deven Fall Apt. 471\nConsidineburgh, MS 36726-6048','+39(5)7720792227',NULL),
	(160524794,'Larissa Schroeder','78224 Mohamed Islands\nPort Ronaldo, ND 35890','1-596-019-5093',NULL),
	(162082088,'Doug Ondricka','58621 Sven Inlet\nPort Iliana, MT 13725','03775258438',NULL),
	(162684996,'Prof. Amir Lockman MD','0584 Stanton Station\nFaychester, FL 78551-1591','1-077-306-7842',NULL),
	(163493486,'Broderick Leannon II','72216 Jalon Ports\nAlvinamouth, FL 80802','+63(5)9393156903',NULL),
	(164652756,'Charley Luettgen','75074 Marks Alley\nWest Melyssahaven, AR 11109-2050','878.813.8451x3019',NULL),
	(165650766,'Maurine Lindgren V','85811 Ratke Divide Suite 917\nEast Violettefort, OK 97440','405.342.6768x207',NULL),
	(167056103,'Onie Connelly DDS','05625 Rohan Lodge\nEast Guido, OK 66738-2954','817-881-6424x79695',NULL),
	(167901869,'Reilly Keebler','93299 Zulauf Cliffs\nNorth Osvaldoville, MS 21469','(051)193-4379',NULL),
	(169733414,'Mr. Karson Kemmer','432 Vivien Mountains Apt. 344\nNikolasbury, RI 50287','01313915381',NULL),
	(170119731,'Caroline Reynolds','180 Shanel Springs\nBashirianhaven, MO 01926-8975','+05(7)9072938596',NULL),
	(173377141,'Chance Pfannerstill','6466 Nelda Cove Apt. 320\nKovacekmouth, IL 22145-4768','(643)796-5039',NULL),
	(178361607,'Annette Thompson','0804 Cummings Courts\nSouth Nelsonland, IN 51745','628-724-0104',NULL),
	(179458678,'Gerry Spinka','132 Schiller Cliff\nOkunevachester, DC 70904','793.359.9588x55332',NULL),
	(200093233,'Mrs. Candida Effertz I','69829 Dietrich Meadow Suite 624\nKailynstad, AR 78111','486.450.0443x480',NULL),
	(200210281,'Myra Torp','3773 Amie Terrace\nNorth Montanashire, KY 09517','027.820.5828x37346',NULL),
	(200831860,'Ms. Filomena Kuvalis MD','517 Shannon Ports\nBartolettifurt, GA 64342','(424)289-1082',NULL),
	(202684197,'Prof. Unique Pouros','853 Gregg Shore\nNew Marlin, AK 65540','043-537-5335',NULL),
	(205358422,'Johnny Lang','7477 Myron Islands\nEast Sethshire, WA 38273','859-565-4062',NULL),
	(208080046,'Genoveva Kunde','026 Sterling Ways Apt. 281\nWest Elias, KY 57282','(842)250-3005x459',NULL),
	(209408013,'Audie Rice','997 Lucienne River\nWest Rhett, CO 67564','1-728-371-3284x64682',NULL),
	(209980163,'Dr. Aniyah Pouros DDS','55550 Lockman Loaf Suite 254\nSouth Uriahport, MT 94693','201-797-6230x9613',NULL),
	(217578900,'Dr. Eliane Torp','2348 Kris Divide\nKassulkestad, LA 29145','1-100-824-7527x96999',NULL),
	(219927071,'Amari Stroman','5663 Wintheiser Mills Suite 890\nSchultzmouth, OK 13495-8183','1-462-135-5479',NULL),
	(222372398,'Jake Bauch','0928 Watsica Mews\nPort Angelica, MI 06578','+55(8)1058833229',NULL),
	(225483962,'Helena Satterfield','731 Emerson Square\nWest Veldaville, AR 14927-2397','266-400-9160',NULL),
	(227377722,'Oma Langworth','9799 Schmeler Prairie Suite 462\nBessiemouth, AZ 45071-8272','670-872-8310',NULL),
	(227511704,'Makenna Wyman','8456 Sarai Vista Suite 306\nBashirianburgh, MT 44053','(576)194-4678x112',NULL),
	(228187528,'Prof. Norwood Upton Jr.','99966 Mueller Plain Apt. 703\nWest Georgianaport, WV 58110-2471','926-435-2557',NULL),
	(230166520,'Cornelius Hoeger','56279 Adrian Prairie Apt. 683\nSatterfieldstad, HI 36781-0756','932.856.6398',NULL),
	(234232898,'Adrianna Bernier','91198 Junius Fork\nO\'Keefeville, NJ 22060-1437','1-524-891-1305',NULL),
	(238376888,'Gregg Towne III','974 Vella Forks Apt. 125\nKozeyside, AL 89395-2154','(347)387-2360x222',NULL),
	(240970609,'Sylvia Hermiston','2137 Turcotte Stravenue Suite 909\nAuermouth, AR 31275','05420113483',NULL),
	(241986095,'Miss Maida Denesik','586 Yundt Circle Suite 524\nSouth Nicholaus, SD 05842-8889','813.355.3444',NULL),
	(243434605,'Dr. Randy Beer Sr.','6816 Littel Unions Apt. 103\nWilsonview, DC 71078','(238)361-8277',NULL),
	(246060115,'Prof. Uriah Leuschke','9514 Ortiz Shores\nEmmittburgh, IL 06443','1-289-553-3586',NULL),
	(256431244,'Wilhelmine Bauch','9077 Kulas Mountains\nDeckowbury, WV 79420','702.167.2561x47442',NULL),
	(258804568,'Ibrahim Swaniawski','37404 Ayden Lane Suite 938\nPort Alda, OK 87321-4893','1-268-122-5116x6450',NULL),
	(259863328,'Sharon Dibbert','5557 Rebeca Passage Apt. 009\nEast Talia, DC 42390','639.763.3756x501',NULL),
	(260324430,'Eleanora Weber','20647 Soledad Stream Suite 740\nBorismouth, MA 39520','1-927-289-0665',NULL),
	(270386658,'Dr. Aurore Anderson PhD','256 Keaton Lane Suite 779\nEast Hollis, OK 50117','464-567-2725',NULL),
	(275343232,'Sister Mann IV','9241 Simonis Spring Suite 710\nHauckberg, WI 14097-9125','1-125-733-7156',NULL),
	(278731438,'Angelita Abernathy','2641 Fritsch Point Apt. 770\nSouth Emmy, MA 91674-3674','1-271-659-6314',NULL),
	(280992695,'Brook Corkery','3290 Rolando Estate Suite 680\nNathanmouth, PA 52590-6370','637-662-9768x2128',NULL),
	(288306909,'Mr. Julius Kuhic','5190 Rutherford Heights\nEstelberg, MI 55888-2325','(402)247-6715',NULL),
	(300843740,'Aisha McCullough PhD','98938 Anthony Crest\nManuelafort, SC 22453','395.400.4375',NULL),
	(308536428,'Mr. Ambrose Pfeffer MD','7036 Flatley Ridge Apt. 084\nRogahnton, TN 25112-9008','06695177546',NULL),
	(309362206,'Emily Armstrong','9392 Zemlak Lock\nWest Kristin, MA 98476-5199','1-304-622-9223',NULL),
	(311730817,'Ms. Ida Halvorson','565 Gaylord Causeway\nNew Keshaunchester, SC 75775','+29(2)5181162115',NULL),
	(312989588,'Dr. Elissa Beahan','7844 Ivy Park Apt. 952\nRomaineburgh, VT 87216-4299','09449137105',NULL),
	(313697701,'Taurean Stehr','668 McCullough Forest\nNorth Beverlymouth, PA 20762-5699','287.770.0534x793',NULL),
	(314656683,'Wilma Sanford','61651 Delphine Way\nLake Gwendolynborough, MA 88881-3104','1-748-230-8120x2293',NULL),
	(319873459,'Mr. Marvin Lind','82583 Laurine Drive\nDaphnechester, KS 08153-9086','(963)189-8922x4309',NULL),
	(319895774,'Teresa Donnelly','4759 Powlowski Tunnel Suite 785\nSchimmelstad, NE 95303','951.485.6182x389',NULL),
	(323728334,'Troy Beier','357 Schmidt Valleys\nNorth Terry, NY 01802-8378','592.888.0556',NULL),
	(326250211,'Alessandro Bauch','983 Isabell Point Suite 959\nWest Sibylshire, OR 94816-1186','429.912.4818x2828',NULL),
	(329638200,'Hattie Emmerich','89009 Rippin Ports\nNorth Nicholas, ME 00984','526-170-6605x81157',NULL),
	(346899363,'Maynard Crist','31825 Giuseppe Field\nPort Dimitri, NJ 98050','(729)046-6838x67728',NULL),
	(347941574,'Mr. Abe Koss DDS','06991 Delpha Summit Suite 295\nMyrlberg, KY 85575-2074','(485)111-0347x085',NULL),
	(348874827,'Elijah Daugherty V','677 Irma Passage Apt. 239\nWiegandtown, GA 95304','1-537-456-5826x972',NULL),
	(349217764,'Mr. Hans Fay II','7525 Lehner Isle Apt. 971\nAnnabelville, DE 34942','(630)142-3820x481',NULL),
	(352432432,'Sim Bergnaum IV','04307 Hagenes Point Suite 022\nOkunevachester, MN 83418','+04(5)6703396662',NULL),
	(352617284,'Dr. Doris Casper PhD','689 Crooks Station Suite 611\nNorth Marleneburgh, SC 57242-8794','039.190.6936x55285',NULL),
	(352894041,'Elian Schmitt PhD','6885 Wisozk Green Suite 129\nSouth Karleyside, TX 37396-5488','1-884-072-6303x7353',NULL),
	(353514372,'Rebecca Kutch','1228 Orland Coves Suite 134\nLubowitzland, MS 08468-0446','1-847-196-3508x16654',NULL),
	(354222424,'Lynn O\'Conner','38659 Darrel Fields\nO\'Haramouth, IA 14378-6372','424.376.6009',NULL),
	(355302939,'Mrs. Viola Schamberger V','149 Wolf Crossroad\nDeondremouth, SC 33572-2457','767.495.2256',NULL),
	(359387166,'Trey Simonis','1318 Seth Lake Suite 970\nNorth Reynold, CT 86805-2530','06135504137',NULL),
	(361337833,'Erich Trantow','7620 Else Ports\nWest Miguelstad, AZ 90096','+90(8)7981217088',NULL),
	(364342588,'Luna Wiza','42663 Haylee Cliff\nNorth Nealfort, VT 84294','717-462-5105',NULL),
	(364581546,'Isidro Bartoletti','687 Kenyon Mountains Suite 706\nHyattbury, AK 33224-1757','(523)220-2837x032',NULL),
	(385587803,'Deion Wisozk','163 Leon Lodge\nSouth Lauren, ID 04845','02791236098',NULL),
	(390436883,'Lucio Krajcik','1967 Kunde Drive\nRoxanehaven, MI 51821-6616','304-283-6784x41347',NULL),
	(391595140,'Alycia Hackett','0982 Clovis Terrace Suite 846\nLake Kylaport, WY 53783','805.634.3190x0884',NULL),
	(393704395,'Schuyler Jacobs','7857 Glover Inlet\nPort Lavonbury, NJ 62047','(180)922-1312x11495',NULL),
	(397975685,'Miss Gerry Hirthe DVM','1281 Barton Point Suite 652\nO\'Connerside, RI 36334','1-552-398-6796',NULL),
	(399866937,'Kathlyn Smith','5304 Green Highway\nLaviniafurt, IN 87593-4496','+47(8)3111630650',NULL),
	(400006157,'Miss Samanta Bartoletti DVM','920 Windler Ranch Suite 563\nCoraliemouth, LA 89807-1288','(830)262-5299x49959',NULL),
	(401584042,'Lela McCullough','23005 Domenic Crossing\nPort Elissachester, MO 44892-7297','1-957-032-6810',NULL),
	(410706549,'Alexanne Wiza','95080 Schuster Lodge\nHueltown, NY 96811-5566','1-629-329-8345',NULL),
	(411091842,'Barney Rempel MD','4198 Lonnie Dale\nLake Rodrigo, NJ 50459-8146','583.453.8763x880',NULL),
	(412283926,'Dr. Pete Lehner','3509 Dare Well\nPort Brendanland, GA 78195','1-135-360-8772',NULL),
	(420647988,'Theresia Larkin','286 Buddy Plaza\nAliview, NY 12493-8304','06886333999',NULL),
	(425004364,'Dr. Johnathon Harris II','3745 Lockman Valleys Apt. 613\nSouth Nigel, DE 58338-8233','(617)320-7413',NULL),
	(430145175,'Prof. Cristina Hills IV','85231 Sigmund Grove\nEast Elliott, NC 97826-0407','498.097.6525x67383',NULL),
	(432564473,'Lyda Brown','380 D\'Amore Roads\nLake Violetside, WY 45824','1-806-197-4868x911',NULL),
	(441648748,'Pauline Walsh','243 McKenzie Skyway\nCindymouth, OH 83286','888-274-7781x7842',NULL),
	(443316067,'Miss Christy Champlin IV','212 Christiana Crossing\nSouth Cordellmouth, NJ 00146-9967','07303753080',NULL),
	(443622916,'Haylee Tremblay','81762 Johnston Branch\nAugustaview, IA 07446-1970','669.196.4585',NULL),
	(446862326,'Dr. Karl Abbott DDS','2670 Carissa Falls\nHartmannshire, VA 29406','1-912-199-9920x50911',NULL),
	(456725571,'Ludie Rath DVM','975 Trantow Prairie Suite 038\nReillyside, PA 56030','(307)295-2790',NULL),
	(457410496,'Grace Gorczany','3239 Connelly Ford Apt. 392\nWest Jeniferstad, MA 76210','(052)937-9184x793',NULL),
	(458852327,'Dr. Ayla Kris DDS','0914 Braden Lane Apt. 579\nSouth Felicia, GA 42118-3377','(089)466-7839',NULL),
	(460413632,'Margot Parker','052 Frami Port\nNew Reyna, TX 63767','07730742329',NULL),
	(461302410,'Dr. Declan Abbott Sr.','664 Block Rest Apt. 947\nEast Hobartview, NV 23107-7666','08296490263',NULL),
	(465273303,'Mrs. Madonna Osinski','540 Corkery Mountains\nKrystelburgh, MI 02973-2494','902-769-8793',NULL),
	(465278330,'Mr. Randy Hermann','5253 Rupert Rapid\nBrandistad, NC 06005','993.931.2422',NULL),
	(466003841,'Dr. Kitty Hickle','80598 Megane Points Apt. 544\nWeberborough, NY 55375','1-702-936-5411',NULL),
	(466619088,'Ebba Cole Jr.','58479 Steuber Haven Suite 260\nEast Micheal, CA 52747','(764)825-0093x85464',NULL),
	(466956255,'Malinda Kuhlman','822 Pfeffer Prairie\nEast Luciano, IL 61867','1-802-291-3149x956',NULL),
	(471491559,'Miss Ernestine Runte DDS','051 Hayes Green Suite 437\nLake Moisesborough, NC 49149-1714','1-995-190-2703x8903',NULL),
	(474339362,'Dr. Talon Lemke Sr.','749 Annabell Ville Suite 194\nBalistrerimouth, HI 03194','00499802026',NULL),
	(476368231,'Maud Lueilwitz','61708 Wilderman Drive\nPort Waylon, DC 15912-8659','(958)696-9635',NULL),
	(478099864,'Harry Schaden','83022 Tromp Locks Suite 180\nQuigleyborough, LA 37650-7258','1-821-201-5576x2853',NULL),
	(478994191,'Mr. Albert Stark','6496 Eriberto Creek\nSouth Carlee, WV 79402-2050','(130)572-8329',NULL),
	(480783281,'Jared Fay','36032 Monahan Roads Suite 206\nEltaburgh, CT 60293-9664','533-278-0162',NULL),
	(482149220,'Mr. Zack Bailey','810 Sarina Locks Apt. 436\nBechtelarton, WA 29945','216.496.7403x545',NULL),
	(482654227,'Cameron Will','3748 Winona Brooks Apt. 052\nAudreyfort, ME 57347','1-723-873-7714x335',NULL),
	(485348025,'Savanah Witting','988 Boehm Greens Apt. 954\nNorth Hershelmouth, NM 22342-9002','+91(7)6576554226',NULL),
	(485595407,'Vicente Tremblay','46620 Grant Parkways Apt. 695\nNew Jace, CT 50636-6735','475-721-1718',NULL),
	(486330858,'Sage O\'Connell','38233 Marcellus Dale\nNorth Giovanna, AR 96476-2099','1-543-705-5905x07591',NULL),
	(486423075,'Casimer Mitchell','2399 Lilyan Trail\nWest Rhettmouth, MD 58928','1-693-204-2021',NULL),
	(493296767,'Ramona Douglas','813 O\'Conner Path\nEast Luther, ID 60088-6104','119-683-5865',NULL),
	(495773432,'Prof. Monique Kuhn','324 Lulu Rapids Apt. 440\nLake Jerel, ND 26922','230-848-0102x898',NULL),
	(507342071,'Mr. Abdul Gerhold','08345 Gennaro Burgs Suite 237\nNorth Herminio, VA 33406-2735','1-528-847-8696x6593',NULL),
	(509372282,'Lacey Windler','91939 Reilly Ports\nNehastad, AR 43798-5590','845-427-0294',NULL),
	(509394347,'Ron O\'Keefe MD','7600 Lucious Station\nThompsonstad, VT 16944-0955','06004060366',NULL),
	(514344025,'Levi Kassulke','58664 Dietrich Stream\nNew Alexane, LA 87657','(120)654-9496x4156',NULL),
	(518417603,'Margarette Huels','20795 Schuster Fields Suite 612\nWest Helga, DE 28605','1-341-199-4196x7175',NULL),
	(522255117,'Miss Leanne Hudson','2916 Roberts Glens Apt. 076\nMcCulloughbury, MI 19110','784-284-3739x47754',NULL),
	(524718895,'Marcel Hintz','41452 Runte Skyway\nArnoldshire, KS 27064-0734','086-409-3703x7672',NULL),
	(529468447,'Shane Beer','1971 Murphy Island Apt. 757\nLizafort, MD 81073','185-343-8129',NULL),
	(536471027,'Dewitt Hahn','39530 Treutel Turnpike Suite 850\nSouth Kylerview, SD 29764','(410)025-9829x703',NULL),
	(539137734,'Raymond Gaylord','3575 Emmet Island\nNaderborough, IL 11210-8221','09307274979',NULL),
	(543972040,'Wendy Rempel II','3874 Savion Orchard\nEast Adrianna, AR 74247-0856','1-127-054-7551x80910',NULL),
	(552328284,'Oren Krajcik DVM','5395 Antonietta Plains Suite 937\nPort Cristalmouth, MT 34037-4008','+93(4)0596852911',NULL),
	(553649844,'Glenda Schumm','32362 Hyatt Mountains Suite 112\nPort Romantown, CO 33595-2368','828-182-8021',NULL),
	(558043411,'Samson Schaden','31917 Reid Trafficway Apt. 347\nRaleighfurt, NE 01436-5442','1-413-787-4874x4769',NULL),
	(558267303,'Prof. Arvid Daniel V','39915 King Knoll\nMartinaport, OK 34667-0894','(277)346-4105',NULL),
	(559583756,'Enid Strosin','29814 Jacobson Pine\nEast Mckenna, WA 82671','+50(2)7674591513',NULL),
	(572051795,'Sydnie Streich','7821 Parisian Wells\nCasperburgh, MS 49307-4845','(773)202-6135',NULL),
	(582280944,'Jodie Boyer DDS','36076 Stuart Field Apt. 680\nNorth Alessandrotown, TN 44331-2160','068.681.4457x1724',NULL),
	(586963190,'Neha Stracke','427 Barton Underpass\nSouth Kiley, WV 54278','208.880.1789x6044',NULL),
	(589509047,'Mr. Brad Gutkowski III','24932 Imogene Freeway\nSouth Eltaburgh, IN 02262-5731','1-489-732-5010',NULL),
	(593795943,'Oda Lind','99125 Gutmann Oval Suite 259\nLake Napoleon, WV 67864','885-133-3460',NULL),
	(593988967,'Hyman Wisoky','530 Osinski Road\nPort Raymundoview, MA 28742-2738','(076)109-9708x7490',NULL),
	(595042591,'Dr. Enoch Hermann','0278 Heaney Streets\nHansenshire, WV 57805','(021)995-9890x536',NULL),
	(601633219,'Elsa Mills','0507 Ashley Flats Apt. 016\nOrachester, NC 00532','967.670.3969',NULL),
	(603951224,'Mr. Grayson Waters II','996 Fidel Shore Suite 678\nEast Adityaborough, RI 48609-3874','00917730561',NULL),
	(612568612,'Ayana Prosacco DDS','42807 Leda Spring\nWeissnatshire, WI 86637-2131','468-826-9156x588',NULL),
	(614516335,'Buck Barrows','868 Boyer Oval Apt. 842\nEast Darrinshire, MA 37271-4419','1-850-353-2451',NULL),
	(615936793,'Victor Farrell','6744 Hayden Park Apt. 263\nBeierstad, FL 36998-6501','643.847.9742x65925',NULL),
	(620707455,'Ivah Hane','0164 Christian Lake Apt. 428\nAbbeybury, AL 78667','332-245-3141',NULL),
	(625630131,'Vance O\'Keefe','2134 Marvin Tunnel\nNorth Parischester, DE 49459','841.925.0192x5318',NULL),
	(625740683,'Emerson Walsh','6121 Schulist Park Apt. 141\nTorphyhaven, NJ 59056','(103)690-7878x116',NULL),
	(628980798,'Marisa Murazik','642 Stokes Parkways\nNew Monica, ID 28703','398-002-0945x11264',NULL),
	(631294848,'Zita Emard','437 Karianne Mills Suite 531\nVictorialand, WA 30259','1-401-314-9901',NULL),
	(632127362,'Marcos Marks','78032 Littel Hills Apt. 915\nPort Chasityhaven, WY 84201','167.447.7424',NULL),
	(633608329,'Philip Gleichner','864 Parker Isle Suite 780\nNorth Raphaelmouth, RI 74039-4074','783-331-0745',NULL),
	(636347691,'Mrs. Kaylin Wilkinson','9140 Blake Islands Suite 782\nBennetthaven, MO 51108-5472','04317637438',NULL),
	(637897729,'Zella Daugherty','65146 Bennie Crescent\nKohlermouth, AR 57714-1721','(052)274-5021',NULL),
	(643031904,'Mellie Stracke','5509 Dortha Fork\nWintheiserside, TN 77103','1-346-456-4128x811',NULL),
	(644202521,'Kian Ferry Sr.','91853 Wunsch Parkway Apt. 931\nEast Ninaberg, MO 84514','(583)008-2840x55414',NULL),
	(647365991,'Chelsea Dach','141 Bosco Ville\nKertzmannland, RI 02188','086.875.3973',NULL),
	(652253665,'Winston Gottlieb','837 Roderick Ramp Suite 033\nFarrellside, AZ 23924','152-930-3567x4152',NULL),
	(654035602,'Mrs. Zelma Bins','467 Williamson Locks Suite 782\nWest Maxwell, MI 75767','219.202.9073x6228',NULL),
	(655703511,'Ignacio Konopelski','024 Mraz Trafficway Apt. 240\nTressaton, UT 80867','07852140461',NULL),
	(662089863,'Glennie Mohr','222 Van Mountain\nMcClurechester, AL 57453','(107)093-3366',NULL),
	(662146310,'Mr. Waldo Bayer DDS','258 Katrina Ramp Apt. 528\nMaryamside, WA 93578','1-082-397-2653x91994',NULL),
	(663381756,'Quinten Sauer','736 Abernathy Falls\nWeissnatport, WY 71071','1-078-995-9337x84036',NULL),
	(664279861,'Nicole Lesch','69935 Stoltenberg Lock Apt. 455\nRueckerside, IL 11778','114.541.5396',NULL),
	(666410850,'Evans Fritsch','456 Karl Locks\nWolfport, MA 25897-5884','278.279.5772x07643',NULL),
	(666819472,'Dr. Clemens Tremblay V','134 Walter Mill Suite 158\nAntoniofurt, AL 83566-6715','053.631.5033',NULL),
	(669723630,'Riley Daugherty III','44151 Gorczany Port\nAlexandrachester, WA 41695-4976','625.312.5866',NULL),
	(672244572,'Ms. Heloise Schaefer IV','7577 Justyn Row\nWest Loyce, TN 73032','1-382-092-2740x116',NULL),
	(672659462,'Constantin Swift','9290 Kendall Ranch\nNew Terryton, AL 80598-4079','(512)334-3959x1758',NULL),
	(673002520,'Prof. Arvel Schaefer','5703 Madalyn Glens Suite 659\nSporerberg, HI 90485','1-499-936-7598x9039',NULL),
	(674071013,'Janet Gerlach','89790 Jerald Forks Apt. 683\nEast Dorothy, AL 35122-7013','05275285558',NULL),
	(674826356,'Miss Stephany Bednar','34808 VonRueden Rapids\nSmithamfurt, IL 62730','1-358-360-6185',NULL),
	(675385874,'Prof. Ashleigh Lowe Jr.','1517 Waylon Camp\nSouth Pierceview, UT 26488','+50(7)9754500602',NULL),
	(675982971,'Winnifred Rempel','45451 Bauch Port\nEast Eusebiomouth, NH 85491','076-885-1948x2834',NULL),
	(677083908,'Drew Senger','8383 Renner Garden\nCecilchester, NV 54799','(772)853-2522x6723',NULL),
	(677446851,'Dr. Dexter Macejkovic I','133 Hilpert Junctions\nSouth Mariahfurt, KY 00016-3948','+99(8)0546657614',NULL),
	(679867643,'Madilyn Mitchell I','303 Chyna Avenue Suite 147\nWaltermouth, ND 82458-4877','663.606.6487',NULL),
	(685064827,'Candido Lynch','0806 Gleichner Key\nEast Angela, NM 59382','463.391.6625x9055',NULL),
	(686735739,'Joan Kovacek','084 Vandervort Spurs Suite 543\nGorczanyfort, HI 41092','464-140-3770',NULL),
	(693351683,'Neal Crist','783 Florian Valley\nLake Darwin, AZ 42510','(359)340-0817',NULL),
	(693603767,'Larissa Hintz','42694 Makenna Parkway Suite 517\nPort Hildegardport, AL 06351','301-452-1442',NULL),
	(697573670,'Donnell Watsica III','1090 Walter Light Apt. 801\nLake Lemuelhaven, LA 86358-4823','1-993-843-1148x1584',NULL),
	(697765263,'Dangelo Doyle','0556 Whitney Overpass\nEast Carmineton, CT 99855-9235','293.238.0815x5569',NULL),
	(699303757,'Laisha Von','787 Ullrich Brooks\nJacobiborough, NJ 80973-6084','(005)585-0102x465',NULL),
	(701331742,'Prof. Lilian Hettinger','74077 Stoltenberg Falls Suite 122\nLake Kyraview, WV 94773-7015','581.493.1624x800',NULL),
	(705708956,'Velma Cartwright','641 Willy Flats\nSouth Davion, NC 29856-0953','01054419566',NULL),
	(706924567,'Lulu Rippin Sr.','54067 Kilback Gateway Apt. 766\nLake Timothyberg, OH 33025-1926','(737)936-2250',NULL),
	(707094893,'Ms. Laney Donnelly IV','41324 Lelah Bridge Apt. 894\nLemkeport, GA 74112','(862)191-9322x1892',NULL),
	(715680043,'Dr. Meagan Oberbrunner','93677 Mohr Lights Apt. 995\nWest Hannah, NJ 26168-7038','+01(3)2828689302',NULL),
	(715734959,'Dr. Paxton Kulas Jr.','3807 Nikolas Port Suite 566\nNew Fletcher, CT 47148','164-008-8192x4007',NULL),
	(716773740,'Vladimir Tromp','256 Moore Street\nMaechester, AK 85538','912-618-3307x302',NULL),
	(718143861,'Mr. Kadin Krajcik IV','026 McGlynn Stravenue\nLake Juliusfort, WI 75951','1-280-704-2453x88393',NULL),
	(722966029,'Dameon Greenfelder','35729 Alvena Summit\nAnnalisefort, CA 43289','1-449-087-7324x50386',NULL),
	(723214763,'Amari Howell','7500 Keaton Valley\nWest Kieran, WA 27266','1-017-858-2662',NULL),
	(725370465,'Dr. Joany McCullough MD','8394 Pfeffer Fork\nLake Alexys, TN 27619','922-598-6074x4633',NULL),
	(725858022,'Dr. Cicero Harvey','708 Rodrigo Haven Suite 843\nGleasonfurt, IA 38248','630.884.4290x784',NULL),
	(733995985,'Esther Mosciski','047 Towne Locks Apt. 899\nWillbury, OK 71104-9904','303.816.7476x57613',NULL),
	(737284128,'Asa Stoltenberg','33083 Dillan Square Apt. 756\nRippinland, OK 47553-7679','298.757.6889x627',NULL),
	(739498757,'Caleb Hamill','821 Prosacco Skyway\nLake Howardchester, VA 70182-0167','1-783-842-5363',NULL),
	(741614749,'Dorthy Nader','3723 Wilderman Views Apt. 286\nRodriguezberg, CT 42727','+47(2)8197769311',NULL),
	(742054339,'Prof. Jerrold Stamm','21239 Stark Lake Apt. 195\nDibbertstad, TN 03143','1-020-051-6220',NULL),
	(744016031,'Mae Nitzsche','754 Uriah Field\nNew Vida, NC 23129-6044','(095)605-2231x9681',NULL),
	(750472820,'Dr. Zander O\'Kon','8660 Marcel Lights\nJanystad, MD 07817','(244)270-7970x83324',NULL),
	(760860176,'Mariah Nader','252 Moore Landing\nNorth Benjamin, AK 32875-0046','(254)677-4333',NULL),
	(768080111,'Prof. Greyson Shanahan DDS','8900 Boyd Trace Apt. 801\nNorth Maritzamouth, MN 15806','00574951738',NULL),
	(771002719,'Miss Annie Quitzon DDS','8762 Stark Forest\nHackettport, MN 38762','442-167-7973x5542',NULL),
	(772000711,'Khalil Rohan','94948 Kreiger Shore\nGutkowskiberg, ME 27237','154.250.4823x21722',NULL),
	(774233309,'Marquis Stark','47601 Orn Viaduct\nMargaritahaven, DE 14237','+60(5)2864452930',NULL),
	(776217149,'Miss Alice Effertz','741 Torp Drive\nEast Laishashire, MN 71948-9385','253-550-7613',NULL),
	(779380914,'Raina Kub','3779 Sporer Glens Suite 598\nShanelchester, AL 14082','03102903976',NULL),
	(790127245,'Dr. Valentina Herman','5800 Prohaska Rest Apt. 304\nKalebland, VT 02354-6452','231-342-9568',NULL),
	(790211824,'Elta Lynch','094 Jast Divide\nNew Candiceland, TX 88317','(833)446-9275x8671',NULL),
	(793732078,'Cristal Rice PhD','8482 Harber Coves\nPort Marques, AK 66812','(034)177-3701',NULL),
	(800956668,'Bertrand Shields V','9159 Doug Inlet\nPagacburgh, DE 21157-2826','(539)474-0957',NULL),
	(800969384,'Kaylah Sauer','463 Stark Alley\nPort Charliebury, TX 57613-1226','119-604-3367x84731',NULL),
	(802132715,'Merle Ebert','45250 Marquardt Islands\nHellerbury, NH 48863','404-437-4326',NULL),
	(804604885,'Josefina Christiansen','71897 Delphine Key Suite 819\nThompsonborough, NV 61995-9475','824-317-4431',NULL),
	(805193760,'Melisa Purdy IV','3406 Valerie Row\nJacquelynfort, MN 74661-5907','361.727.3767',NULL),
	(805458644,'Cheyenne Pouros','6558 Botsford Fall\nEast Henriettechester, AZ 79694','186-649-7493',NULL),
	(806382975,'Mrs. Leora O\'Reilly','547 Zack Lakes\nWest Tressa, TN 50617','(654)793-4994x64808',NULL),
	(807418121,'Idell Leffler','071 Taryn Lights Apt. 088\nSouth Lavinia, WA 40201-4325','+09(5)4542319134',NULL),
	(808831810,'Ms. Electa Block I','2614 Colby Mews Apt. 755\nAmericoville, NE 29658','660.270.3446x97201',NULL),
	(815657377,'Jarvis McDermott','361 Kenton Roads\nSouth Jammiestad, OH 17151-1037','667.388.2024',NULL),
	(818253618,'Ali Ondricka','1850 Tia Lodge\nPort Helene, IN 54808','1-621-476-6650',NULL),
	(825464942,'Dr. Jayne O\'Conner','71011 Berge Street\nEast Beryl, SC 94535','06112506590',NULL),
	(825724123,'Chaz Toy','4847 Kilback Mews\nKlockoborough, KS 06227-0211','145.644.8336x6368',NULL),
	(836265025,'Prof. Kelli Howell','293 Gillian Burgs Suite 276\nBradlytown, AK 28877','381-503-0132x4176',NULL),
	(836269555,'Lacey Leuschke DDS','338 Elaina Plain\nDuBuquestad, OH 11054-7031','(489)272-2176x9394',NULL),
	(842640273,'Prof. Kavon Romaguera','353 Tressie Key Suite 097\nColeburgh, KY 14758-0136','+71(1)9965098929',NULL),
	(843479157,'Eddie Marvin','6960 Roberts Fort Apt. 288\nRauport, MA 52658-3029','500-489-4608x98261',NULL),
	(844042578,'Mr. Theodore Botsford DDS','58493 Stoltenberg Meadow\nPourosstad, KY 40385','801-290-5258',NULL),
	(855850186,'Tevin Ratke DVM','907 McGlynn Islands Apt. 541\nErickaside, ND 83089-3082','(768)496-0939x69552',NULL),
	(856427299,'Judge Fay','724 Swift Circles\nLake Emeliafort, WV 49694-9482','885-455-9278',NULL),
	(858114386,'Forrest Mills','9982 Krystina Valleys\nEast Icieside, AR 04683-1382','481-908-7535',NULL),
	(863670044,'Dr. Nicholas Schultz','682 Kendra Cliff Suite 351\nToyview, FL 87555-8602','(240)463-8820x6157',NULL),
	(865948099,'Miss Isabell Davis II','33723 Rhianna Ranch Suite 122\nWest Osbaldo, RI 51883','316-865-2641',NULL),
	(866241117,'Prof. Keeley McDermott','934 Osinski Crest\nSchambergertown, IL 65244-2041','(793)990-4732',NULL),
	(866423262,'Janessa Terry DDS','34414 Tremblay Ways Suite 596\nQuitzonchester, FL 25136-4664','808-117-1970x53256',NULL),
	(868958129,'Megane Wolff','2927 Garett Crossing Apt. 328\nWeimannfort, MA 58602','+90(2)2593283895',NULL),
	(874366638,'Orval Funk','45402 Roxanne Ports Apt. 167\nEast Kris, MO 93849','294-030-9555',NULL),
	(875128378,'Tony Schuppe Sr.','809 VonRueden Hills Apt. 567\nConradfurt, AK 20931','(478)204-7497x42332',NULL),
	(877481332,'Miss Rhea Rice IV','930 Schmidt Club\nWelchton, MD 16362-5597','+50(7)7737016315',NULL),
	(883919929,'Mikel Gibson','833 Liliana Ranch Apt. 018\nEast Guadalupe, AZ 76453','503-601-9530',NULL),
	(885570493,'Carolina Jerde I','10279 Dewitt Ports Suite 561\nMrazport, IL 70814','1-359-920-9030',NULL),
	(887795158,'Claud Lebsack','548 Lavina Crescent Apt. 084\nEast Annalisefort, MT 72905','016.908.1705x2828',NULL),
	(889465430,'Prof. Cierra Luettgen III','530 Dach Neck\nPort Pascaleport, MA 02888-3124','+40(0)0315980120',NULL),
	(899387130,'Dr. Filiberto Emard','826 Heloise Oval\nEast Kobe, ME 92464','1-633-325-7843',NULL),
	(902545436,'Elta Hilll V','7441 Violette Lodge\nLangoshland, IL 98085','740.852.8302x736',NULL),
	(904060206,'Maud Beier','14485 Baumbach Lock\nPort Carlotta, AL 40203-3263','1-597-271-2087x525',NULL),
	(906262623,'Shaylee King','23645 Lelah Valleys\nPort Jakaylaton, SD 08245-6476','1-261-633-1777',NULL),
	(906944510,'Theo Zulauf','9931 Kohler River\nOraborough, WI 98340-3675','(192)608-7928',NULL),
	(912488149,'Dr. Rodger Runolfsdottir','454 Hickle Skyway\nSchillerbury, AZ 38574-3549','(215)540-8486x9042',NULL),
	(914920320,'Tod Zulauf','236 Amira Gardens\nHirammouth, KS 05597','04141219387',NULL),
	(920046603,'Mrs. Christine Hagenes Jr.','218 Adeline Plaza Suite 965\nHomenickmouth, NH 73285-0256','277.616.7113',NULL),
	(924498825,'Hillard Baumbach','55969 Nader Plaza Suite 939\nEast Hattietown, AL 30201','1-572-301-2836x522',NULL),
	(937920491,'Carmen Nolan Jr.','2174 Schaefer Dam Suite 390\nLake Donato, FL 10838-6698','652.874.4777x92670',NULL),
	(940426133,'Maryam Pacocha','244 Edwin Parkway Apt. 314\nKeelingview, ND 76387-6836','015-232-6040',NULL),
	(940521982,'Mr. Jonathan Johns MD','14485 Terence Camp Apt. 169\nRolandoberg, NJ 79363','(679)271-8823x9424',NULL),
	(940865759,'Mrs. Maryjane McDermott IV','2348 Claire Track\nWittingfort, IN 43915','486.419.8311',NULL),
	(945149819,'Brenna Schuster','57167 Kristy Bypass\nAdahhaven, MN 10887','09477950022',NULL),
	(945161434,'Beatrice Bahringer','3984 Mueller Motorway Apt. 336\nAbshiremouth, OK 53973-5780','(608)689-3492x875',NULL),
	(945491481,'Alison Batz','1114 Baumbach Roads\nSusanville, HI 90996','(786)292-7334',NULL),
	(949547504,'Cheyenne Pfannerstill','21789 O\'Connell Lake\nCruickshankborough, WY 74091','544-512-0004',NULL),
	(950308442,'Murphy Nitzsche','69286 Botsford Unions Suite 877\nNorth Coltentown, SC 85009','728.093.7264x5677',NULL),
	(952545606,'Eliane Williamson','885 Feeney Village Apt. 714\nLenoreshire, VA 33812-4539','024.687.6781x8235',NULL),
	(959651481,'Dr. Estell Baumbach','61003 Harold Hill Suite 334\nWest Citlalli, WA 25959','(184)506-0569x41291',NULL),
	(962941889,'Willy Frami V','335 Dawson Summit Suite 253\nLeuschkeshire, OK 34035','249-385-5538x31459',NULL),
	(970078452,'Mallory Simonis','648 Mathias Park\nMargaretchester, IA 61921','(265)078-2133x11557',NULL),
	(970513585,'Ms. Sibyl Hudson II','1293 Lexi Key\nWest Modesto, IN 00337-5343','1-950-236-9984',NULL),
	(971254100,'Mrs. Delores Spencer V','97428 Pfannerstill Court Apt. 904\nPort Magali, MI 08568-8385','448.365.7583',NULL),
	(974209169,'Cyrus Gottlieb','6639 Daniel Locks Suite 532\nTabithaview, DC 84926-4489','01095042134',NULL),
	(974428052,'Samara Connelly','388 Rohan Ridge\nEast Mollie, IL 89564','327-736-3508x126',NULL),
	(975020210,'Nicholas Skiles','867 Towne Summit Apt. 259\nSchmidtview, KS 63424','1-802-948-7041',NULL),
	(977250460,'Kolby Harris','40294 Windler Parkway Suite 454\nNorth Tierra, VA 69457-8664','(685)701-8661x8640',NULL),
	(977693562,'Kolby Beer','6075 Fidel Falls\nEast Aureliamouth, MT 99663-2069','080.999.5492x0122',NULL),
	(978737662,'Destin Dibbert','616 Santa Way Suite 673\nBrentshire, CA 85356','1-327-456-6727',NULL),
	(993373312,'Shanelle Bauch','346 Toy Manors\nLaneymouth, UT 93142-3817','318.529.7924',NULL),
	(993548503,'Mohammed Jacobs','49228 Klocko Tunnel Suite 394\nPort Cassidy, ND 55279','1-765-563-7966x438',NULL),
	(994456828,'Alexander Bernhard','71761 Donato Wall\nPort Scottieville, SC 00028-3779','(703)682-8733',NULL);

/*!40000 ALTER TABLE `students` ENABLE KEYS */;
UNLOCK TABLES;



/*!40111 SET SQL_NOTES=@OLD_SQL_NOTES */;
/*!40101 SET SQL_MODE=@OLD_SQL_MODE */;
/*!40014 SET FOREIGN_KEY_CHECKS=@OLD_FOREIGN_KEY_CHECKS */;
/*!40101 SET CHARACTER_SET_CLIENT=@OLD_CHARACTER_SET_CLIENT */;
/*!40101 SET CHARACTER_SET_RESULTS=@OLD_CHARACTER_SET_RESULTS */;
/*!40101 SET COLLATION_CONNECTION=@OLD_COLLATION_CONNECTION */;
