# ************************************************************
# Sequel Pro SQL dump
# Version 4237
#
# http://www.sequelpro.com/
# http://code.google.com/p/sequel-pro/
#
# Host: 127.0.0.1 (MySQL 5.5.37-0ubuntu0.14.04.1)
# Database: university
# Generation Time: 2014-06-26 15:52:17 +0000
# ************************************************************


/*!40101 SET @OLD_CHARACTER_SET_CLIENT=@@CHARACTER_SET_CLIENT */;
/*!40101 SET @OLD_CHARACTER_SET_RESULTS=@@CHARACTER_SET_RESULTS */;
/*!40101 SET @OLD_COLLATION_CONNECTION=@@COLLATION_CONNECTION */;
/*!40101 SET NAMES utf8 */;
/*!40014 SET @OLD_FOREIGN_KEY_CHECKS=@@FOREIGN_KEY_CHECKS, FOREIGN_KEY_CHECKS=0 */;
/*!40101 SET @OLD_SQL_MODE=@@SQL_MODE, SQL_MODE='NO_AUTO_VALUE_ON_ZERO' */;
/*!40111 SET @OLD_SQL_NOTES=@@SQL_NOTES, SQL_NOTES=0 */;


# Dump of table course_prerequisite
# ------------------------------------------------------------

DROP TABLE IF EXISTS `course_prerequisite`;

CREATE TABLE `course_prerequisite` (
  `parent_course` int(11) unsigned NOT NULL,
  `child_course` int(11) unsigned NOT NULL,
  PRIMARY KEY (`parent_course`,`child_course`),
  KEY `course_prerequisite_child_course_foreign` (`child_course`),
  CONSTRAINT `course_prerequisite_child_course_foreign` FOREIGN KEY (`child_course`) REFERENCES `courses` (`number`) ON DELETE CASCADE,
  CONSTRAINT `course_prerequisite_parent_course_foreign` FOREIGN KEY (`parent_course`) REFERENCES `courses` (`number`) ON DELETE CASCADE
) ENGINE=InnoDB DEFAULT CHARSET=utf8;

LOCK TABLES `course_prerequisite` WRITE;
/*!40000 ALTER TABLE `course_prerequisite` DISABLE KEYS */;

INSERT INTO `course_prerequisite` (`parent_course`, `child_course`)
VALUES
	(29348,22434),
	(28391,29348);

/*!40000 ALTER TABLE `course_prerequisite` ENABLE KEYS */;
UNLOCK TABLES;


# Dump of table courses
# ------------------------------------------------------------

DROP TABLE IF EXISTS `courses`;

CREATE TABLE `courses` (
  `number` int(11) unsigned NOT NULL,
  `title` varchar(100) NOT NULL DEFAULT '',
  `textbook` varchar(100) NOT NULL DEFAULT '',
  `units` int(1) NOT NULL,
  `department_number` int(10) unsigned DEFAULT NULL,
  PRIMARY KEY (`number`),
  KEY `department_number` (`department_number`),
  CONSTRAINT `courses_department_number_foreign` FOREIGN KEY (`department_number`) REFERENCES `departments` (`number`) ON DELETE CASCADE
) ENGINE=InnoDB DEFAULT CHARSET=utf8;

LOCK TABLES `courses` WRITE;
/*!40000 ALTER TABLE `courses` DISABLE KEYS */;

INSERT INTO `courses` (`number`, `title`, `textbook`, `units`, `department_number`)
VALUES
	(10242,'CPSC 541 (Systems and Software Standards and Requirements)','Vero blanditiis aspernatur ducimus ut',3,NULL),
	(16895,'CPSC 323 (Programming Languages and Translation)','Deserunt aperiam aut dolor',4,NULL),
	(22434,'CPSC 332 (File Structures and Database Systems)','Esse necessitatibus eos dolorem saepe nostrum quibusdam',2,NULL),
	(24426,'CPSC 471 (Computer Communications)','Ut doloremque repudiandae nemo soluta nesciunt',2,NULL),
	(26827,'CPSC 311 (Technical Writing for Computer Science)','Illum provident consequatur tempora',1,NULL),
	(27982,'CPSC 548 (Professional, Ethical, and Legal Issues for Software Engineers)','Ipsam similique nam ab consequatur quia aperiam',4,NULL),
	(28391,'CPSC 473 (Web Programming and Database Management)','Suspendisse suscipit sapien quis nibh vestibulum porta',4,NULL),
	(29348,'CPSC 431 (Database and Applications)','Nulla dictum nisi eu quam tristique',3,NULL),
	(29391,'CPSC 542 (Software Verification and Validation)','Aut reiciendis est vel aut voluptatum',1,NULL),
	(29627,'CPSC 481 (Artificial Intelligence)','Et nobis omnis cum fuga rerum ut',4,NULL),
	(38761,'CPSC 440 (Computer System Architecture)','Et deserunt esse doloremque est quia quisquam inventore',2,NULL),
	(41779,'CPSC 240 (Computer Organization and Assembly Langage)','Est repellendus delectus sit',1,NULL),
	(43199,'CPSC 545 (Software Design and Architecture)','Facilis sed maxime quam tempora id',3,NULL),
	(43989,'CPSC 543 (Software Maintenance)','Molestiae adipisci optio aut',1,NULL),
	(44976,'CPSC 597 (Project or CPSC 598 Thesis)','Laudantium delectus aut magni autem',2,NULL),
	(45158,'CPSC 462 (Software Design)','Consequatur molestiae accusantium iste reprehenderit vero ut',2,NULL),
	(48694,'CPSC 315 (Social and Ethical Issues in Computing)','Inventore rerum amet reiciendis ipsum voluptate accusamus',1,NULL),
	(53747,'CPSC 362 (Foundations of Software Engineering)','Dolores ut minima quibusdam dolorum provident hic',3,NULL),
	(54259,'CPSC 544 (Software Process Definition)','Quidem qui sunt error magnam minus',4,NULL),
	(54916,'CPSC 120 (Introduction to Programming)','Atque praesentium minima quam',4,NULL),
	(63282,'CPSC 351 (Operating Systems Concepts)','Et veniam non porro et',2,NULL),
	(69182,'CPSC 121 (Programming Concepts)','Qui eligendi sint incidunt ullam',3,NULL),
	(69552,'CPSC 335 (Problem Solving Strategies)','Maiores quod autem iste repudiandae dolore',3,NULL),
	(71046,'CPSC 547 (Software Measurement)','Doloremque temporibus sunt possimus nemo labore excepturi',4,NULL),
	(76161,'CPSC 253U or 254 (UNIX or Open Source Systems)','Quaerat non maiores pariatur quo saepe esse',4,NULL),
	(77138,'CPSC 131 (Data Structures Concepts)','Qui et et minus dolore ullam',2,NULL),
	(81104,'CPSC 546 (Software Project Management)','Laudantium id omnis et sint aut',2,NULL),
	(88440,'CPSC 589 (Seminar in Computer Science)','Dolorum quia expedita ullam ea',1,NULL),
	(99755,'CPSC 223 (Object-Oriented Programming Language)','Mollitia necessitatibus aperiam aliquam consequatur facere dolores',1,NULL);

/*!40000 ALTER TABLE `courses` ENABLE KEYS */;
UNLOCK TABLES;


# Dump of table departments
# ------------------------------------------------------------

DROP TABLE IF EXISTS `departments`;

CREATE TABLE `departments` (
  `number` int(11) unsigned NOT NULL,
  `name` varchar(100) NOT NULL DEFAULT '',
  `telephone` varchar(20) NOT NULL DEFAULT '',
  `office_location` varchar(50) NOT NULL DEFAULT '',
  `chair_person` int(9) NOT NULL,
  PRIMARY KEY (`number`),
  KEY `department_chair_person_foreign` (`chair_person`),
  CONSTRAINT `department_chair_person_foreign` FOREIGN KEY (`chair_person`) REFERENCES `professors` (`ssn`)
) ENGINE=InnoDB DEFAULT CHARSET=utf8;

LOCK TABLES `departments` WRITE;
/*!40000 ALTER TABLE `departments` DISABLE KEYS */;

INSERT INTO `departments` (`number`, `name`, `telephone`, `office_location`, `chair_person`)
VALUES
	(42849,'Computer Science','(657) 278-3700','CS-522',100833928);

/*!40000 ALTER TABLE `departments` ENABLE KEYS */;
UNLOCK TABLES;


# Dump of table enrollment
# ------------------------------------------------------------

DROP TABLE IF EXISTS `enrollment`;

CREATE TABLE `enrollment` (
  `student_cwid` int(11) unsigned NOT NULL,
  `section_number` int(10) unsigned NOT NULL,
  `grade` varchar(2) DEFAULT NULL,
  PRIMARY KEY (`student_cwid`),
  KEY `enrollment_section_number_foreign` (`section_number`),
  CONSTRAINT `enrollment_section_number_foreign` FOREIGN KEY (`section_number`) REFERENCES `sections` (`number`),
  CONSTRAINT `enrollment_student_cwid_foreign` FOREIGN KEY (`student_cwid`) REFERENCES `students` (`CWID`)
) ENGINE=InnoDB DEFAULT CHARSET=utf8;

LOCK TABLES `enrollment` WRITE;
/*!40000 ALTER TABLE `enrollment` DISABLE KEYS */;

INSERT INTO `enrollment` (`student_cwid`, `section_number`, `grade`)
VALUES
	(805536950,7470,'A');

/*!40000 ALTER TABLE `enrollment` ENABLE KEYS */;
UNLOCK TABLES;


# Dump of table professors
# ------------------------------------------------------------

DROP TABLE IF EXISTS `professors`;

CREATE TABLE `professors` (
  `ssn` int(9) NOT NULL,
  `fname` varchar(255) COLLATE utf8_unicode_ci NOT NULL,
  `lname` varchar(255) COLLATE utf8_unicode_ci NOT NULL,
  `sex` enum('male','female') COLLATE utf8_unicode_ci NOT NULL DEFAULT 'male',
  `title` varchar(255) COLLATE utf8_unicode_ci NOT NULL DEFAULT '',
  `salary` int(6) NOT NULL,
  `college_degrees` varchar(100) COLLATE utf8_unicode_ci NOT NULL DEFAULT '',
  `address_street` varchar(255) COLLATE utf8_unicode_ci NOT NULL DEFAULT '',
  `address_city` varchar(255) COLLATE utf8_unicode_ci NOT NULL DEFAULT '',
  `address_state` varchar(2) COLLATE utf8_unicode_ci NOT NULL DEFAULT '',
  `address_zip` int(10) NOT NULL,
  `phone_area` int(3) NOT NULL,
  `phone_number` int(7) NOT NULL,
  PRIMARY KEY (`ssn`)
) ENGINE=InnoDB DEFAULT CHARSET=utf8 COLLATE=utf8_unicode_ci COMMENT='name => {fname, lname} // should we include a middle name?';

LOCK TABLES `professors` WRITE;
/*!40000 ALTER TABLE `professors` DISABLE KEYS */;

INSERT INTO `professors` (`ssn`, `fname`, `lname`, `sex`, `title`, `salary`, `college_degrees`, `address_street`, `address_city`, `address_state`, `address_zip`, `phone_area`, `phone_number`)
VALUES
	(100833928,'Jonathon','Cremin','male','Mr.',99994,'BS Computer Science','918 Lang Corner','Feilborough','NY',97439,885,2840469),
	(103789350,'Oran','Douglas','female','Mr.',32267,'BS Mathematics','61055 Sienna Ways Suite 615','Bobbyberg','MD',37703,549,6050972),
	(103949314,'Elnora','Cronin','female','Prof.',8075,'BS Mathematics','528 Houston Road Apt. 569','North Everetteville','DE',88841,739,7398391),
	(104914373,'Merritt','Thiel','male','Prof.',24775,'BS Mathematics','90972 O\'Conner Curve','Swiftmouth','LA',12751,940,9569884),
	(115643407,'Jalyn','Bruen','female','Prof.',61617,'BS Mathematics','352 Sandra Plains Apt. 353','Watsicaton','ME',11406,769,8153846),
	(116896909,'Jalyn','Schmitt','female','Prof.',44435,'BS Mathematics','019 Harrison Avenue','East Daytonview','SD',76131,460,9935485),
	(117479463,'Tatum','Schmeler','male','Prof.',19596,'BS Computer Science','9523 Murphy Plains','East Augustine','AZ',13649,831,7124252),
	(117942463,'Jeanette','Klocko','male','Dr.',5943,'BS Mathematics','731 Ryan Estates','Trompfurt','SD',36548,478,3357659),
	(118862746,'Selmer','Leffler','female','Dr.',63861,'BS Mathematics','08212 Aileen Mission','South Diamond','MS',73574,877,4652340),
	(119715999,'Elisa','Monahan','female','Prof.',88037,'BS Mathematics','271 Rickie Manor Suite 935','North Robin','MN',91640,131,3669640),
	(119731131,'Alyson','Will','male','Mrs.',36877,'BS Computer Science','6623 Leatha Corners','East Donnie','MA',15443,222,2545379),
	(121464958,'Graham','Wilderman','male','Prof.',68506,'BS Computer Science','257 Sim Overpass','Rudolphchester','NM',86214,327,1696860),
	(121747455,'Reid','Hessel','male','Prof.',7694,'BS Mathematics','584 Asia Avenue','Muellermouth','TX',98948,531,6018738),
	(123521988,'Tanya','Moen','male','Mrs.',21243,'BS Computer Science','0523 Jazmin Isle','Port Aniyahaven','WI',6542,136,3730569),
	(124039375,'Selmer','Lakin','female','Dr.',96523,'BS Mathematics','457 Bauch Spurs Apt. 144','Beattyville','OR',67849,428,4162552),
	(128513407,'Florence','Champlin','female','Ms.',22174,'BS Computer Science','235 Bryce Well Suite 047','Barrowsland','CT',35673,115,4959914),
	(130198724,'Makenzie','Herman','female','Miss',94819,'BS Mathematics','26097 Kaylah Curve','Okunevamouth','SD',82730,632,8401050),
	(132655505,'Adell','Maggio','male','Prof.',86264,'BS Mathematics','56189 Thaddeus Lakes','Jerdestad','TX',51652,290,8714435),
	(133467327,'Kaylin','Jacobs','female','Dr.',81903,'BS Computer Science','033 Harber Mount Apt. 341','Nestortown','VA',95841,219,1831001),
	(133946018,'Eve','Cremin','female','Prof.',18523,'BS Computer Science','319 Dorthy Junction','North Bettie','IA',73014,132,7214631),
	(134682597,'Nelda','Pouros','female','Prof.',19198,'BS Mathematics','1885 Nora Glen Suite 973','Port Francescofurt','MN',43170,982,9020315),
	(134721259,'Kristopher','Friesen','female','Prof.',13728,'BS Mathematics','746 Stracke Keys Suite 081','New Caitlyn','NY',30724,134,1493519),
	(135003254,'Aimee','Wintheiser','female','Dr.',37145,'BS Mathematics','5358 O\'Kon Pines Suite 962','New Mathias','AK',16124,800,7292246),
	(135095527,'Jordy','Pollich','female','Mr.',26044,'BS Mathematics','692 Bernier Shores','New Jasmin','SC',66006,699,7235737),
	(136913038,'Abdullah','Koss','female','Dr.',79474,'BS Mathematics','1161 Ari Harbors Apt. 241','New Thea','WA',12121,982,9205437),
	(137820938,'Karelle','Fahey','male','Miss',63199,'BS Computer Science','65595 Valentin Mission','Destanybury','NM',65312,326,9266631),
	(140259629,'Camren','Lubowitz','female','Dr.',66012,'BS Mathematics','267 Wilson Forest','Walshstad','UT',26037,791,8219433),
	(140575694,'Vidal','Herzog','male','Mr.',69769,'BS Mathematics','33416 Lemke Rapids','Lake Boyd','MO',68805,213,6060559),
	(141024094,'Llewellyn','Ebert','male','Prof.',38928,'BS Mathematics','125 Hertha Fall','Darronstad','WY',54555,483,3814336),
	(141652054,'Loren','Heidenreich','female','Dr.',32659,'BS Mathematics','33408 Mayra Cliff Apt. 570','North Antoninaland','KS',20186,809,1420443),
	(144244890,'Kayley','Bradtke','male','Prof.',91103,'BS Computer Science','9850 Garnet Mall','West Davonteview','LA',96358,773,7526410),
	(144601074,'Montana','Kovacek','male','Dr.',20131,'BS Computer Science','3485 Leonie River','Anissastad','IA',97417,692,2535169),
	(144609093,'Greg','Stokes','male','Prof.',32924,'BS Mathematics','901 Williamson Mountain Apt. 717','Mosciskistad','MN',80633,158,2138092),
	(147524446,'Berneice','Hills','male','Mrs.',76178,'BS Computer Science','670 Jo Fort','Wisozkview','DE',83930,426,4178046),
	(148796924,'Adelbert','Quigley','female','Prof.',3011,'BS Computer Science','449 Kris Roads','Lake Cristinastad','KY',26591,990,1231615),
	(152529354,'Baylee','Douglas','male','Dr.',2452,'BS Computer Science','3812 Alan Hollow Apt. 529','South Landen','NC',88431,352,5576183),
	(156010901,'Kellen','Lang','male','Dr.',57128,'BS Computer Science','1100 Marilou Turnpike Suite 923','Fayeside','MT',46386,340,8175724),
	(157635354,'Ismael','Dietrich','male','Prof.',83463,'BS Computer Science','49096 Block Ridges Suite 994','West Elody','OR',85290,567,3258403),
	(159441519,'Andrew','Zieme','male','Dr.',9981,'BS Computer Science','69698 Brittany Rapids','Osbornestad','WA',54229,809,5188232),
	(159747796,'Alysson','Waelchi','male','Prof.',70002,'BS Computer Science','6907 Tremblay Greens','Port Liamstad','MI',81115,735,8134444),
	(160292955,'Tomas','Rohan','female','Mr.',83346,'BS Computer Science','8003 Stehr Groves Suite 813','Brakusfurt','ND',85481,104,9851583),
	(162015107,'Demetris','Bradtke','male','Prof.',65241,'BS Computer Science','43684 Maia Haven Suite 418','Bartonberg','DC',33879,322,5757976),
	(162168336,'Leanna','Bergstrom','female','Ms.',76764,'BS Mathematics','75875 Bernier Viaduct','East Cecilemouth','KY',79902,288,1691027),
	(163751223,'Sarah','McDermott','male','Prof.',97529,'BS Mathematics','6683 Wilderman Roads Suite 613','Prohaskaland','SD',28726,204,4249062),
	(164484882,'Audreanne','Hirthe','male','Ms.',95079,'BS Mathematics','8418 Micheal Vista','Mariaside','NJ',29471,396,8994333),
	(164721114,'Dahlia','Steuber','female','Ms.',94811,'BS Mathematics','4032 Feest Points','Russelbury','NE',85818,476,8414342),
	(164958459,'Mafalda','D\'Amore','female','Miss',56369,'BS Mathematics','245 Abner Rue','Gibsonview','DE',92949,543,2167084),
	(165221167,'Assunta','Shields','male','Mrs.',70361,'BS Computer Science','5148 Taya Field','Alexiechester','NJ',92848,396,3463647),
	(171282048,'Alford','Stoltenberg','male','Prof.',34985,'BS Computer Science','39370 Conroy Overpass','Boylestad','WY',18197,207,8679990),
	(172088406,'Fanny','Kertzmann','female','Dr.',59690,'BS Mathematics','57250 Dorcas Manor','Port Rahsaanberg','NJ',30377,774,8303814),
	(173679280,'Mossie','Rosenbaum','male','Prof.',78885,'BS Mathematics','9912 Cornelius Shoal Suite 233','South Makenziestad','OR',64798,272,6557570),
	(174189745,'Eliane','Wuckert','male','Mrs.',32603,'BS Computer Science','99649 Jillian Ramp Suite 973','Schaefermouth','AK',84656,289,3747397),
	(175465425,'Iliana','Hilll','male','Ms.',92542,'BS Computer Science','5886 Halvorson Points Apt. 560','Leslietown','NV',11614,910,8741307),
	(179444227,'Amy','Marquardt','male','Miss',34107,'BS Mathematics','377 Cydney Alley Suite 663','West Ivy','SC',13202,700,3490377),
	(179698891,'Ariane','Effertz','female','Dr.',78426,'BS Computer Science','034 Nicola Estate','Darbyside','HI',63695,712,6513632),
	(181460883,'Ryleigh','Wehner','female','Dr.',12211,'BS Computer Science','5814 Roselyn Turnpike Suite 568','West Aileen','SD',93428,333,1417302),
	(182029644,'Deron','O\'Connell','male','Prof.',82394,'BS Computer Science','977 Nikolaus Ridge Suite 337','Citlallibury','FL',41783,961,7199965),
	(184484202,'Pierre','Tremblay','female','Dr.',23556,'BS Computer Science','272 Stefan Turnpike Suite 440','Wehnerfurt','MN',92771,254,1945347),
	(185961317,'Pauline','Gleason','female','Mrs.',85148,'BS Computer Science','26867 Daugherty Springs Suite 810','Considineside','KS',84103,440,3433346),
	(186097355,'Hassan','Orn','female','Mr.',65443,'BS Mathematics','0966 Mitchell Way Suite 318','Port Baron','RI',22793,551,4522620),
	(186534671,'Isaac','Sanford','male','Prof.',59551,'BS Computer Science','2916 Briana Vista Suite 435','Santinoshire','PA',11918,235,6795292),
	(187557873,'Anahi','Schuster','male','Prof.',21499,'BS Mathematics','7592 Mohammed Greens Apt. 558','Armstrongchester','AR',80854,154,9986823),
	(188200587,'Rasheed','Goldner','female','Dr.',52620,'BS Mathematics','8553 Morissette Curve','Port Amirland','NE',74714,222,2817462),
	(189526350,'Carol','Dickinson','male','Dr.',64142,'BS Mathematics','68917 Cartwright Inlet','Tonyside','UT',61139,739,8404524),
	(190088874,'Clement','Weimann','male','Prof.',57701,'BS Computer Science','9417 Mraz Stravenue Suite 703','Zboncakview','IN',98833,155,1061795),
	(190209455,'Mable','Jacobi','male','Ms.',31031,'BS Mathematics','7601 Zemlak Meadow Suite 737','Noemymouth','DE',20332,281,9079939),
	(190771737,'Elsie','Lowe','male','Prof.',30339,'BS Computer Science','9238 Wilson Avenue','New Odachester','IL',93362,249,7663209),
	(192633377,'Dejuan','Wolf','female','Dr.',35351,'BS Mathematics','118 Macy Lights','New Antonetteview','WV',15490,620,6199152),
	(193332591,'Kiera','Steuber','female','Mrs.',10173,'BS Computer Science','999 Daren Avenue Suite 422','Predovicstad','TN',82585,585,7960092),
	(193668300,'Flavio','Batz','female','Prof.',34102,'BS Computer Science','168 Rylee Lane','West Juliana','AZ',70515,731,9342384),
	(195007835,'Porter','Dickinson','female','Dr.',8302,'BS Mathematics','37664 Schroeder Avenue','Kunzetown','NV',91096,752,6822810),
	(197904475,'Fatima','Mertz','female','Mrs.',18428,'BS Computer Science','298 Mayert Shoals','Millershire','MN',17874,643,7641315),
	(198213765,'Hannah','Beatty','female','Mrs.',92486,'BS Mathematics','976 Vinnie Rue','Medaport','HI',56614,950,3473014),
	(199132912,'Gabe','Johnson','female','Mr.',16281,'BS Computer Science','3940 Sylvia Light','Mohrstad','SD',71674,806,9280258),
	(208209399,'Winona','Legros','male','Mrs.',7553,'BS Mathematics','356 Abshire Neck Apt. 565','Torphaven','NJ',47573,753,2345948),
	(209466629,'Randall','O\'Keefe','female','Prof.',61376,'BS Mathematics','618 Tyshawn Lodge','Gerholdstad','NE',59846,582,8574640),
	(209696844,'Audreanne','Feest','female','Prof.',91359,'BS Mathematics','5986 Harber Crossroad','Bernietown','OH',33372,562,2818800),
	(211170353,'Edgar','Hermiston','female','Prof.',23563,'BS Computer Science','4067 Kendall Junctions Apt. 059','Waelchifort','CT',63978,699,1515952),
	(216653450,'Wilfredo','Hayes','female','Dr.',38213,'BS Computer Science','598 Parker Run Suite 206','East Marcelo','AR',91567,436,1283524),
	(217108330,'Erika','Cummerata','female','Miss',51920,'BS Computer Science','71406 Crooks Hill','Nelsonbury','PA',55931,347,2707148),
	(217914369,'Bert','Corkery','male','Ms.',73685,'BS Computer Science','53914 Tromp Common Apt. 587','East Alysonfort','MD',75789,309,3131583),
	(218942169,'Cassandra','Jaskolski','male','Prof.',92005,'BS Computer Science','624 Rogers Stravenue','West Vito','VT',48777,946,7110669),
	(222952179,'Marco','Glover','female','Prof.',78349,'BS Computer Science','017 Effertz Wells Suite 814','Rutherfordside','ME',97510,466,6571785),
	(223343992,'Marshall','Howe','male','Dr.',92032,'BS Mathematics','3496 Hickle Trail Apt. 912','Moenside','RI',46180,294,7783694),
	(225910390,'Augusta','Klein','male','Mrs.',47147,'BS Computer Science','438 Hauck Lodge','Rashawnberg','MD',58485,542,6765769),
	(227271405,'Dwight','Graham','male','Dr.',63686,'BS Computer Science','5735 Khalid Cove','Alanafort','IN',95421,674,5579979),
	(227483529,'Ferne','Schroeder','female','Mr.',11825,'BS Computer Science','299 Madge Valleys Suite 596','Lemkeport','AZ',71781,972,3847294),
	(228706675,'Woodrow','Metz','female','Dr.',11586,'BS Computer Science','793 Edythe Loaf Suite 151','Rheaview','IL',49926,777,2066787),
	(232548542,'Hassan','Buckridge','male','Prof.',6959,'BS Computer Science','3467 Block Street Suite 954','North Baileehaven','MI',92295,176,9255489),
	(234245287,'Tamia','Lockman','female','Prof.',38557,'BS Mathematics','29298 Durgan Bridge Suite 075','Sedrickshire','WA',36451,697,5065245),
	(234249861,'Andreane','Bernier','female','Dr.',70361,'BS Mathematics','286 Bergstrom Avenue','Douglashaven','MI',57743,508,1393896),
	(235212938,'Anderson','Jaskolski','male','Mr.',57156,'BS Computer Science','667 Brisa Way Suite 638','Gradystad','ND',36280,199,9922420),
	(235505666,'Alisha','Klein','male','Miss',90462,'BS Computer Science','7558 Robin Square','Kohlermouth','NY',96194,456,8404446),
	(238384263,'Christophe','Swift','male','Dr.',43813,'BS Computer Science','42076 Schamberger Neck Suite 753','Vonchester','TX',26841,755,4816408),
	(238627607,'Coralie','Bins','male','Prof.',95307,'BS Computer Science','481 Lindgren Lake','Port Elmiraview','AR',90117,860,9275140),
	(239946307,'Demetrius','Graham','female','Mr.',3419,'BS Mathematics','3190 Travon Summit Suite 888','Alexzanderburgh','TX',78482,295,2298409),
	(242736727,'Lindsey','Kuphal','male','Dr.',61274,'BS Mathematics','5281 Mekhi Summit','New Bartholomeville','KS',41411,901,5035525),
	(243023563,'Ada','Blick','male','Prof.',51929,'BS Computer Science','328 Jacobson Brooks','Baumbachtown','MI',49793,140,9749200),
	(245176089,'Jaclyn','Roberts','male','Prof.',20283,'BS Mathematics','55895 Paula Expressway Apt. 150','West Seamus','KS',16269,828,3052893),
	(245365425,'Genoveva','Metz','female','Dr.',38645,'BS Mathematics','0182 Grayson Forest','Camronfurt','VA',89863,885,5040215),
	(246935013,'Elmore','Hartmann','male','Dr.',43852,'BS Computer Science','452 Marjolaine Views','Goyettechester','DE',19557,671,1625521),
	(249692474,'Blanche','Wiegand','male','Dr.',61522,'BS Computer Science','71618 Murray Keys Apt. 470','West Kelsie','NC',55838,466,7051030),
	(250424713,'Lesly','Rippin','male','Miss',46045,'BS Mathematics','223 Ashlee Keys','Gutkowskifort','LA',12690,475,7323282),
	(256939395,'Santino','Goyette','female','Prof.',95750,'BS Computer Science','75926 Uriel Alley','Helenaport','NC',72219,346,8060244),
	(256988177,'Jayne','Armstrong','female','Mrs.',18536,'BS Computer Science','0351 Walker Glen','Hicklestad','NJ',10471,442,8416908),
	(260057484,'Shany','Roob','female','Miss',7962,'BS Mathematics','89946 Richard Ridge Suite 077','Port Emil','NM',40279,976,7588083),
	(262827835,'Bailey','Hand','male','Mr.',75868,'BS Computer Science','28173 Hauck Curve Suite 327','Loycebury','OK',33070,434,8555126),
	(264439454,'Ayana','Anderson','female','Ms.',34930,'BS Computer Science','43930 Michelle Rapid','North Macey','SD',41653,692,5445744),
	(267213054,'Virginie','Blanda','male','Ms.',97280,'BS Mathematics','207 Felicia Canyon','New Lenora','AZ',12946,776,8306989),
	(268791143,'Alan','Heaney','male','Dr.',55843,'BS Computer Science','3141 Delmer Circle Suite 322','Estherberg','MD',99209,177,6302774),
	(269837793,'Jackeline','McLaughlin','female','Prof.',87026,'BS Mathematics','714 Stokes Crossroad','Jacobsonland','MT',51792,462,2577674),
	(272550278,'Sydnie','Moen','female','Miss',1911,'BS Computer Science','508 Corwin Stream Apt. 249','Alejandrinmouth','DC',89848,217,4272749),
	(273291572,'Isidro','Friesen','female','Mr.',73023,'BS Computer Science','64749 Casimir Plaza','Lemkeville','CT',12122,800,8219575),
	(274258734,'Dameon','Frami','female','Dr.',75614,'BS Mathematics','655 Tyrell Way Suite 049','South Raoultown','NV',72745,984,9517263),
	(275063124,'Durward','Collier','female','Prof.',95484,'BS Mathematics','3279 Filomena Fords','Jaydonfort','KY',17396,334,3597068),
	(275065994,'Vicente','Koch','male','Dr.',62847,'BS Computer Science','554 Stark Brook','Alfredaside','IA',49816,573,8312974),
	(280411663,'Jarod','Ullrich','female','Prof.',12409,'BS Mathematics','12879 Schoen Keys','North Daniella','FL',38026,877,2265179),
	(283123142,'Titus','Will','female','Prof.',19785,'BS Computer Science','577 Lesly Stream','Rachelleburgh','WV',729,893,4361457),
	(285053728,'Camryn','Casper','female','Mr.',51735,'BS Computer Science','3653 Cummerata Track','East Tristonchester','PA',12870,218,4767980),
	(286062830,'Rachael','Kerluke','male','Dr.',17664,'BS Computer Science','660 Alaina Circles','Port Brooke','MO',67483,515,2871765),
	(286161854,'Jana','Pacocha','female','Mrs.',68055,'BS Computer Science','2682 Walter Plains Suite 131','O\'Connellfurt','RI',56493,705,5250088),
	(287940309,'Isaiah','Buckridge','female','Mr.',87248,'BS Mathematics','9523 Hessel Squares','Verdieville','KY',77515,637,4347889),
	(288401083,'Noemie','Becker','male','Ms.',12123,'BS Mathematics','294 Hegmann Roads','Lake Juliamouth','MO',61127,157,7831113),
	(288481574,'Evelyn','Wilkinson','male','Dr.',65868,'BS Computer Science','722 Yost Passage Suite 366','New Rexton','AZ',30788,726,9303615),
	(288997450,'Deonte','Volkman','male','Prof.',42116,'BS Mathematics','2484 Macejkovic Tunnel Apt. 896','New Jaysonhaven','FL',80659,812,6285289),
	(289846306,'Deon','Schowalter','female','Prof.',61908,'BS Computer Science','92750 Fiona Wall','North Meghan','NM',55771,566,3178353),
	(294631288,'Justyn','Powlowski','female','Prof.',67667,'BS Mathematics','90867 Ortiz Forest Apt. 707','Aishamouth','ME',17561,241,5696037),
	(295221391,'Asa','Ferry','male','Dr.',15645,'BS Mathematics','90900 Heller Mount Suite 142','Charlieport','SD',89114,740,7018435),
	(297372452,'Amanda','Schuppe','female','Miss',95594,'BS Computer Science','1942 Ashlynn Forks Suite 603','Rachaelburgh','AZ',17181,855,5173056),
	(298180310,'Darlene','Stroman','male','Prof.',81152,'BS Mathematics','2183 Bailey Islands','Hettingerhaven','DE',96514,913,5374685),
	(299566381,'Magnolia','Bogan','male','Ms.',68679,'BS Computer Science','984 Kunde Estates Apt. 781','South Domenicoborough','LA',39794,404,2571454),
	(300597578,'Bernhard','Kuphal','male','Prof.',89112,'BS Mathematics','465 Kshlerin Groves Suite 101','South Audieshire','FL',33291,589,6031482),
	(301481401,'Monte','Schimmel','male','Dr.',44223,'BS Computer Science','509 Mann Plains','Gerardtown','AZ',55136,983,2870414),
	(302626960,'Peter','Fahey','male','Dr.',65202,'BS Mathematics','98989 Reichert Harbors Suite 177','East Hymanfurt','ME',74170,609,5001358),
	(303629220,'Isadore','Luettgen','male','Mr.',59204,'BS Computer Science','8155 Lind Falls','Fadelfurt','CA',35517,967,2277789),
	(305853558,'Garland','Jacobson','male','Mr.',11129,'BS Computer Science','205 Tremblay Common Apt. 197','Port Desmond','WY',63938,656,7074388),
	(308423676,'Fannie','Pfeffer','female','Ms.',4945,'BS Computer Science','292 Valentine Mission Suite 476','North Silas','WI',51025,324,1116273),
	(311175853,'Hosea','Blick','male','Dr.',27940,'BS Computer Science','097 Streich Circle Apt. 083','East Saraiview','NM',91638,924,1700927),
	(314140272,'Tillman','Bartell','female','Prof.',64060,'BS Mathematics','73704 Delta Roads','North Jamesonbury','DC',51228,435,8871776),
	(314448147,'Graciela','White','female','Mrs.',85234,'BS Computer Science','993 Nella Pine','North Christinebury','SC',82078,163,5016469),
	(314488140,'Francis','Mertz','female','Dr.',96662,'BS Computer Science','94982 White Drive','East Aronmouth','KY',50217,383,7849548),
	(320450012,'Annetta','Prohaska','female','Dr.',42120,'BS Computer Science','6348 Hand Extension Suite 421','Port Zelda','NM',42458,605,5569836),
	(324095275,'Ona','Waelchi','male','Dr.',88566,'BS Computer Science','5556 King River Apt. 020','Christiansenport','SD',54707,741,3274598),
	(325080918,'Alva','Christiansen','female','Dr.',49566,'BS Mathematics','61249 Stark Spur Suite 370','Abbottberg','DC',89734,983,8670154),
	(325699334,'Delpha','Wisoky','female','Mrs.',83613,'BS Computer Science','32063 Batz Ramp Apt. 991','Lakinmouth','WY',12592,786,8006944),
	(330817325,'Germaine','Hoppe','male','Ms.',52731,'BS Computer Science','9385 Winston Passage','West Greta','WY',81975,269,6380379),
	(336067923,'Della','Ziemann','female','Mrs.',44036,'BS Computer Science','62740 Medhurst Hollow','New Julianashire','OR',75452,567,2478741),
	(336102287,'Kristofer','McDermott','female','Dr.',31476,'BS Mathematics','3904 Wyman Hill','Gislasonport','OK',83065,350,8578691),
	(339937609,'Geovanni','Schimmel','male','Prof.',58661,'BS Mathematics','4276 Eichmann Isle Suite 105','Leschmouth','NY',26243,757,6337197),
	(342239780,'Virgie','Daniel','male','Mrs.',28014,'BS Mathematics','589 Okuneva Unions Suite 691','Lubowitzmouth','AL',80828,568,4708655),
	(344636088,'Isac','Parker','female','Mr.',79557,'BS Mathematics','6696 Gardner Passage Apt. 338','New Domingotown','NM',69708,741,2718975),
	(344872509,'Makenna','Blanda','male','Mr.',55569,'BS Computer Science','029 Grant Freeway Apt. 556','New Stephanie','ID',50902,509,2782914),
	(345412372,'Garnet','Kuhlman','female','Mr.',22110,'BS Computer Science','809 Predovic Trafficway Suite 740','Freddystad','NJ',51267,680,6336279),
	(346099257,'Efren','Kihn','female','Mr.',70860,'BS Mathematics','9259 Amina Loop Suite 632','Gastonmouth','MA',12060,137,4249712),
	(346191638,'Frances','Corwin','male','Prof.',14861,'BS Mathematics','2940 Brandyn Springs Suite 224','Port Carey','OH',87068,972,8973365),
	(347203089,'Nina','Denesik','male','Mrs.',16983,'BS Computer Science','0984 Wolff Shore','Watsonmouth','TN',96857,151,3907900),
	(347367118,'Monserrat','Heathcote','female','Dr.',15804,'BS Mathematics','13258 Borer Lodge Suite 499','South Bennett','NY',31808,107,7103344),
	(347605635,'Sheridan','Thiel','male','Mr.',85620,'BS Mathematics','59791 Lind Springs','Lake Zellamouth','WI',17830,713,6608278),
	(348230112,'Judy','Cartwright','female','Dr.',349,'BS Mathematics','98995 Dalton Expressway Suite 979','Hellerfurt','MN',39380,192,5471133),
	(350198774,'Rachel','O\'Hara','male','Ms.',205,'BS Computer Science','458 Collins Pass','New Savanahborough','MA',82333,298,2213057),
	(351302148,'Annabel','Murray','female','Dr.',92824,'BS Mathematics','049 O\'Reilly Square Apt. 354','Morissettechester','AZ',11598,323,4912125),
	(351850837,'Alexandro','Bergnaum','female','Prof.',17004,'BS Mathematics','8819 Travis Forge','New Selmer','IL',38737,937,2344047),
	(352957521,'Kendall','Koch','female','Dr.',38625,'BS Computer Science','14326 Polly Bypass','Rickeymouth','UT',29757,576,2581848),
	(353333359,'Jimmy','Pfeffer','male','Mr.',39230,'BS Computer Science','85556 Antone Mountains Apt. 166','South Walker','GA',51354,152,3430944),
	(354402737,'Vesta','Romaguera','female','Mrs.',13833,'BS Mathematics','476 Julien Motorway','Kemmerhaven','UT',45124,895,7222468),
	(357248882,'Maryse','Sanford','male','Ms.',84767,'BS Computer Science','384 Nitzsche Mews','Annamaeville','WA',96436,422,2070397),
	(357479494,'Heath','Roberts','male','Dr.',28907,'BS Mathematics','278 Padberg Rapid Apt. 915','West Marcelomouth','NM',44452,443,3537242),
	(360509967,'Horacio','Lebsack','male','Dr.',3731,'BS Computer Science','5920 Rath Crossroad','Lake Jameson','MA',35492,602,8427983),
	(363882556,'Morris','Schmitt','male','Mr.',59478,'BS Computer Science','6408 Devante Cliff Apt. 808','West Torrance','AK',62940,810,8500931),
	(367122377,'Donavon','Harber','male','Dr.',74054,'BS Computer Science','4469 Gretchen Shore','West Wilfordborough','AZ',13765,223,9516527),
	(370004466,'Ewell','Kutch','female','Dr.',7926,'BS Computer Science','75080 Oberbrunner Turnpike','Lake Lorifort','AL',32873,803,2576109),
	(373735131,'Mylene','Boehm','female','Prof.',71176,'BS Mathematics','933 Magdalen Valleys Suite 567','North Olga','AL',93152,186,1162947),
	(375061334,'Jermain','Ryan','female','Prof.',50556,'BS Computer Science','417 Volkman Dam','Lake Larryland','CT',99539,824,6950997),
	(376196517,'Sheldon','Emard','male','Mr.',26119,'BS Mathematics','1792 Rebeca Estates','New Sigmundshire','WA',21440,176,9334884),
	(377393654,'Phoebe','Torp','male','Miss',93236,'BS Mathematics','68679 McCullough Inlet','West Demondview','PA',43475,698,5313306),
	(378113032,'Colleen','Steuber','female','Ms.',4690,'BS Computer Science','456 Wilderman Cape Apt. 497','West Eldamouth','AL',70917,322,4449638),
	(378187588,'Estella','Roob','male','Prof.',92823,'BS Computer Science','499 Leora Manor Apt. 643','Russelmouth','TX',29974,109,2566905),
	(379421456,'Lupe','Mertz','female','Miss',11980,'BS Mathematics','684 Camila Points','West Chelsie','AL',42901,922,6090048),
	(381023450,'Gilberto','Shields','male','Mr.',95387,'BS Mathematics','19455 Harvey Stravenue Apt. 427','Mitchellmouth','DC',88188,344,1635575),
	(382734123,'Ernestina','Price','female','Dr.',54050,'BS Computer Science','6475 Elna Light','Port Lilian','MI',17703,851,7658469),
	(396239695,'Ashlee','Koelpin','female','Ms.',16843,'BS Mathematics','7716 Kerluke Route Suite 380','South Haleystad','OR',32497,503,6541140),
	(397131111,'Sister','Bode','male','Ms.',9800,'BS Computer Science','888 Moses Rest','Marquardtville','OH',96803,871,8063230),
	(399918203,'Asia','Conroy','male','Prof.',62849,'BS Mathematics','22578 Lubowitz Crossroad','Fritschmouth','MT',95012,364,6601008),
	(401524430,'Chelsie','McDermott','male','Dr.',77187,'BS Mathematics','20908 Adams Roads','West Dudleybury','RI',19250,339,2558255),
	(402197036,'Kayden','Grant','female','Mr.',60495,'BS Computer Science','5648 Twila Centers','Lethaport','NJ',70510,599,2561028),
	(402718087,'Pink','Bechtelar','female','Ms.',52969,'BS Mathematics','127 Dahlia Forge','West Jake','RI',10532,974,5172858),
	(403186187,'Maverick','Leuschke','female','Dr.',57978,'BS Computer Science','177 Karina Grove Apt. 825','Osborneburgh','SD',41948,862,6678620),
	(403381620,'Zakary','Sipes','female','Dr.',27258,'BS Computer Science','25837 Bashirian Ferry Suite 958','Heathcotehaven','PA',90152,606,8730319),
	(404288685,'Israel','Watsica','female','Dr.',38721,'BS Mathematics','9571 Schultz Shoal Suite 045','Katlynton','TX',83778,408,7000995),
	(405034928,'Maryam','Jenkins','female','Mrs.',49699,'BS Mathematics','6471 Gerlach Cliff','North Colleen','UT',29835,936,4184652),
	(405470149,'Syble','Hammes','female','Prof.',38143,'BS Mathematics','4344 Roberto Ville Suite 264','Camrenstad','IN',61452,803,7996111),
	(410817734,'Demarco','Macejkovic','male','Mr.',54991,'BS Mathematics','3115 Shields Shore Apt. 279','Schambergerport','OR',52263,598,5666585),
	(413234311,'Garrett','Reichel','male','Dr.',45000,'BS Mathematics','94637 Ola Run Suite 213','Lake Queen','MO',30590,995,1173328),
	(414025341,'Aliza','Rau','female','Ms.',88118,'BS Mathematics','9378 Juana Crescent','Port Ernestina','CO',72412,802,2590518),
	(415122074,'Rosalyn','Daugherty','male','Dr.',6698,'BS Mathematics','762 Bergnaum Course Suite 273','North Ferne','MN',51581,210,4237517),
	(417964511,'Rosendo','Nienow','male','Prof.',4384,'BS Mathematics','01531 Haley Ports','Parisianstad','ME',90831,325,7321320),
	(419095076,'Berneice','Kshlerin','male','Miss',85659,'BS Mathematics','7598 Mya Circles Suite 816','South Lennyburgh','VT',80046,339,2556925),
	(419186238,'Gerson','Lubowitz','female','Dr.',1556,'BS Mathematics','4037 Tromp Road','Kennithton','NY',86364,526,8923247),
	(419500206,'Fidel','Murazik','male','Prof.',90347,'BS Computer Science','04798 Iliana Parkways','East Trever','TN',61050,524,7851004),
	(419660471,'Collin','Lebsack','female','Prof.',24773,'BS Computer Science','82600 McDermott Mill','North Jessyca','AK',77180,924,4511953),
	(420960518,'Aidan','Haag','male','Dr.',51924,'BS Computer Science','9540 Faustino View','New Blancabury','IN',64359,657,6651726),
	(423490316,'Greta','Gleichner','female','Ms.',88765,'BS Computer Science','183 Lind Creek Apt. 455','Port Jeremyville','RI',4643,169,8163660),
	(424669646,'Reva','Kunde','female','Ms.',90851,'BS Computer Science','58716 Towne Lakes Apt. 779','South Frankie','WV',57810,792,7520670),
	(425699533,'Luna','Hegmann','female','Ms.',22034,'BS Computer Science','7568 McKenzie Rapids','Parisianchester','MN',28438,991,7300541),
	(428309425,'Bettye','Gleason','male','Mrs.',47838,'BS Computer Science','929 Sauer Manor','West Seamus','OR',22837,828,3208251),
	(429880072,'Claudie','Barton','female','Mrs.',52528,'BS Computer Science','1080 Heaney Vista','Violetberg','NV',98110,763,1928193),
	(430485479,'Darby','Mueller','male','Dr.',95510,'BS Computer Science','0949 Maynard Camp','Port Summerstad','CA',37654,705,2759610),
	(434702442,'Tabitha','Senger','male','Mrs.',24270,'BS Mathematics','483 Olin Parks Suite 276','Geraldinestad','VT',67509,866,2664134),
	(435347561,'Rodolfo','Lowe','female','Mr.',53867,'BS Computer Science','5992 Heller Manor Apt. 689','East Treverside','VT',37304,924,9395295),
	(436375836,'Gaston','Bosco','male','Dr.',90874,'BS Mathematics','9741 Rory Plaza','Lake Monroetown','NV',52018,431,3199885),
	(437893019,'Jake','Johnson','female','Mr.',60959,'BS Mathematics','20750 Dolly Villages','Port Jovany','NV',93349,588,3532086),
	(438882709,'Petra','Sporer','male','Mrs.',31027,'BS Computer Science','50003 Bailee Shoals Suite 726','Emilieton','NJ',10787,353,5572869),
	(440366171,'Jarvis','Lind','female','Prof.',54839,'BS Computer Science','9695 Gislason Pike','East Hankmouth','CT',23611,519,5495791),
	(440761509,'Idell','Becker','male','Mrs.',70504,'BS Computer Science','40865 Nikolaus Street','Jerelfort','AK',53821,738,8451870),
	(442488488,'Hilda','Abshire','female','Miss',38448,'BS Mathematics','8370 Obie Shores Apt. 246','Goldnerville','OH',63488,777,2325089),
	(443998765,'Adam','Friesen','male','Dr.',24535,'BS Computer Science','554 Devan Ranch','Zenafurt','VT',68711,421,4425178),
	(445452757,'Aurelia','Buckridge','male','Ms.',48155,'BS Computer Science','213 Pollich Points Suite 036','Ernserville','NM',92596,219,8350080),
	(446044514,'Tamara','Christiansen','male','Ms.',42033,'BS Mathematics','9645 Hudson Forges Suite 705','Bauchburgh','HI',91952,686,8952599),
	(447146050,'Gertrude','Maggio','female','Prof.',54778,'BS Mathematics','2194 Nitzsche Pines','New Hertashire','CO',36550,309,7212695),
	(448173469,'Lonnie','Stracke','female','Dr.',27122,'BS Computer Science','97607 Dejuan Stream','East Daisyhaven','MD',83030,732,6447702),
	(449513920,'Talon','Dooley','female','Mr.',51029,'BS Computer Science','08556 Zelma Junction Suite 890','Emiliaport','PA',60442,961,3072769),
	(452018745,'Halle','Bode','female','Mr.',31207,'BS Mathematics','3959 Waelchi Ridge Suite 928','Port Jordane','NE',18110,896,8068711),
	(453079207,'Marcel','Hickle','female','Dr.',95296,'BS Computer Science','15121 Lizeth Valley','Port Randall','CT',43710,488,2325331),
	(453594054,'Jamey','Ondricka','male','Dr.',64302,'BS Mathematics','6062 Adrain Motorway','East Verona','SD',78052,950,7403574),
	(455723197,'Jammie','Roob','female','Miss',92738,'BS Computer Science','486 German Cove','West Valerie','LA',66438,375,2669310),
	(456676854,'Alba','Kuhlman','female','Miss',78042,'BS Computer Science','5623 Gislason Circle Apt. 812','Terranceton','NH',74956,357,3765977),
	(457508690,'Alexandra','Grady','female','Dr.',73921,'BS Computer Science','011 Flatley Wells Apt. 979','Langoshmouth','LA',26417,300,3096926),
	(460030289,'Jon','Huel','male','Prof.',45349,'BS Computer Science','45859 Bauch Lane Suite 151','North Anjaliland','NJ',30688,622,3300414),
	(460394723,'Tina','Haag','female','Mrs.',77922,'BS Mathematics','56202 Pollich Place','Lake Uniqueport','LA',42616,486,1313478),
	(460987500,'Dora','Carter','male','Dr.',42142,'BS Mathematics','4568 Tyson Camp Apt. 122','Port Aileenfurt','VA',22032,717,5390864),
	(461487523,'Lenny','Bechtelar','male','Mr.',14895,'BS Computer Science','13807 Dach Orchard','Haagview','CA',79758,887,5956761),
	(461525181,'Reyna','Lind','female','Mrs.',94521,'BS Mathematics','09819 Breitenberg Harbors','Port Baronside','OH',73872,729,1761537),
	(465408456,'Maida','Keebler','female','Prof.',2370,'BS Mathematics','849 Marvin Turnpike Apt. 210','Dickimouth','KS',55870,316,9091841),
	(466165811,'Madie','O\'Connell','female','Ms.',91066,'BS Mathematics','8922 Antonietta Neck','Augustuschester','CO',26120,649,6866293),
	(466363254,'Barrett','Pfannerstill','female','Prof.',74291,'BS Mathematics','353 Harvey Valley','Port Rodrigoport','OR',45746,832,4602075),
	(466781014,'Kathryne','Schaefer','male','Mrs.',82349,'BS Computer Science','983 Letitia Cove','Merlshire','MO',12085,476,3144225),
	(467863556,'Khalid','Emard','female','Mr.',9389,'BS Computer Science','973 Goldner Curve Apt. 838','East Alenafort','NC',70030,873,9507602),
	(468797262,'Manley','Lind','male','Mr.',74199,'BS Computer Science','0920 Diamond Plains','Stammmouth','MT',90766,130,6087475),
	(469837820,'Consuelo','Green','male','Mr.',9166,'BS Computer Science','217 Ciara Mountain','Wintheiserville','NC',34075,165,3325183),
	(471591008,'Orion','Weimann','female','Dr.',1529,'BS Computer Science','55760 Jaclyn Estate Apt. 567','North Kade','NM',85543,759,6676624),
	(472113467,'Kelvin','Cartwright','female','Dr.',75822,'BS Computer Science','70348 Rafael Knolls','South Zeldahaven','ME',64728,761,2559898),
	(473780286,'Allison','Yost','female','Miss',136,'BS Computer Science','463 Oscar Walks Suite 321','Nicolasfort','WA',80047,128,9098666),
	(474469397,'Angel','Roob','female','Dr.',59136,'BS Computer Science','8979 Rozella Course Suite 644','Shaniaside','WV',94114,470,6497611),
	(474722742,'Name','Howell','female','Mrs.',36011,'BS Computer Science','450 Donnelly Street','North Adolfside','CT',84737,761,6289096),
	(475278407,'Xzavier','Kub','female','Dr.',34608,'BS Mathematics','288 Kobe Islands','Lake Joshuahtown','VT',97106,493,7576119),
	(475482165,'Retha','Nolan','male','Dr.',35197,'BS Mathematics','7547 Demarco Stravenue','Creminburgh','WA',62336,856,7548931),
	(475560325,'Clair','Fay','female','Prof.',46062,'BS Computer Science','15313 Earlene Junctions','New Austenmouth','NV',29500,285,1689666),
	(475587163,'Emily','Shields','female','Dr.',27894,'BS Mathematics','798 Mossie Points','Lillabury','KS',65234,814,4546434),
	(476997472,'Savannah','Deckow','male','Prof.',54495,'BS Computer Science','151 Bernier Well Suite 918','Lake Lisette','WA',42405,815,4131810),
	(477152092,'Rashawn','Olson','male','Dr.',99775,'BS Mathematics','48437 Rempel Fords Suite 662','Lake Janessa','IN',45082,594,5332864),
	(477302955,'Taryn','Beatty','male','Ms.',88054,'BS Mathematics','1453 Kiehn Mews','Port Lizabury','OH',92991,237,7235491),
	(479489321,'Myles','Erdman','female','Mr.',48808,'BS Computer Science','5832 Brenna Fort','South August','MN',34225,936,6463190),
	(479561424,'Johnathon','Kozey','male','Prof.',55481,'BS Mathematics','98001 Alisa Field','Batzmouth','DE',15236,364,3575027),
	(479848410,'Effie','Mayert','female','Ms.',27721,'BS Computer Science','45620 Friesen Points Apt. 920','Wolffurt','DE',85005,385,8620153),
	(486632582,'Tremaine','Zboncak','male','Dr.',32253,'BS Mathematics','08125 Legros Crest','Bahringerside','IA',82558,822,8555487),
	(488063140,'Verner','Keebler','female','Dr.',44731,'BS Mathematics','4762 Rebeka Hills','Beiershire','NV',61877,682,1238770),
	(494039192,'Janis','Boyer','male','Miss',7916,'BS Computer Science','7468 Marta Meadows','Flaviebury','TX',29086,788,3000819),
	(495582768,'Chadrick','Raynor','male','Mr.',18033,'BS Computer Science','689 Windler Ferry Suite 350','O\'Keefestad','TN',18821,918,7454810),
	(495607089,'Corine','Ryan','female','Prof.',44787,'BS Computer Science','97748 Dicki Plaza Apt. 594','North Hilda','WV',71666,902,8407062),
	(498109993,'Juston','Roberts','female','Mr.',32503,'BS Computer Science','955 Alexander Parkway','Angusfurt','NH',68673,578,1797794),
	(498187953,'Geovanny','Metz','female','Prof.',70259,'BS Mathematics','9533 Block Manor','Cieloport','MT',39087,388,3876568),
	(499461444,'Alysson','Schamberger','female','Miss',54749,'BS Computer Science','1727 Halvorson Prairie','Kayceestad','LA',67254,844,4527280),
	(505420768,'Emilia','Powlowski','male','Miss',84324,'BS Mathematics','1723 Vandervort Avenue','Destineymouth','OK',81988,906,6768605),
	(508022977,'Thaddeus','Reichert','female','Prof.',50854,'BS Mathematics','403 Xander Turnpike','Rodolfofurt','MO',14951,472,4054386),
	(508218291,'Elliott','Russel','male','Mr.',88862,'BS Mathematics','47703 Witting Estates','Lake Dorothytown','NC',49898,329,9738601),
	(513997215,'London','Schaden','female','Dr.',36192,'BS Computer Science','3778 Margie Rapids','Carterton','WY',26499,162,8606911),
	(514052458,'Chanel','Hirthe','male','Ms.',82307,'BS Mathematics','7132 Mante Hollow','Lake Josiahshire','NC',97158,260,2117239),
	(514892371,'Khalil','Hoppe','female','Dr.',75601,'BS Mathematics','6249 Manley Corner Apt. 873','Thompsonside','UT',91232,765,8766351),
	(515343787,'Althea','Sporer','female','Prof.',74424,'BS Computer Science','42850 Hyatt Walk Suite 050','Carmelaton','IL',49656,226,2884628),
	(515916763,'Yoshiko','Sporer','female','Prof.',52104,'BS Computer Science','12804 Daphne Gateway','Briastad','OH',69870,583,8992167),
	(516557298,'Victor','Hoeger','female','Mr.',14459,'BS Computer Science','5912 Fritsch Hollow Apt. 105','Bettyeland','HI',56023,267,2552965),
	(516804620,'Juliet','Witting','female','Dr.',24419,'BS Computer Science','19720 Bernita Shore','Lake Amira','NC',97047,806,2652907),
	(516945093,'Jordon','Jacobson','female','Prof.',46533,'BS Computer Science','236 Rosendo Pike','Cierraton','CO',36200,325,8665771),
	(517330210,'Colby','Gottlieb','female','Mr.',4605,'BS Computer Science','539 Cortez Mountains Apt. 481','Lake Esmeralda','NV',74103,310,8000371),
	(520844112,'Jacquelyn','Walsh','female','Miss',93262,'BS Mathematics','7607 Coleman Lake Suite 103','New Autumnville','LA',15676,809,6637715),
	(521345553,'Henriette','Kerluke','female','Dr.',41909,'BS Computer Science','687 Smitham Tunnel','Kadinton','IN',21697,960,1801499),
	(521460949,'Kane','Johnston','male','Mr.',21648,'BS Computer Science','968 Sterling Tunnel','Wendellstad','MI',70518,296,8414716),
	(524128865,'Sharon','Simonis','male','Miss',62374,'BS Computer Science','3808 Murphy Centers Suite 263','West Stefanmouth','LA',32265,688,3603800),
	(528295226,'German','Hayes','male','Prof.',1771,'BS Mathematics','3654 Willms Harbors Apt. 604','Lake Lukas','ID',90988,936,3344803),
	(528825948,'Isabelle','Bradtke','female','Miss',6804,'BS Mathematics','6255 Justyn Light','Oswaldside','KS',32007,168,3716021),
	(529167308,'Eleazar','Osinski','male','Dr.',40513,'BS Mathematics','55262 Hahn Square','West Ubaldomouth','GA',92174,246,5855115),
	(532395475,'Elsie','Gaylord','female','Ms.',37115,'BS Computer Science','3807 Donnelly Spurs','Loweland','CO',32449,147,6724183),
	(532834739,'Jarrell','Ondricka','male','Dr.',67538,'BS Mathematics','88557 Conroy View Apt. 126','North Odaburgh','CO',21963,222,9433996),
	(534107348,'Terrence','Denesik','male','Dr.',32909,'BS Mathematics','1008 Rosenbaum Crest','East Mackenzie','MN',29929,908,9168128),
	(535496835,'Janice','Ledner','female','Ms.',23842,'BS Computer Science','4576 Price Creek Apt. 095','South Thelmatown','NC',19295,705,7044501),
	(535620944,'Brody','Ward','female','Mr.',84664,'BS Computer Science','06352 Amir Wall Suite 162','Hughport','UT',98262,294,7487344),
	(536734086,'Lavada','Feil','male','Mrs.',69324,'BS Computer Science','2400 Ashley Junction Apt. 539','Macview','NY',97435,979,3645558),
	(541043991,'Ross','Wilkinson','female','Mr.',7760,'BS Mathematics','633 Dino Roads','Nienowberg','VT',96020,802,1023940),
	(542429669,'Janick','Purdy','female','Mr.',51899,'BS Computer Science','82103 Nyah Lights Suite 566','Ephraimchester','DC',67049,730,2603803),
	(543250708,'Barney','Kuhn','male','Prof.',76788,'BS Mathematics','20318 Aufderhar Harbors','Evertberg','NV',51326,479,4379931),
	(543839120,'Zoe','Dickinson','male','Ms.',65658,'BS Computer Science','948 Alanis Islands','West Bonitamouth','NM',33923,366,1195705),
	(544354885,'Johnathon','Auer','female','Dr.',98703,'BS Mathematics','1530 Emerson Ramp','Grahamburgh','KS',51277,112,8282774),
	(545876881,'Jaiden','Cartwright','female','Dr.',12405,'BS Computer Science','044 Mary Overpass','Lake Rogelio','OK',82964,462,4301374),
	(546977386,'Kenya','Schaefer','female','Dr.',21362,'BS Mathematics','2962 Darron Gardens','Ikeland','KS',74180,703,4242324),
	(548061448,'Silas','Goldner','female','Prof.',51039,'BS Mathematics','6998 Corwin Valley','Treutelmouth','ND',17698,558,1373461),
	(548099136,'Elenor','Wisozk','male','Dr.',22920,'BS Mathematics','46012 Bradly Overpass','Markport','KS',19066,857,1543485),
	(551841797,'Elenora','Daugherty','male','Prof.',6365,'BS Mathematics','5101 Demetris Manor Suite 632','Littlebury','AK',72405,762,1586426),
	(553784504,'Cordia','Zboncak','male','Dr.',63209,'BS Mathematics','582 Gislason Mill Apt. 171','Nicolasland','NM',12281,219,7182239),
	(556080937,'Bruce','Jacobi','male','Prof.',24972,'BS Mathematics','203 Gwen Hill Suite 981','Hudsonchester','MO',48114,688,1485552),
	(558318789,'Tyrese','Gottlieb','male','Dr.',98328,'BS Mathematics','558 Katlyn Via','Lake Lois','NH',87121,851,2588249),
	(562389706,'Mallie','Bashirian','male','Prof.',8304,'BS Computer Science','8259 Duane Prairie Suite 451','North Stephon','ME',40673,932,3285607),
	(564059195,'Jules','Schaefer','female','Prof.',14793,'BS Computer Science','89866 Kyle Well','Port Eleonoremouth','IA',30333,295,5309017),
	(564324694,'Mertie','Kub','male','Mrs.',43207,'BS Computer Science','473 Cole Drives Apt. 362','East Rashadshire','VA',75059,351,8442382),
	(566238960,'Francisca','Roberts','female','Miss',94653,'BS Computer Science','00502 Carter Cliffs Suite 337','East Corineburgh','AR',90344,108,4168310),
	(568583470,'Rollin','Rosenbaum','female','Prof.',85697,'BS Computer Science','96650 Hoeger Avenue Suite 669','Port Floridastad','MI',29819,736,5671718),
	(571849899,'Hosea','Nolan','male','Ms.',4935,'BS Mathematics','725 Romaguera Pine Apt. 141','Kertzmannton','TN',64881,377,6197008),
	(573780980,'Jerod','Kuvalis','male','Prof.',25726,'BS Computer Science','0622 Wyman View','Greenholttown','NH',41052,792,4070395),
	(574116510,'Pearl','Hills','male','Dr.',62842,'BS Mathematics','557 DuBuque Rapid Apt. 384','Catherineville','KY',70896,701,4428527),
	(574630026,'Ebba','Bosco','male','Miss',65117,'BS Computer Science','668 Karli Summit','West Patsyview','OR',16133,467,9214789),
	(578122678,'Susan','Watsica','male','Prof.',56670,'BS Computer Science','86303 Melvin Branch','Smithamville','VT',36894,986,8733261),
	(578640044,'Alvena','Wiegand','female','Mrs.',95679,'BS Mathematics','5300 Zulauf Estates','Marksstad','DC',55323,506,3989096),
	(578915224,'Kirsten','Walsh','male','Ms.',53825,'BS Mathematics','9612 Vivianne Course','Parkermouth','MI',84656,128,8004225),
	(581351208,'Heidi','McKenzie','male','Prof.',95484,'BS Mathematics','6125 Everardo Extension','Morartown','MO',83730,777,2750413),
	(582256830,'Dagmar','Leuschke','male','Mr.',10146,'BS Mathematics','22407 Aryanna Dam','Schadenbury','MO',26907,741,3621186),
	(582444468,'Aglae','Mante','female','Ms.',40829,'BS Mathematics','9547 Trantow Grove','North Aliciabury','NE',44114,346,5529370),
	(583752274,'Ignatius','Heidenreich','female','Dr.',32838,'BS Mathematics','539 Alan Harbor Apt. 824','Lake Jerome','IA',94004,695,8614864),
	(584000727,'Jessika','Fisher','male','Mrs.',64573,'BS Mathematics','71333 Camille Extensions','North Marcelmouth','TN',17064,675,1346516),
	(584927381,'Martin','Herman','male','Mr.',40766,'BS Mathematics','005 Conn Harbors','East Theresabury','VT',52735,259,3162440),
	(591007268,'Suzanne','Gleason','female','Prof.',97488,'BS Mathematics','4366 Johnathon Dale','Jairofort','CA',97989,764,9765357),
	(599078640,'Adrian','Stark','female','Mr.',71461,'BS Computer Science','567 White Lodge','Deckowville','RI',78574,522,7254081),
	(599925549,'Ricardo','Fisher','male','Dr.',24165,'BS Mathematics','6328 Kunze Dam Suite 907','South Jonasborough','UT',66937,756,4098029),
	(600105578,'Leanne','Larkin','female','Ms.',57525,'BS Computer Science','38402 Mason Forks Apt. 479','East Kylee','MT',35119,259,6996509),
	(600226336,'Terrence','Prosacco','female','Mr.',45250,'BS Computer Science','48864 Berge Loop Apt. 723','North Aliciafurt','CA',49195,780,2381493),
	(600415790,'Katherine','Williamson','female','Miss',1929,'BS Computer Science','417 Ruby Flats Suite 507','South Fabianburgh','SC',32485,338,4206612),
	(602522644,'Emmanuel','Terry','female','Mr.',39868,'BS Computer Science','4961 Abbigail Coves Suite 471','North Ladariuschester','NV',79607,760,8917671),
	(605907461,'Wyman','Armstrong','female','Mr.',90892,'BS Computer Science','524 Wanda Way','Malloryside','NH',16860,799,9442342),
	(606119416,'Amari','Abernathy','male','Mr.',14551,'BS Computer Science','6208 Isai Greens Suite 110','Hirthetown','ME',93871,384,2746477),
	(606150076,'Danielle','Shanahan','male','Miss',20521,'BS Computer Science','306 Gutkowski Unions','East Akeemchester','PA',65027,715,4378124),
	(606501947,'Sarina','Wehner','male','Ms.',31313,'BS Computer Science','1464 Seth Spurs','South Kennafurt','NJ',78213,701,8618962),
	(608119384,'Lauryn','Wintheiser','male','Prof.',91823,'BS Computer Science','2424 Joel Green','Jordaneborough','TX',64553,886,1138434),
	(608195055,'Josefina','Fritsch','female','Mrs.',17767,'BS Mathematics','290 Jaqueline Roads Apt. 503','North Josetown','CO',60345,508,3187254),
	(610892054,'Hilario','Ziemann','male','Dr.',78157,'BS Mathematics','7978 Emmie Rue','Ewellmouth','MI',26555,123,2241282),
	(611372782,'Mikayla','McKenzie','female','Dr.',43163,'BS Mathematics','0233 Bradtke Port','West Joland','NC',30954,829,6279674),
	(611427135,'Cortney','Lesch','male','Prof.',10913,'BS Computer Science','031 Durward Bypass','North Sarahbury','NM',38788,555,8578009),
	(614779997,'Laila','Bailey','female','Prof.',89786,'BS Mathematics','23275 Arthur Crescent','Aleneview','AZ',28930,673,9816493),
	(615390812,'Guillermo','Brakus','female','Prof.',25339,'BS Computer Science','3699 Flavie Inlet Apt. 060','Caspertown','NY',68837,667,3813822),
	(617040914,'Louvenia','Auer','female','Prof.',64197,'BS Computer Science','3120 Florian Land Apt. 598','Jerryhaven','SC',74498,623,1059016),
	(618694286,'Carey','Stamm','female','Dr.',3689,'BS Mathematics','74946 Abbie Spur Suite 262','South Kaceyland','DC',54942,660,5120090),
	(620308112,'Citlalli','Greenfelder','female','Miss',11145,'BS Mathematics','0799 Fay Burgs','Alexisstad','ID',94839,940,6306614),
	(620909391,'Cayla','Mills','male','Mrs.',93378,'BS Mathematics','737 Gardner Canyon Apt. 971','New Taylorchester','WY',22992,810,5413811),
	(624033113,'Allison','Kautzer','male','Mrs.',72980,'BS Mathematics','48999 May Mission Apt. 259','Ashtonbury','VA',60434,265,2908881),
	(624081222,'Roxane','Grant','male','Dr.',85240,'BS Mathematics','09392 Wiza Stream','Keeleytown','ND',90607,592,8532645),
	(624303023,'Myles','Effertz','male','Prof.',32620,'BS Computer Science','8398 Westley Mountain','East Maci','LA',39037,622,7863852),
	(624662160,'Mariane','McDermott','female','Miss',10541,'BS Computer Science','0113 Cielo Isle','East Mariaport','HI',20880,474,4395574),
	(625075849,'Owen','McCullough','female','Prof.',15938,'BS Mathematics','88964 Hailie Station Suite 423','East Jerald','WY',56248,552,1310372),
	(625847450,'Maci','Hayes','female','Ms.',53539,'BS Computer Science','5390 Brad Unions Apt. 022','North Kellen','TX',55276,171,2658301),
	(626579708,'Alford','Klein','female','Dr.',3763,'BS Computer Science','358 Adams Isle','Port Georgiana','AL',64667,736,2074412),
	(627074299,'Rossie','Koss','male','Prof.',71953,'BS Mathematics','763 Margarete Rest','Connellytown','MI',46672,463,2943806),
	(630233151,'Kurtis','Dare','female','Mr.',92285,'BS Computer Science','9665 Edison Dam Suite 186','Hauckborough','WV',68625,181,3482891),
	(630963741,'Haley','Metz','male','Mr.',63617,'BS Computer Science','9210 Lamar Square Suite 579','Katelynberg','AK',61245,326,7696858),
	(631627675,'Agustina','Moen','female','Ms.',88018,'BS Mathematics','6387 Towne Heights Suite 209','West Izabella','MN',10332,897,1436748),
	(632508081,'Amina','Daniel','female','Prof.',11003,'BS Mathematics','35947 Senger Mountain','Generalburgh','AR',48501,977,5868870),
	(634158645,'Dasia','Moore','male','Mrs.',46970,'BS Computer Science','331 Laron Orchard','Lake Olafside','NE',95170,837,4700478),
	(635707094,'Cassie','Abernathy','male','Dr.',94735,'BS Computer Science','35653 Durgan Court Apt. 802','Lelahchester','OR',37277,224,3363547),
	(637459610,'Bernardo','West','male','Dr.',59529,'BS Computer Science','814 Marcos Walks','Port Nicole','IA',95254,810,7540276),
	(638500787,'Antonina','Altenwerth','female','Dr.',35626,'BS Mathematics','7517 Thiel Rapids','New Ron','AK',85623,587,1118037),
	(639115932,'Ruben','Borer','male','Prof.',68738,'BS Mathematics','128 Yundt Turnpike Apt. 660','Waelchiborough','NV',45786,936,8273266),
	(644568830,'Eda','Gerlach','female','Miss',98166,'BS Computer Science','56675 Mallie Inlet','Lake Lilian','IA',37068,707,4665464),
	(644954181,'Beau','Rodriguez','female','Mr.',91573,'BS Computer Science','6406 Claudie Dam','Nitzscheton','NJ',29047,934,2616552),
	(645006602,'Elian','Shanahan','male','Mr.',60871,'BS Computer Science','55090 Keeling Crest','North Everettland','ND',60255,195,4242027),
	(645267114,'Christ','Welch','male','Prof.',57203,'BS Mathematics','3081 Kayleigh Islands Apt. 566','East Ruthieshire','VA',11180,568,9227207),
	(647422136,'Alexis','Beer','female','Mr.',27270,'BS Computer Science','8037 Stiedemann Ways Apt. 503','Bruenshire','DC',82615,392,4016070),
	(648099341,'Joyce','Schoen','female','Mrs.',59866,'BS Computer Science','16694 Odessa Oval Apt. 837','Mullerland','WA',10001,922,8698380),
	(648954360,'Braxton','Considine','female','Mr.',71989,'BS Computer Science','06678 Jacobi Gateway Suite 924','South Kevon','NJ',82162,590,4345193),
	(649241071,'Vern','Prohaska','male','Mr.',23121,'BS Computer Science','4417 Schuppe Loaf','North Carlotta','GA',82798,681,1573938),
	(650564439,'Johnathon','Fay','female','Prof.',22829,'BS Computer Science','040 Dorothea Mill Apt. 133','North Loyshire','NH',17562,866,2014653),
	(650672335,'Cary','Davis','female','Dr.',73209,'BS Mathematics','263 Littel Route','Janhaven','AL',61391,155,6154577),
	(655868054,'Helen','Corkery','male','Dr.',17820,'BS Mathematics','2967 Dayana Mall Apt. 041','East Dejaberg','IN',71452,886,4992223),
	(658194904,'Esperanza','Walker','male','Mrs.',60036,'BS Mathematics','85989 Georgianna Vista Apt. 375','Bashirianton','SC',48834,205,2019210),
	(659261079,'Annabell','Bauch','female','Ms.',7179,'BS Mathematics','83507 Felipa Parkways','Steuberview','AZ',90958,716,4762689),
	(660499330,'Nedra','Mertz','female','Miss',2920,'BS Mathematics','67823 Eichmann Square Apt. 265','West Carriefort','LA',78357,663,3387483),
	(661606755,'Cale','Buckridge','female','Prof.',79343,'BS Mathematics','73205 Balistreri Trace Apt. 447','Verlieside','WY',12757,403,7017544),
	(661817932,'Russ','Morar','female','Dr.',88441,'BS Computer Science','150 Stroman Island Suite 347','New Marcelina','AL',40506,272,1749546),
	(661924472,'Santina','Terry','male','Ms.',76480,'BS Mathematics','983 Tevin Parks Suite 707','Ritchieville','AK',30352,422,7524569),
	(662160108,'Geovany','Fahey','female','Prof.',97307,'BS Computer Science','80830 Jordon Parkways Apt. 683','Macejkovicton','AK',84257,883,5171411),
	(662620031,'Alejandra','Bayer','male','Dr.',13508,'BS Mathematics','8068 Alexandre Dale','Dorashire','WY',40891,786,6515598),
	(663187011,'Darrel','Romaguera','female','Prof.',3214,'BS Computer Science','770 Rogahn Junctions Apt. 559','North Marlene','ID',36005,704,5527384),
	(666861806,'Mathias','Ward','male','Prof.',40938,'BS Computer Science','729 Pouros Shores','Dockmouth','ME',34495,304,6560925),
	(670722519,'Nelle','Padberg','female','Prof.',79021,'BS Mathematics','171 Abraham Mill','Isabellebury','GA',20042,679,9344958),
	(670931539,'Delphia','Erdman','female','Miss',7668,'BS Mathematics','66085 Turcotte Field Apt. 548','McKenziemouth','GA',97123,196,4453984),
	(674472638,'Carmel','Feest','male','Dr.',82522,'BS Computer Science','8332 Mose Wall Apt. 597','Port Tomasa','OR',39848,835,7519357),
	(675458598,'Edison','Stokes','female','Prof.',2552,'BS Mathematics','902 Quigley Drive','New Brittanymouth','DE',45440,307,8933707),
	(675740823,'Isaias','O\'Connell','male','Mr.',17165,'BS Computer Science','493 Grimes Plains','Lake Jazmyne','GA',93998,439,8109886),
	(677672651,'Kaycee','Wiza','male','Dr.',46305,'BS Mathematics','168 Darrin Flat','North Magalishire','PA',77678,768,6529801),
	(677840233,'Kyra','Lowe','male','Dr.',55115,'BS Computer Science','6490 Antonio Village','Lake Maceystad','WA',78263,254,3783910),
	(678685601,'Reyes','Hudson','female','Prof.',26122,'BS Mathematics','8143 Lubowitz Terrace Suite 188','Uptonshire','AL',48547,379,7643932),
	(679849395,'Mitchel','Koelpin','male','Prof.',27783,'BS Computer Science','53449 Kiarra Light','South Roberto','TX',58959,542,7298597),
	(680257833,'Abby','Volkman','female','Miss',38813,'BS Mathematics','716 Leon Street Apt. 354','Wunschtown','TN',29908,782,3331671),
	(680941271,'Chet','Kemmer','male','Dr.',77822,'BS Mathematics','064 Nikki Drive Apt. 258','Lindville','NH',76152,983,3824006),
	(682325043,'Domenico','Morar','male','Mr.',61275,'BS Mathematics','604 Vandervort Neck','Port Wendy','ND',99235,911,3581900),
	(683534371,'Cyrus','Carroll','female','Mr.',10447,'BS Computer Science','97058 Broderick Plaza','New Karifurt','ND',94348,479,3029598),
	(683593268,'Laurianne','Powlowski','female','Prof.',75965,'BS Mathematics','3476 Jarred Circle','Port Vanshire','MI',58413,537,3880653),
	(687450667,'Mandy','Kuvalis','male','Mrs.',70046,'BS Computer Science','03299 Ernesto Lights','Lake Marco','WY',85363,827,6164747),
	(687565870,'Aylin','Gaylord','female','Mrs.',31108,'BS Computer Science','8492 Eliezer Rapids Suite 267','Port Marcelle','OH',98094,107,2641259),
	(687750728,'Dudley','Graham','female','Dr.',94410,'BS Mathematics','1575 Becker Neck','Grahammouth','LA',91508,743,7432171),
	(688000711,'Sean','Pfannerstill','male','Dr.',63974,'BS Computer Science','528 Gottlieb Valleys','Metamouth','SC',49276,684,5666807),
	(688264554,'Dane','Renner','male','Prof.',90665,'BS Computer Science','8573 Garrison Fort','Gradyton','MS',81840,307,3643077),
	(688343948,'Alene','Bruen','female','Prof.',85198,'BS Mathematics','4832 Clara Stream','West Ryleyfurt','WA',63714,982,3022149),
	(689064261,'Elliot','Grimes','male','Prof.',46031,'BS Computer Science','1644 Nikolaus Streets','North Sydnee','ND',98561,296,6622409),
	(690366984,'Laverna','Wilderman','male','Dr.',84726,'BS Computer Science','739 Fahey Plain','North Noemie','WV',26779,910,4249219),
	(692933734,'Mallory','Mayert','female','Dr.',24177,'BS Mathematics','390 Kasandra Overpass','East Serena','NC',52830,531,9786250),
	(693773701,'Chelsea','Hayes','male','Ms.',17609,'BS Computer Science','258 Fred Port','New Hermann','IL',13491,609,8435031),
	(696063425,'Syble','Schaden','male','Mrs.',35551,'BS Mathematics','45182 Haley Lights Suite 251','Alekstad','KY',19099,996,8751283),
	(697090078,'Zakary','Collier','male','Dr.',47004,'BS Mathematics','123 Raynor Cove Apt. 544','West Miafurt','AL',52070,948,5693245),
	(698569154,'Angelica','Lynch','female','Prof.',24592,'BS Computer Science','3607 Hester Canyon Apt. 559','Aufderharfort','NY',5966,256,7135727),
	(699298375,'Torey','McCullough','male','Prof.',15002,'BS Computer Science','35971 Cummings Stream Apt. 174','Gorczanyborough','PA',38955,198,3364350),
	(700941333,'Jalon','Legros','male','Dr.',86589,'BS Mathematics','3171 Bradford Union','West Christaport','PA',27525,604,4993630),
	(704453965,'Trey','Dickinson','female','Mr.',63800,'BS Mathematics','597 Kaylah Ridge','VonRuedenview','WY',53696,493,7898898),
	(704939004,'Trudie','Haag','female','Prof.',42498,'BS Computer Science','6546 Leannon Islands Apt. 455','Port Alta','DC',41192,228,8353403),
	(705281784,'Jaylin','O\'Reilly','female','Mr.',51877,'BS Mathematics','2083 Roberts Highway','New Anselburgh','DC',65376,966,4403905),
	(709959263,'Mohammed','Veum','female','Mr.',88452,'BS Computer Science','0394 Mueller Inlet Suite 426','Lake Kiarrastad','ME',78487,843,5895308),
	(713169064,'Camille','Denesik','female','Dr.',76229,'BS Computer Science','37325 Alexandra Dale Suite 366','Elitown','UT',86707,486,9591915),
	(714482232,'Emmet','Kulas','male','Mr.',21949,'BS Computer Science','7121 Werner Mission','Runolfssonberg','NJ',40436,322,7134858),
	(714549397,'Emilie','Ruecker','male','Prof.',55533,'BS Mathematics','25937 Pouros Ramp','Jerrellbury','VA',68422,357,5746283),
	(717214918,'Maxine','Beier','female','Prof.',6284,'BS Mathematics','208 Carissa Glen','Ignatiusside','NY',41938,709,3555231),
	(718878968,'Carol','Kub','male','Prof.',12498,'BS Mathematics','772 Raphaelle Views Suite 464','Rogahnfurt','SC',57808,147,4969095),
	(722184696,'Arvel','Bayer','female','Mr.',85452,'BS Mathematics','1232 Okuneva Station','East Carolineburgh','GA',55726,937,2772583),
	(722316001,'Ramon','Willms','female','Mr.',31204,'BS Mathematics','7548 Boehm Course Apt. 268','West Kellifort','NV',92436,818,5933025),
	(723104082,'Maxie','Glover','female','Prof.',47214,'BS Computer Science','170 Tremblay Squares Suite 667','New Gus','UT',43214,540,9206294),
	(723193230,'Alysha','Willms','female','Prof.',76815,'BS Computer Science','6956 Miller Lake','West Emerald','OR',91418,888,8895907),
	(724426914,'Alexane','Kling','female','Dr.',7488,'BS Computer Science','21916 Tromp Street','Shanahanhaven','VA',62330,139,2183087),
	(725319945,'Jeffrey','Wilkinson','female','Mr.',73811,'BS Mathematics','133 Dedric Ports Apt. 342','Cronaburgh','NJ',33679,450,5180362),
	(726007133,'Herminio','Batz','female','Mr.',55902,'BS Computer Science','772 Jaquelin Prairie','Hopeport','VA',60922,265,2462736),
	(727159797,'Melisa','Kertzmann','female','Dr.',33229,'BS Mathematics','292 McClure Ports','Lake Shane','ND',38488,330,1998461),
	(727494915,'Chance','McGlynn','female','Prof.',56149,'BS Mathematics','8436 Marvin Inlet Apt. 616','Hickleburgh','UT',36377,565,2696149),
	(729561236,'Frankie','Sawayn','female','Prof.',72087,'BS Computer Science','35466 Abshire Alley','Ashaport','CA',47656,796,7955276),
	(729929186,'Robbie','Rosenbaum','female','Dr.',22550,'BS Mathematics','2810 Marianne Wells','Adalbertoside','RI',76002,514,7448037),
	(730999033,'Marlene','Veum','male','Mrs.',34013,'BS Mathematics','50716 Langworth Cove Suite 222','Angelomouth','SD',73456,663,3209491),
	(734060776,'Jennifer','Raynor','male','Ms.',81960,'BS Mathematics','25193 Osbaldo Corner Apt. 924','Port Westonhaven','NE',96345,134,7753338),
	(734627566,'Lessie','Jacobi','female','Dr.',26729,'BS Mathematics','88685 Dedrick Flats Suite 671','West Celestino','CO',38038,366,3128870),
	(739258502,'Vernice','Sawayn','female','Miss',69790,'BS Computer Science','019 Alysha Springs','East Raoul','CO',58196,668,3044047),
	(739829848,'Muhammad','Rippin','male','Mr.',18083,'BS Mathematics','51259 Herman Mountains Apt. 774','Schuylershire','MT',58039,485,5898023),
	(743038196,'Blanche','Okuneva','male','Dr.',97277,'BS Computer Science','4898 Andy Ridges','Lake Nicholaus','IA',20358,695,3614365),
	(744764173,'Kody','Zulauf','male','Prof.',66963,'BS Mathematics','632 O\'Connell Well','Whiteshire','ME',28448,398,9157299),
	(746958813,'Adrain','Anderson','male','Prof.',93069,'BS Mathematics','5607 Rath Crossing Apt. 303','Port Vivianmouth','AZ',41935,392,1699242),
	(748473104,'Eulalia','Klocko','male','Ms.',18581,'BS Computer Science','503 Cummerata Knoll Apt. 497','North Kitty','RI',33322,593,8203514),
	(751695360,'Monserrate','Mohr','male','Dr.',82296,'BS Mathematics','16940 Juliet Motorway Suite 023','Gislasonstad','MT',78783,294,8459465),
	(756154473,'Karianne','Lesch','male','Mrs.',56928,'BS Mathematics','280 Homenick Spring','Rowemouth','FL',53796,908,4756182),
	(760474321,'Paris','Littel','female','Prof.',72579,'BS Computer Science','59129 Alford Falls Apt. 728','East Dylanmouth','AL',86752,388,4736417),
	(763269376,'Khalid','Rippin','male','Dr.',38558,'BS Computer Science','54329 Camren Drive Apt. 850','Eichmannchester','IN',47879,681,1609122),
	(764103179,'Devan','Luettgen','male','Mr.',87076,'BS Computer Science','255 Yesenia Rapids Apt. 637','New Earlinechester','AL',11750,272,2105682),
	(765743935,'Dortha','Upton','male','Dr.',39472,'BS Computer Science','404 Schulist Isle Suite 015','Lake Daphneytown','NH',58381,307,1478129),
	(769463137,'Guadalupe','Klocko','female','Prof.',97410,'BS Computer Science','13266 Halvorson Fords Apt. 058','New Hertha','VT',76278,605,6029563),
	(769486812,'Hilton','Strosin','female','Prof.',97095,'BS Computer Science','180 Linnea Passage Suite 389','Darwinborough','SC',44170,550,3577990),
	(769911533,'Earnestine','Bins','male','Prof.',4713,'BS Mathematics','93319 Konopelski Fork','Streichfurt','AK',5574,737,5277023),
	(770303238,'Aubree','Zemlak','male','Miss',74931,'BS Mathematics','23661 Wolf Freeway','North Eda','IN',18165,801,9229417),
	(770860996,'Raphaelle','Dietrich','male','Dr.',47894,'BS Mathematics','683 Meaghan Rapid Apt. 293','North Leilaniside','NV',84139,424,6889965),
	(772183050,'Noemie','Fisher','male','Ms.',36110,'BS Computer Science','999 Morris Village Suite 926','Garlandmouth','KY',64495,872,9650748),
	(773670525,'Darius','Hermann','female','Mr.',32357,'BS Computer Science','34614 Yasmine Forks','Brakusview','MS',75581,950,3590596),
	(775456602,'Anthony','Zboncak','male','Dr.',73583,'BS Mathematics','37763 Christelle Shoals Apt. 641','Mckenzieville','OK',55078,219,7959414),
	(775804470,'Buddy','Schiller','female','Prof.',60247,'BS Mathematics','689 Kuhic Villages Suite 682','Hattiefort','TN',73682,385,6135272),
	(776456537,'Tatum','Turner','male','Prof.',75185,'BS Mathematics','7704 Maximus Extension Suite 294','North Arnulfochester','AL',36236,694,6036321),
	(778060615,'Aglae','Gulgowski','male','Ms.',9876,'BS Computer Science','2953 Bode Forge Suite 567','Jazmynburgh','MS',42805,346,3800429),
	(781700637,'Edgardo','Hauck','male','Mr.',93815,'BS Mathematics','975 Prosacco Stream Suite 238','East Michelleburgh','AR',27069,337,1078505),
	(783788098,'Vita','Ullrich','female','Ms.',10235,'BS Mathematics','142 Trystan Viaduct Suite 971','Lupeview','WV',59902,642,9443561),
	(785256401,'Adrienne','Reynolds','male','Prof.',86942,'BS Mathematics','6519 Jones Plaza Apt. 132','Cobyside','TN',97568,682,5949329),
	(785561690,'Ignacio','Lockman','female','Dr.',39754,'BS Computer Science','3489 Armstrong Dam Suite 070','Melyssafurt','LA',11727,631,1942685),
	(787555330,'Kaylie','Funk','female','Mrs.',42472,'BS Computer Science','6631 Elsa Fork Suite 792','North Caroltown','OK',56705,707,6787198),
	(790723099,'Ignatius','Thompson','female','Mr.',4838,'BS Mathematics','3484 Yazmin Corners','Mrazborough','MI',57179,395,7614418),
	(791606660,'Dale','Dibbert','female','Dr.',73704,'BS Computer Science','8084 Hoeger Flat Apt. 203','East Emmanuel','SC',62104,437,5202680),
	(793673488,'Alvis','Klein','male','Dr.',52856,'BS Computer Science','6646 Johnpaul Centers','New Austinberg','TN',26555,957,5454787),
	(794851220,'Stone','Gerhold','male','Dr.',56609,'BS Computer Science','9111 Lila Divide Suite 304','Hirtheberg','MD',12553,618,5546830),
	(797061110,'Emanuel','Rempel','male','Prof.',77438,'BS Mathematics','0876 Jordane Summit Suite 227','Lake Anibal','MS',82378,686,8785892),
	(797690674,'Nicolas','Stehr','male','Mr.',31172,'BS Mathematics','388 Trystan Square Suite 889','Lillatown','AR',66326,801,4932794),
	(801271166,'Ari','Cruickshank','female','Mr.',33180,'BS Computer Science','42857 Ortiz Mountains','Port Letitiafurt','VT',50837,466,1828205),
	(801336409,'Manuela','Kirlin','female','Prof.',4716,'BS Mathematics','72149 Orville Bridge Suite 721','Lulaland','AZ',80665,221,3835081),
	(807320621,'Jason','Champlin','male','Prof.',89423,'BS Computer Science','7435 Homenick Mill','Gislasonstad','NE',44074,810,8775855),
	(809969290,'Sheila','Schultz','male','Mrs.',91785,'BS Mathematics','55994 Rosamond River','New Waldofort','MO',13227,140,5986692),
	(810312598,'Geovany','Kuhic','female','Prof.',52891,'BS Mathematics','51306 Jennie Way Apt. 665','Herzogland','ME',88870,578,6106197),
	(810507869,'Ernestina','Stiedemann','female','Mrs.',9182,'BS Computer Science','977 Rickie Haven Suite 799','West Milford','KY',22679,376,6281399),
	(811832198,'Vidal','Medhurst','female','Prof.',63663,'BS Computer Science','922 Evalyn Vista','New Olaf','FL',72621,737,5389822),
	(811833887,'Jasmin','Streich','female','Mr.',6806,'BS Mathematics','83840 Selina Junction','North Estebanchester','MD',94270,814,4985340),
	(811999053,'Shanel','Bergstrom','male','Dr.',34919,'BS Mathematics','94042 Stoltenberg Divide Apt. 329','Bauchville','MO',24070,726,6700429),
	(812286612,'Glennie','Morar','male','Mr.',61176,'BS Mathematics','5065 Mekhi Island','Mabelstad','FL',37260,744,1576464),
	(816003236,'Brannon','Hessel','male','Prof.',44300,'BS Computer Science','959 O\'Kon Streets Suite 706','Breanneshire','IA',21273,445,4779124),
	(816089003,'Rhoda','Kozey','female','Miss',73918,'BS Computer Science','971 O\'Conner Manors Suite 465','Mertzhaven','TN',15242,287,2866446),
	(816125273,'Kaitlyn','Ebert','female','Mrs.',89360,'BS Mathematics','1121 Bogisich Turnpike Suite 266','South Deshawnport','CA',10984,720,4433004),
	(817667726,'Grayson','Dickinson','female','Dr.',51562,'BS Computer Science','89993 Roberts Gateway','West Keegan','NM',43091,185,9721534),
	(820130249,'Shemar','Witting','female','Miss',5158,'BS Computer Science','1031 Kacey Points','North Kennithstad','ME',86667,706,6006612),
	(822208133,'Chester','Friesen','male','Dr.',49247,'BS Computer Science','177 Ebert Parkways Apt. 521','East Adrianside','IN',25491,345,8023899),
	(824095025,'Arnoldo','Hackett','male','Prof.',37671,'BS Mathematics','181 Humberto Corner','Larkinbury','TN',50256,607,7123548),
	(827159493,'Lexus','Keebler','female','Prof.',78738,'BS Computer Science','006 Gideon Crescent','South Erica','OK',81927,531,2279176),
	(830680388,'Katlynn','Johnson','female','Prof.',47209,'BS Computer Science','4161 Josefa Mall','South Molliefort','IN',29556,545,3642062),
	(831064938,'Ike','Bergstrom','female','Mr.',11209,'BS Mathematics','026 Farrell Points Suite 444','Rhiannonfort','NE',71060,188,4280803),
	(831487741,'Ila','Yundt','male','Ms.',56479,'BS Mathematics','4592 Eldred Summit Apt. 349','North Carmella','VT',10123,152,1272841),
	(832954285,'Kayli','Barton','male','Mrs.',2137,'BS Computer Science','016 Baumbach Crest Suite 844','New Melodyville','OH',65768,534,2466611),
	(834028382,'Estrella','Walker','female','Miss',50564,'BS Computer Science','6799 Emanuel Keys','West Guadalupe','AL',34754,201,4415219),
	(834412817,'Elissa','Smitham','male','Miss',71219,'BS Computer Science','197 Zulauf Neck','New Brendachester','LA',80055,343,5707132),
	(834918088,'Bailey','Schmidt','female','Dr.',10153,'BS Computer Science','1422 Hills Mountain Suite 387','Olaview','TN',66360,912,2080533),
	(836535836,'Esmeralda','Kovacek','female','Dr.',89473,'BS Mathematics','3208 Lesch Forest','Kellifurt','ND',93507,777,2110958),
	(837744319,'Fleta','Robel','male','Dr.',50797,'BS Computer Science','5656 Waelchi Crossroad Suite 058','Lake Lialand','UT',94383,605,2527331),
	(837935146,'Ronny','Johns','male','Dr.',23733,'BS Mathematics','9671 Brakus Ferry Suite 658','Ibrahimton','MI',83451,764,6534078),
	(842992221,'Darwin','Heathcote','male','Dr.',18586,'BS Computer Science','9414 Turner Forge','North Alexandre','MI',93955,770,3311159),
	(843994542,'Loma','Hauck','male','Miss',45742,'BS Computer Science','9566 Blanca Courts Apt. 422','New Nyahburgh','KS',39781,294,5632074),
	(844055455,'Tierra','Hegmann','female','Ms.',50828,'BS Mathematics','1473 Aracely Parkway','New Berthafurt','NC',86215,762,9953236),
	(845399097,'Jana','Bosco','male','Mrs.',49061,'BS Computer Science','4613 Russ Parkway Suite 375','West Jeffery','DE',67272,592,3576558),
	(845757543,'Magdalen','Ebert','female','Ms.',14101,'BS Computer Science','969 Moshe Viaduct','West Simeon','SC',30689,861,2262686),
	(846985853,'Garnet','Wuckert','male','Prof.',91874,'BS Mathematics','811 Gerry Parks Suite 511','Herthahaven','WY',17638,553,2941183),
	(847025173,'Janiya','Hessel','female','Dr.',70234,'BS Computer Science','7435 Bauch Terrace Apt. 128','Stiedemannport','RI',95813,705,1460010),
	(847710201,'Olen','Wiza','male','Dr.',82473,'BS Computer Science','834 Sherwood Keys Suite 484','Marcelinahaven','RI',97041,149,5732934),
	(848792976,'Brandt','Daugherty','male','Prof.',91898,'BS Computer Science','18682 Heaney Plaza Suite 577','Pfefferborough','MS',20829,440,3843574),
	(849975662,'Chanelle','Hessel','male','Prof.',97004,'BS Mathematics','952 Fisher Cove Suite 833','West Elenoraborough','NC',44181,104,6257170),
	(850509440,'Alexander','Koepp','female','Mr.',6307,'BS Computer Science','250 Jakubowski Island','Austynhaven','ME',12583,582,2934040),
	(850535961,'Jalon','Skiles','female','Mr.',1279,'BS Computer Science','7852 Kadin Drive Suite 378','Lake Vernicehaven','MS',47706,696,8396844),
	(853005295,'Kaylin','Bechtelar','female','Dr.',75548,'BS Computer Science','40226 Pollich Village Apt. 662','North Tyriqueshire','NV',92571,851,1862893),
	(853503873,'Quinton','Kunze','female','Dr.',52395,'BS Mathematics','879 Magdalena Rapid Suite 352','Myronshire','MS',68655,406,8022408),
	(854113525,'Jaqueline','Hoppe','male','Miss',3544,'BS Mathematics','08490 Zoe Centers Suite 638','West Nathanaelport','IN',27154,559,7418911),
	(855024969,'Lia','Nader','female','Miss',95269,'BS Computer Science','8205 Jairo Junctions Suite 055','Lake Nya','WI',81619,211,4567646),
	(859487492,'Sally','Kerluke','female','Dr.',11515,'BS Mathematics','055 Kailyn Crossroad Apt. 078','East Tysontown','UT',11795,761,5536791),
	(860361520,'Madelyn','Harber','male','Dr.',83464,'BS Mathematics','08584 Ford Pines Suite 469','West Juniormouth','ME',51888,702,7686043),
	(868009543,'Zoe','Considine','female','Miss',43026,'BS Mathematics','820 Keanu Wall','North Loren','GA',24549,731,2535120),
	(869218644,'Chad','Huels','female','Dr.',90818,'BS Mathematics','076 Pauline Land','West Nelsville','FL',59408,511,5095088),
	(870602648,'Khalid','Wisozk','male','Dr.',50294,'BS Computer Science','297 Simonis Field Suite 329','Retaville','WA',94496,931,1886614),
	(870772020,'Devyn','Lynch','male','Dr.',77562,'BS Computer Science','47294 O\'Conner Walks Apt. 715','Willaville','SC',53961,871,9256225),
	(871474048,'Barton','Braun','female','Mr.',41050,'BS Computer Science','9208 Milton Pines Apt. 358','Brandyfort','NY',17906,775,9084967),
	(872249484,'Jaylin','Fay','male','Mr.',63661,'BS Computer Science','1299 Bennie Drives','Ronnyhaven','TX',32604,411,8511016),
	(872700219,'Ebony','Murphy','female','Ms.',33149,'BS Computer Science','14449 Watsica Turnpike','Swiftland','SC',18094,696,1057298),
	(873079989,'Josh','Heathcote','male','Dr.',88710,'BS Mathematics','8324 Daron Grove Apt. 488','Lake Maidaside','MO',87263,543,8749202),
	(876029534,'Jeremie','Nicolas','male','Prof.',83555,'BS Computer Science','26631 Dicki Squares Suite 592','Lake Pink','KS',59683,992,2275129),
	(876806624,'Rebeka','Jaskolski','male','Miss',7620,'BS Computer Science','6734 Rempel Roads','North Erlingland','WV',78296,340,2584104),
	(877632090,'Winston','Frami','female','Mr.',18086,'BS Mathematics','699 Hoeger Brooks','East Jewelside','FL',32922,221,7836673),
	(877866462,'Remington','Jerde','male','Mr.',91774,'BS Mathematics','2578 Ondricka Shore Suite 569','Williamsonchester','MA',78507,674,1851708),
	(884820000,'Mason','Monahan','male','Mr.',84626,'BS Mathematics','953 O\'Hara View','North Kevin','NJ',84001,270,5132788),
	(886784325,'Unique','Kerluke','female','Prof.',24778,'BS Mathematics','4189 Kamron Neck Suite 037','West Wandaport','NY',98104,392,6530960),
	(888869054,'Adam','Hoeger','female','Prof.',55118,'BS Computer Science','90959 Mann Crossroad','Casperhaven','NC',63387,793,4319787),
	(889000764,'Harmony','Ratke','female','Mrs.',94932,'BS Mathematics','7512 Kozey Corner','Francesland','NH',23447,212,7555404),
	(889263635,'Garland','Herzog','female','Mr.',26253,'BS Computer Science','6926 Kuphal Roads Apt. 062','Ottoville','SC',30527,601,8695587),
	(891222660,'Brayan','Weber','male','Mr.',16162,'BS Computer Science','16326 Stroman Plain Apt. 736','Mosciskihaven','RI',87278,338,8888497),
	(893057309,'Roscoe','Russel','female','Mr.',43767,'BS Mathematics','3069 Considine Greens Suite 078','Sanfordmouth','MI',38577,841,4375602),
	(894695883,'Benny','Legros','female','Dr.',41471,'BS Mathematics','17491 Tremblay Trail','North Terrillshire','KY',75552,835,1414827),
	(896025566,'Judge','Cole','female','Prof.',4073,'BS Mathematics','9273 Heidenreich Pike','East Audrashire','KS',86501,376,3844253),
	(896494603,'Precious','Robel','male','Mrs.',66109,'BS Computer Science','6480 Malcolm Summit','West Minnie','DE',85676,828,1152164),
	(899176930,'Rosemary','Jerde','female','Ms.',39292,'BS Mathematics','27521 Flatley Field Suite 625','Dareshire','MN',27364,367,8332794),
	(902653216,'Sallie','Prosacco','female','Prof.',43298,'BS Mathematics','463 Constance Place','Port Audrey','NM',60075,813,9944935),
	(902892783,'Georgette','Crona','female','Dr.',6446,'BS Computer Science','21225 Queen Throughway','Reicherttown','CA',21810,648,8763075),
	(903800404,'Arielle','Larson','female','Dr.',84267,'BS Computer Science','5205 Juliana Pike','Sofiaview','KY',28078,865,7652725),
	(909764307,'Kurt','Rogahn','female','Dr.',1835,'BS Computer Science','327 Aniya Loop','West Grantshire','AK',92218,750,1509168),
	(911111278,'Efrain','Botsford','female','Prof.',22073,'BS Mathematics','2291 Casper Pass Suite 127','South Javier','DC',11014,499,4493128),
	(911285389,'Charity','Considine','male','Miss',95999,'BS Computer Science','42834 Marcelino Way Apt. 909','South Randihaven','LA',65149,986,1225078),
	(912151002,'Orland','Schultz','male','Mr.',75823,'BS Computer Science','37940 Labadie Manors Apt. 095','Tremblayport','TN',24987,266,1207842),
	(914676143,'Joey','Hartmann','female','Dr.',29610,'BS Mathematics','96188 Parker Views Suite 375','Padbergside','IL',98164,958,4857994),
	(915713791,'Josie','Lehner','male','Miss',75164,'BS Mathematics','8393 Reyes Dam Apt. 850','South Mateo','CT',53685,464,2612173),
	(918434952,'Sunny','Gleason','female','Dr.',44881,'BS Computer Science','2306 Ethelyn Stream Suite 433','South Domenico','MS',15246,911,7579808),
	(918639470,'Skylar','Sanford','female','Dr.',25140,'BS Computer Science','94224 Isai Dale','New Damon','OH',14216,819,9981742),
	(920314012,'Marcelina','Welch','male','Dr.',38174,'BS Mathematics','54834 Williamson Prairie Suite 360','Kennethbury','OR',63185,362,2096296),
	(923948334,'Jeramy','Schneider','male','Prof.',45014,'BS Computer Science','28964 Jakubowski Forges','South Carli','CA',89495,523,9969529),
	(926507993,'Jessie','Rutherford','female','Prof.',85878,'BS Mathematics','44197 Rhea Tunnel','Lockmanview','MS',59852,322,9001366),
	(927292053,'Kiana','Lubowitz','male','Prof.',78157,'BS Mathematics','322 Blick Overpass Apt. 065','North Clara','IA',97476,591,2592901),
	(927381720,'Otis','Heaney','male','Dr.',37466,'BS Mathematics','326 Schumm Freeway Apt. 363','Parisiantown','NY',45209,723,3611528),
	(928556534,'Jack','O\'Reilly','male','Mr.',1999,'BS Computer Science','26090 Anna Throughway Apt. 831','Nicostad','NC',47018,272,1659972),
	(928565150,'Madison','Wilderman','female','Dr.',69755,'BS Computer Science','7472 Kiehn Villages Suite 019','Port Marie','ND',24065,350,5880241),
	(930405379,'Malcolm','Kris','male','Mr.',21898,'BS Mathematics','21954 Rod Divide Suite 132','New Pearlfort','CT',91652,507,2532210),
	(933399287,'Lowell','Hauck','male','Mr.',34000,'BS Computer Science','237 Considine Trace','Kutchland','AR',46565,940,1568666),
	(933990068,'Arno','Bergstrom','female','Prof.',62530,'BS Mathematics','597 Keebler Ramp Suite 633','Prosaccoshire','CA',41613,415,5886714),
	(935047703,'Jerrod','Rohan','male','Dr.',62834,'BS Computer Science','71761 Adalberto Light','Thoraport','IN',16323,845,6700712),
	(937173466,'Lon','Fisher','female','Dr.',94953,'BS Mathematics','67220 Rogahn Tunnel','Monahanside','NM',46452,117,3970914),
	(938019768,'Dejon','Jast','male','Prof.',15343,'BS Mathematics','9587 Orval Knoll Suite 250','South Kennedihaven','AZ',15859,211,2434868),
	(940332235,'Baron','Luettgen','male','Dr.',54925,'BS Mathematics','96436 Tremblay Corner','New Danmouth','IL',15983,105,4938716),
	(940769797,'Missouri','Romaguera','female','Dr.',72983,'BS Mathematics','12845 Becker Path','Lake Pearlie','WA',897,897,9909470),
	(944438760,'Chandler','Marks','male','Dr.',31613,'BS Mathematics','0107 Kutch Spurs','Sawaynbury','AR',74157,516,4747488),
	(944709441,'Alvena','Dickens','male','Mrs.',72072,'BS Computer Science','6446 Hackett Overpass','Lake Gracehaven','MN',47506,695,9616486),
	(945864435,'Sigrid','Conn','male','Dr.',49614,'BS Mathematics','96454 Verdie Squares Apt. 268','West Arjunchester','NM',78666,950,8296120),
	(947781293,'Daisy','Fisher','female','Miss',65375,'BS Mathematics','3449 Lera Underpass Apt. 840','West Jazlynchester','CT',95588,595,3478369),
	(947973815,'Polly','Denesik','female','Prof.',84346,'BS Mathematics','648 Tania Rapids Suite 139','South Garnet','SC',70407,832,3263858),
	(948438303,'Magdalena','Rowe','male','Dr.',74091,'BS Mathematics','8288 Kessler Islands Suite 741','Thompsonville','TX',71250,262,2586868),
	(951803105,'Arvilla','Parisian','female','Dr.',3094,'BS Mathematics','8300 Durgan Tunnel Suite 618','Port Haley','ME',92952,864,8857754),
	(952635824,'Mozell','Lind','female','Ms.',26178,'BS Computer Science','7889 Rodriguez Parks Apt. 286','Stiedemannview','SC',91317,623,6516660),
	(954784112,'Casandra','Ullrich','female','Miss',5492,'BS Mathematics','47841 Nicolas Vista','Port Francisview','HI',85866,395,2422114),
	(955855057,'Salma','Ebert','male','Mrs.',52866,'BS Computer Science','663 Adriel Court','East Tamara','ID',12575,672,3186713),
	(956191422,'Briana','Larkin','male','Prof.',53204,'BS Computer Science','5017 Terry Greens Suite 725','Lowellton','DE',36896,241,9863186),
	(956285813,'Zachery','DuBuque','female','Mr.',6494,'BS Mathematics','5222 Leanne Squares Apt. 581','McLaughlinside','IL',80169,363,2119117),
	(957180342,'Gerson','Wyman','female','Prof.',94644,'BS Computer Science','21641 Wiza Motorway','Rebekahborough','AZ',26210,248,4053108),
	(958452697,'Leann','Hansen','female','Dr.',17689,'BS Mathematics','7531 Bauch Mill Suite 356','Heaneyland','TN',32306,605,7071288),
	(960057068,'Yvonne','Johnson','male','Miss',94447,'BS Computer Science','93634 Lilla Cape','East Odie','WY',41150,834,7730043),
	(961556146,'Kira','Ward','female','Mrs.',33808,'BS Computer Science','2593 Eleanore Glen Apt. 560','Port Johnson','PA',97127,229,4760465),
	(962956055,'Natalia','Bernhard','male','Miss',3053,'BS Computer Science','066 Bogan Alley','New Yadiramouth','KY',13325,661,3200190),
	(963167235,'Adolph','Kulas','female','Dr.',69091,'BS Computer Science','9222 Keyshawn Canyon Apt. 661','Michealland','SC',21879,139,9499508),
	(963258225,'Loyal','Bauch','male','Mr.',3786,'BS Mathematics','97982 Teagan Crescent','Smithamside','KS',26515,312,9582534),
	(964579493,'William','Stroman','male','Prof.',25368,'BS Computer Science','602 Connelly Drive','New Brooke','FL',30122,198,1487617),
	(965015035,'Joaquin','Stark','male','Mr.',96798,'BS Computer Science','667 Lorenz Circles','North Arnulfo','ND',31194,569,4151337),
	(970184522,'Gavin','Goldner','female','Mr.',64890,'BS Computer Science','507 Yundt Plains','North Goldentown','MS',28123,175,8796638),
	(971040708,'Evalyn','Carroll','female','Mrs.',12383,'BS Computer Science','666 Brakus Manors','Vanessaton','DE',59587,340,1437241),
	(972036755,'Earnestine','Buckridge','female','Mrs.',5302,'BS Mathematics','698 Schuppe Mission Apt. 251','Kassulkemouth','KY',32910,606,6812731),
	(972221454,'Jeffrey','Konopelski','male','Mr.',2978,'BS Computer Science','0910 Ziemann Fords Suite 137','Christinamouth','VA',58305,389,7487889),
	(975477272,'Caterina','Emmerich','female','Mrs.',14104,'BS Mathematics','30923 Barrows Haven Apt. 078','Port Melisaville','KS',59267,736,7396859),
	(978726876,'Dannie','Rohan','male','Dr.',93065,'BS Computer Science','60720 Pearline Trafficway Suite 734','Grahamville','DE',91714,479,3645109),
	(978911802,'Terrance','Wolff','female','Dr.',45945,'BS Computer Science','5861 Emely Plain','West Zoraberg','IN',70377,728,4185516),
	(979594711,'Geo','Collins','male','Dr.',61986,'BS Mathematics','0831 Gibson Crest','Ziemannland','GA',22655,655,6517291),
	(979974169,'Ned','Hayes','female','Mr.',79047,'BS Mathematics','159 DuBuque Unions Suite 013','Wolffview','ND',72157,508,2233276),
	(980209288,'Gunner','Kris','female','Prof.',46065,'BS Computer Science','3869 Cathryn View','South Maudiefurt','MT',14586,373,6067047),
	(980210795,'Ocie','Kuhn','male','Mrs.',88934,'BS Computer Science','68117 Reina Squares Suite 909','Eldredville','MD',94679,885,4014748),
	(982485836,'Lisa','McLaughlin','male','Miss',62162,'BS Computer Science','55707 Bernier Lodge','Florianbury','AL',13776,521,3330805),
	(983865867,'Delaney','Macejkovic','male','Mr.',42191,'BS Mathematics','6577 Crystel Points Suite 705','Helenfort','VT',41848,347,9492719),
	(987411764,'Mossie','Bergnaum','female','Mrs.',99128,'BS Computer Science','6420 King Rapids Apt. 207','Ricechester','WA',41403,851,9856448),
	(990062752,'Veronica','Muller','male','Ms.',19052,'BS Computer Science','09577 Block Shoals Suite 406','Lake Christy','TX',12302,671,1523891),
	(994956827,'Remington','Brown','female','Dr.',47384,'BS Computer Science','30287 Dietrich Heights','Tyreebury','AR',63355,176,5790153),
	(995320111,'Michaela','Romaguera','female','Prof.',48778,'BS Mathematics','1708 Abernathy Fall','Cormierchester','TN',85445,293,9889185),
	(995812215,'Winston','Buckridge','female','Prof.',54744,'BS Mathematics','2780 Von Ramp Suite 743','North Elizabeth','AZ',48036,187,3069478),
	(997700211,'Willy','Schuppe','male','Prof.',26331,'BS Mathematics','6203 Sydni Meadow','East Rolando','MN',94856,714,9043609),
	(999533245,'Dolores','O\'Keefe','female','Miss',75270,'BS Mathematics','453 Johnson Pines Apt. 799','West Coy','VT',59552,407,2854966);

/*!40000 ALTER TABLE `professors` ENABLE KEYS */;
UNLOCK TABLES;


# Dump of table sections
# ------------------------------------------------------------

DROP TABLE IF EXISTS `sections`;

CREATE TABLE `sections` (
  `number` int(11) unsigned NOT NULL,
  `professor_ssn` int(11) DEFAULT NULL,
  `course_number` int(10) unsigned NOT NULL,
  `classroom` varchar(50) NOT NULL DEFAULT '',
  `meeting_days` varchar(50) NOT NULL DEFAULT '',
  `beginning_time` varchar(10) NOT NULL DEFAULT '',
  `end_time` varchar(10) NOT NULL DEFAULT '',
  `seats` int(5) NOT NULL,
  PRIMARY KEY (`number`),
  KEY `course_number` (`course_number`),
  KEY `sections_professor_ssn_foreign` (`professor_ssn`),
  CONSTRAINT `sections_course_number_foreign` FOREIGN KEY (`course_number`) REFERENCES `courses` (`number`) ON DELETE CASCADE,
  CONSTRAINT `sections_professor_ssn_foreign` FOREIGN KEY (`professor_ssn`) REFERENCES `professors` (`ssn`)
) ENGINE=InnoDB DEFAULT CHARSET=utf8 COMMENT='meeting_days could possibly be a separate one-to-many table to specify and categorize days and times depending on the needs of the application';

LOCK TABLES `sections` WRITE;
/*!40000 ALTER TABLE `sections` DISABLE KEYS */;

INSERT INTO `sections` (`number`, `professor_ssn`, `course_number`, `classroom`, `meeting_days`, `beginning_time`, `end_time`, `seats`)
VALUES
	(1007,521460949,44976,'sapiente 384','MW','4:00','8:00',28),
	(1014,683534371,76161,'aperiam 543','W','11:00','12:00',47),
	(1035,891222660,45158,'rerum 311','M','7:00','11:00',55),
	(1049,249692474,44976,'eveniet 288','T','14:00','18:00',28),
	(1051,286161854,45158,'rerum 389','TTh','10:00','12:00',60),
	(1074,446044514,88440,'quia 210','F','16:00','18:00',39),
	(1088,763269376,99755,'distinctio 344','M','1:00','5:00',12),
	(1093,843994542,16895,'temporibus 289','TTh','10:00','11:00',56),
	(1111,175465425,27982,'dolorem 141','MW','5:00','6:00',7),
	(1114,837935146,54259,'incidunt 462','M','8:00','10:00',77),
	(1118,723104082,76161,'quas 238','TTh','3:00','7:00',79),
	(1119,845757543,27982,'non 264','W','9:00','13:00',72),
	(1131,578122678,71046,'consequatur 181','Th','15:00','19:00',66),
	(1139,186097355,54916,'sequi 493','Th','11:00','15:00',74),
	(1152,648099341,63282,'molestias 175','F','0:00','1:00',44),
	(1162,354402737,48694,'culpa 526','S','18:00','19:00',83),
	(1166,288401083,71046,'voluptas 591','MWF','19:00','20:00',42),
	(1171,529167308,24426,'corrupti 152','F','0:00','4:00',11),
	(1172,378113032,45158,'repudiandae 430','W','3:00','5:00',30),
	(1183,314488140,29627,'pariatur 561','M','11:00','14:00',62),
	(1185,697090078,81104,'adipisci 290','M','13:00','17:00',77),
	(1186,135003254,88440,'eius 315','T','17:00','19:00',52),
	(1192,339937609,54916,'ipsum 334','Th','23:00','3:00',87),
	(1196,566238960,10242,'voluptatibus 239','MW','5:00','8:00',68),
	(1197,756154473,29391,'doloremque 400','Th','14:00','17:00',26),
	(1198,119715999,38761,'commodi 443','MWF','2:00','5:00',47),
	(1200,324095275,43989,'quibusdam 559','W','14:00','17:00',10),
	(1203,631627675,71046,'nulla 106','S','19:00','21:00',21),
	(1207,952635824,71046,'iste 218','TTh','23:00','2:00',72),
	(1212,516557298,24426,'rerum 208','S','7:00','8:00',12),
	(1213,162168336,69182,'ducimus 126','M','14:00','17:00',19),
	(1220,836535836,29391,'ut 420','S','19:00','23:00',78),
	(1222,455723197,44976,'similique 403','W','10:00','13:00',91),
	(1229,336067923,71046,'in 575','F','10:00','11:00',30),
	(1240,466781014,22434,'deleniti 184','MW','8:00','12:00',13),
	(1242,208209399,41779,'esse 512','M','14:00','16:00',48),
	(1244,457508690,16895,'praesentium 297','W','2:00','3:00',71),
	(1246,870602648,29627,'nihil 423','M','19:00','20:00',78),
	(1279,360509967,71046,'earum 540','MW','16:00','18:00',44),
	(1314,302626960,24426,'vero 133','MW','9:00','10:00',46),
	(1321,532395475,81104,'saepe 589','F','16:00','18:00',46),
	(1332,965015035,76161,'ut 162','S','8:00','10:00',7),
	(1334,144244890,54259,'enim 308','M','23:00','0:00',44),
	(1342,926507993,69552,'nemo 575','TTh','14:00','18:00',36),
	(1343,164484882,69182,'minus 315','S','15:00','19:00',87),
	(1353,606119416,24426,'ut 449','T','3:00','6:00',17),
	(1354,687750728,69182,'nostrum 519','T','13:00','16:00',91),
	(1363,425699533,69182,'aliquam 597','Th','20:00','0:00',90),
	(1368,705281784,53747,'ut 243','T','19:00','21:00',79),
	(1373,812286612,22434,'ab 366','S','18:00','20:00',27),
	(1381,606150076,43989,'ex 155','S','20:00','0:00',82),
	(1386,342239780,27982,'est 266','Th','3:00','7:00',49),
	(1394,850535961,88440,'velit 403','MWF','15:00','18:00',67),
	(1404,448173469,88440,'similique 101','F','21:00','22:00',25),
	(1406,185961317,29627,'occaecati 497','S','10:00','14:00',61),
	(1408,933399287,24426,'numquam 561','MW','12:00','14:00',80),
	(1412,175465425,54916,'omnis 103','T','6:00','10:00',62),
	(1428,893057309,16895,'ut 408','Th','16:00','18:00',97),
	(1437,117479463,69182,'sapiente 105','S','7:00','8:00',92),
	(1438,159747796,88440,'voluptas 379','S','10:00','11:00',35),
	(1458,264439454,41779,'porro 218','T','20:00','21:00',58),
	(1463,171282048,48694,'blanditiis 449','T','13:00','15:00',27),
	(1466,235505666,69182,'molestias 494','T','9:00','13:00',75),
	(1473,987411764,44976,'voluptas 295','S','3:00','4:00',71),
	(1474,164721114,44976,'commodi 526','W','3:00','6:00',62),
	(1489,722184696,22434,'saepe 552','MW','18:00','21:00',95),
	(1494,600105578,29391,'amet 129','F','12:00','14:00',24),
	(1495,299566381,53747,'accusamus 375','MWF','6:00','9:00',20),
	(1500,727494915,22434,'dolores 206','M','15:00','17:00',6),
	(1503,853503873,24426,'asperiores 421','F','9:00','13:00',14),
	(1516,311175853,38761,'eaque 148','F','8:00','10:00',3),
	(1518,582256830,24426,'ut 254','S','20:00','22:00',59),
	(1524,869218644,63282,'hic 280','F','20:00','22:00',67),
	(1532,599925549,53747,'sed 529','Th','22:00','1:00',44),
	(1538,314448147,63282,'similique 101','S','17:00','19:00',74),
	(1545,938019768,26827,'commodi 592','MW','19:00','22:00',39),
	(1561,775456602,29627,'harum 306','TTh','23:00','0:00',68),
	(1564,223343992,54259,'ut 247','T','2:00','5:00',38),
	(1572,300597578,10242,'sit 226','T','4:00','7:00',72),
	(1577,287940309,71046,'porro 296','MW','10:00','14:00',83),
	(1585,449513920,27982,'sunt 268','M','12:00','15:00',67),
	(1590,403381620,38761,'nisi 443','W','13:00','15:00',25),
	(1606,812286612,99755,'accusantium 226','TTh','4:00','5:00',23),
	(1608,888869054,54259,'ipsam 281','F','4:00','6:00',31),
	(1617,958452697,77138,'qui 569','W','1:00','4:00',52),
	(1621,624081222,81104,'et 493','MW','17:00','19:00',30),
	(1631,348230112,54916,'alias 504','F','7:00','9:00',61),
	(1642,797061110,77138,'qui 180','M','8:00','12:00',73),
	(1646,473780286,29391,'harum 525','Th','22:00','0:00',81),
	(1650,467863556,88440,'non 464','MWF','13:00','15:00',68),
	(1663,363882556,77138,'consequatur 481','S','19:00','21:00',98),
	(1676,243023563,76161,'nihil 556','Th','21:00','1:00',94),
	(1680,855024969,27982,'accusamus 249','MW','15:00','19:00',19),
	(1681,452018745,43199,'aperiam 436','TTh','21:00','22:00',63),
	(1682,730999033,26827,'aspernatur 300','MW','14:00','16:00',33),
	(1691,573780980,38761,'corporis 440','MWF','19:00','22:00',30),
	(1694,650564439,44976,'voluptatem 453','M','12:00','14:00',93),
	(1700,413234311,45158,'eum 528','Th','3:00','7:00',94),
	(1706,822208133,77138,'ex 504','F','12:00','14:00',88),
	(1723,269837793,63282,'quis 233','TTh','11:00','15:00',13),
	(1724,119715999,88440,'quo 406','F','5:00','8:00',56),
	(1725,725319945,76161,'magni 470','M','10:00','12:00',14),
	(1732,515343787,10242,'voluptatibus 509','W','12:00','13:00',5),
	(1748,817667726,69552,'quia 110','M','20:00','0:00',14),
	(1768,424669646,48694,'aut 240','Th','17:00','19:00',97),
	(1775,419095076,71046,'nobis 575','S','1:00','2:00',60),
	(1785,680257833,54916,'in 487','MWF','18:00','22:00',47),
	(1792,722316001,63282,'quo 486','T','0:00','4:00',70),
	(1802,377393654,69182,'sit 217','F','3:00','4:00',50),
	(1804,235212938,45158,'quam 340','T','14:00','18:00',29),
	(1812,541043991,69552,'et 414','T','2:00','3:00',61),
	(1817,242736727,44976,'cumque 413','TTh','15:00','18:00',3),
	(1823,514052458,22434,'eos 141','TTh','2:00','5:00',40),
	(1831,627074299,71046,'deleniti 473','W','22:00','1:00',3),
	(1846,602522644,24426,'est 518','F','21:00','0:00',89),
	(1852,217108330,10242,'illum 478','T','8:00','11:00',20),
	(1855,302626960,53747,'eos 205','W','5:00','6:00',74),
	(1859,532834739,22434,'vero 151','M','9:00','10:00',61),
	(1864,574630026,29391,'expedita 212','T','3:00','6:00',14),
	(1882,285053728,54259,'fugit 198','MW','1:00','4:00',42),
	(1896,417964511,29391,'voluptatem 142','TTh','9:00','12:00',1),
	(1911,817667726,29627,'quibusdam 167','Th','15:00','18:00',9),
	(1913,453079207,41779,'iusto 166','W','18:00','19:00',31),
	(1914,927381720,71046,'molestiae 139','T','20:00','23:00',53),
	(1928,902653216,63282,'totam 255','Th','3:00','4:00',17),
	(1931,165221167,38761,'nesciunt 107','Th','6:00','8:00',65),
	(1932,724426914,63282,'expedita 431','TTh','18:00','19:00',86),
	(1938,472113467,81104,'exercitationem 137','TTh','3:00','4:00',78),
	(1941,297372452,41779,'sint 474','Th','2:00','3:00',62),
	(1942,794851220,69552,'enim 562','Th','11:00','12:00',13),
	(1961,475278407,99755,'assumenda 545','M','17:00','21:00',89),
	(1963,763269376,24426,'deleniti 437','MW','10:00','11:00',56),
	(1967,899176930,54259,'tempora 276','S','19:00','20:00',57),
	(1981,339937609,43199,'velit 530','F','19:00','21:00',63),
	(1989,516804620,81104,'repellat 443','M','5:00','9:00',62),
	(1998,121464958,53747,'ut 244','F','20:00','23:00',83),
	(2000,133946018,43199,'saepe 518','S','22:00','2:00',80),
	(2001,811832198,81104,'adipisci 192','TTh','5:00','8:00',70),
	(2002,285053728,88440,'voluptatem 504','MW','6:00','10:00',69),
	(2011,614779997,81104,'dolorem 572','T','0:00','1:00',78),
	(2016,624081222,10242,'deserunt 215','MW','4:00','6:00',65),
	(2036,449513920,44976,'aliquid 355','W','18:00','22:00',83),
	(2042,495607089,10242,'nulla 341','S','4:00','8:00',95),
	(2045,475560325,53747,'consectetur 393','MWF','4:00','6:00',29),
	(2054,288997450,24426,'natus 416','Th','12:00','14:00',70),
	(2080,871474048,26827,'est 488','T','5:00','7:00',60),
	(2084,147524446,99755,'perferendis 297','T','2:00','4:00',65),
	(2089,783788098,53747,'consequuntur 392','MWF','12:00','14:00',89),
	(2109,274258734,77138,'quam 324','F','0:00','1:00',16),
	(2113,466165811,77138,'fuga 496','F','13:00','14:00',89),
	(2132,688264554,43199,'error 140','W','20:00','22:00',16),
	(2136,704453965,29627,'dolorem 436','Th','4:00','7:00',96),
	(2140,853005295,69552,'sit 363','M','5:00','8:00',94),
	(2153,403381620,69182,'quos 351','T','6:00','7:00',56),
	(2154,868009543,71046,'voluptatem 257','S','16:00','18:00',64),
	(2164,346099257,76161,'facere 239','MW','13:00','16:00',19),
	(2167,644568830,24426,'voluptas 280','S','13:00','14:00',62),
	(2175,928565150,54259,'est 473','W','14:00','18:00',52),
	(2187,471591008,43989,'sed 173','F','0:00','3:00',65),
	(2193,195007835,69182,'vitae 114','T','1:00','4:00',30),
	(2203,687450667,69552,'et 409','T','6:00','7:00',67),
	(2210,940332235,48694,'aut 287','F','12:00','14:00',54),
	(2215,367122377,81104,'deserunt 142','M','2:00','5:00',72),
	(2228,299566381,69552,'optio 171','MW','19:00','22:00',61),
	(2232,909764307,53747,'voluptas 292','M','19:00','20:00',83),
	(2235,544354885,45158,'aut 343','F','20:00','0:00',54),
	(2236,174189745,48694,'officiis 370','T','3:00','6:00',10),
	(2250,179698891,38761,'et 544','S','19:00','21:00',44),
	(2251,420960518,44976,'facilis 445','Th','15:00','16:00',68),
	(2254,635707094,43199,'magni 586','S','15:00','16:00',68),
	(2259,961556146,88440,'quas 454','M','20:00','0:00',54),
	(2271,262827835,69182,'in 402','F','18:00','21:00',45),
	(2275,162015107,81104,'quo 208','MW','18:00','20:00',31),
	(2278,553784504,54916,'eaque 170','W','2:00','5:00',47),
	(2282,553784504,27982,'adipisci 442','T','6:00','7:00',93),
	(2295,302626960,43989,'pariatur 393','M','11:00','12:00',50),
	(2298,325080918,10242,'quo 359','S','7:00','10:00',85),
	(2305,611372782,43199,'ut 490','Th','5:00','8:00',43),
	(2308,192633377,44976,'dolor 514','MW','6:00','9:00',41),
	(2310,693773701,69182,'accusantium 547','S','10:00','13:00',4),
	(2319,227483529,54916,'et 460','S','6:00','7:00',26),
	(2322,674472638,29391,'eos 514','T','7:00','8:00',72),
	(2328,141024094,63282,'in 399','MWF','16:00','18:00',44),
	(2338,963258225,88440,'rerum 208','W','7:00','8:00',99),
	(2352,378187588,88440,'vero 519','TTh','19:00','22:00',56),
	(2355,197904475,54259,'ullam 585','M','9:00','10:00',92),
	(2358,831064938,76161,'temporibus 189','Th','17:00','20:00',77),
	(2363,982485836,43989,'earum 289','M','18:00','19:00',12),
	(2371,785256401,43989,'beatae 359','S','18:00','21:00',4),
	(2373,402197036,29391,'ex 555','W','23:00','3:00',35),
	(2390,896494603,54259,'sed 229','T','7:00','9:00',3),
	(2392,630233151,41779,'et 389','T','22:00','23:00',26),
	(2424,249692474,22434,'rem 374','T','5:00','8:00',62),
	(2429,477302955,24426,'consequatur 320','MW','18:00','19:00',81),
	(2432,286161854,22434,'quo 581','W','9:00','12:00',14),
	(2435,770860996,41779,'beatae 219','Th','18:00','20:00',43),
	(2450,227271405,53747,'vero 106','MWF','3:00','7:00',30),
	(2471,260057484,99755,'qui 570','Th','23:00','3:00',45),
	(2473,696063425,10242,'iste 467','TTh','19:00','20:00',43),
	(2486,521345553,54259,'laborum 131','F','12:00','16:00',83),
	(2488,775804470,44976,'ratione 423','S','4:00','5:00',26),
	(2497,859487492,63282,'qui 229','T','21:00','0:00',38),
	(2501,350198774,76161,'beatae 400','MW','17:00','21:00',77),
	(2515,548099136,54259,'eius 513','S','15:00','19:00',2),
	(2528,705281784,38761,'voluptatibus 599','TTh','2:00','3:00',10),
	(2559,234245287,71046,'rerum 478','M','13:00','16:00',23),
	(2573,846985853,24426,'consequatur 472','TTh','19:00','21:00',68),
	(2580,793673488,44976,'laudantium 553','TTh','5:00','9:00',37),
	(2581,611372782,69552,'vero 504','TTh','3:00','5:00',13),
	(2583,528825948,44976,'et 144','F','0:00','1:00',34),
	(2601,505420768,43989,'ut 151','S','14:00','15:00',74),
	(2606,927292053,43989,'enim 399','TTh','7:00','8:00',3),
	(2607,140575694,29391,'iusto 331','W','20:00','0:00',40),
	(2613,729561236,45158,'occaecati 348','Th','5:00','8:00',12),
	(2616,722184696,48694,'voluptatem 182','Th','2:00','5:00',78),
	(2631,235505666,99755,'qui 372','F','11:00','14:00',17),
	(2669,978726876,38761,'sed 213','Th','14:00','15:00',29),
	(2684,678685601,69182,'dicta 167','F','17:00','21:00',70),
	(2685,970184522,22434,'voluptate 194','F','16:00','18:00',88),
	(2686,606119416,81104,'eos 243','S','0:00','1:00',28),
	(2697,520844112,69182,'voluptates 467','T','18:00','22:00',76),
	(2721,508218291,63282,'corporis 173','T','11:00','13:00',68),
	(2723,447146050,99755,'voluptates 514','MWF','18:00','20:00',65),
	(2726,659261079,88440,'recusandae 170','S','6:00','8:00',67),
	(2730,602522644,45158,'accusamus 294','T','15:00','17:00',9),
	(2740,748473104,53747,'magni 230','S','9:00','11:00',85),
	(2741,222952179,22434,'non 419','Th','6:00','10:00',44),
	(2765,288481574,45158,'accusantium 350','MW','16:00','19:00',65),
	(2770,709959263,16895,'sunt 469','MWF','19:00','21:00',2),
	(2771,357479494,69552,'eum 117','MWF','3:00','4:00',17),
	(2786,558318789,24426,'nisi 231','MWF','16:00','20:00',93),
	(2792,566238960,54259,'recusandae 404','TTh','21:00','1:00',6),
	(2802,199132912,69182,'dolores 343','MWF','7:00','9:00',42),
	(2807,584927381,77138,'et 211','MWF','4:00','5:00',95),
	(2819,172088406,54916,'eius 572','F','22:00','1:00',33),
	(2831,769486812,77138,'voluptates 147','S','8:00','9:00',6),
	(2834,548061448,24426,'deserunt 102','MW','0:00','2:00',81),
	(2844,477152092,88440,'dignissimos 403','S','15:00','16:00',39),
	(2848,351302148,99755,'quo 452','Th','0:00','1:00',7),
	(2850,250424713,71046,'eum 305','MWF','10:00','11:00',3),
	(2868,849975662,43199,'aspernatur 110','M','20:00','21:00',11),
	(2877,911111278,77138,'eos 145','T','19:00','22:00',37),
	(2898,267213054,53747,'architecto 464','T','14:00','18:00',26),
	(2899,811832198,99755,'et 460','M','10:00','12:00',30),
	(2903,134721259,44976,'error 352','MWF','21:00','1:00',58),
	(2931,571849899,10242,'sit 123','TTh','19:00','20:00',49),
	(2950,147524446,29391,'suscipit 287','T','9:00','11:00',78),
	(2959,209696844,29391,'delectus 253','Th','4:00','7:00',16),
	(2968,658194904,43199,'vel 522','W','3:00','7:00',21),
	(2975,517330210,38761,'facilis 508','Th','19:00','23:00',85),
	(2976,617040914,71046,'alias 558','S','11:00','14:00',61),
	(2996,351850837,24426,'et 185','TTh','15:00','17:00',88),
	(3003,836535836,54259,'harum 519','M','1:00','3:00',11),
	(3021,375061334,44976,'eaque 279','T','20:00','23:00',69),
	(3043,429880072,22434,'occaecati 113','Th','16:00','17:00',74),
	(3050,135095527,71046,'totam 595','T','7:00','11:00',45),
	(3055,568583470,54916,'cupiditate 354','W','13:00','14:00',68),
	(3062,534107348,44976,'quidem 548','TTh','11:00','15:00',64),
	(3071,914676143,22434,'incidunt 465','T','0:00','4:00',74),
	(3074,632508081,22434,'rerum 593','M','1:00','3:00',15),
	(3076,216653450,41779,'qui 429','Th','6:00','9:00',85),
	(3082,600226336,26827,'odit 114','TTh','18:00','20:00',21),
	(3089,610892054,99755,'ut 357','F','22:00','23:00',74),
	(3096,888869054,99755,'placeat 144','MW','18:00','22:00',50),
	(3103,644568830,76161,'voluptatem 320','W','7:00','8:00',75),
	(3125,791606660,48694,'nobis 442','Th','20:00','21:00',86),
	(3127,764103179,29627,'voluptates 585','MWF','6:00','9:00',63),
	(3137,379421456,43989,'doloremque 134','T','19:00','23:00',97),
	(3150,234245287,43199,'ea 403','Th','12:00','13:00',71),
	(3155,187557873,77138,'quidem 468','W','19:00','20:00',17),
	(3158,298180310,81104,'labore 198','Th','8:00','9:00',60),
	(3163,600415790,10242,'ipsam 532','Th','16:00','17:00',59),
	(3169,325699334,54916,'consequatur 143','F','18:00','20:00',96),
	(3177,116896909,81104,'libero 407','W','0:00','2:00',37),
	(3184,624033113,24426,'commodi 286','M','13:00','16:00',12),
	(3186,564324694,16895,'illum 163','T','6:00','9:00',74),
	(3189,591007268,76161,'aliquam 157','S','14:00','18:00',79),
	(3196,189526350,43989,'velit 259','T','4:00','6:00',28),
	(3197,223343992,29391,'in 138','Th','4:00','5:00',93),
	(3198,952635824,27982,'qui 126','MW','2:00','5:00',62),
	(3207,964579493,53747,'aperiam 420','TTh','17:00','19:00',34),
	(3224,535620944,54259,'maiores 183','MW','10:00','14:00',82),
	(3239,624081222,77138,'est 420','W','23:00','1:00',71),
	(3252,227271405,29627,'est 513','S','4:00','7:00',2),
	(3263,995812215,43989,'cum 343','F','9:00','11:00',16),
	(3274,564324694,54259,'pariatur 224','S','9:00','12:00',70),
	(3286,438882709,69182,'id 339','T','19:00','20:00',97),
	(3301,995320111,81104,'omnis 452','M','10:00','14:00',87),
	(3312,164484882,44976,'quia 397','MWF','15:00','19:00',8),
	(3322,423490316,48694,'ullam 229','MW','5:00','9:00',37),
	(3329,474722742,29627,'eaque 338','MWF','1:00','2:00',22),
	(3335,498109993,69552,'necessitatibus 425','MWF','18:00','19:00',77),
	(3349,514052458,41779,'debitis 594','TTh','18:00','22:00',38),
	(3356,508022977,88440,'repellat 591','F','16:00','18:00',78),
	(3375,148796924,63282,'ut 434','MWF','0:00','3:00',92),
	(3379,734627566,26827,'nam 362','MW','22:00','1:00',33),
	(3386,785256401,41779,'quidem 288','MW','2:00','6:00',43),
	(3400,663187011,26827,'dignissimos 595','F','4:00','6:00',51),
	(3402,475482165,48694,'quo 583','W','4:00','6:00',43),
	(3407,461487523,43989,'voluptatibus 266','S','6:00','7:00',98),
	(3412,298180310,44976,'nemo 495','MWF','11:00','15:00',61),
	(3413,474469397,88440,'ut 363','S','13:00','16:00',12),
	(3416,948438303,43199,'odit 228','S','5:00','7:00',35),
	(3423,727494915,81104,'alias 316','T','18:00','19:00',11),
	(3430,288481574,26827,'animi 429','S','22:00','0:00',46),
	(3431,743038196,29627,'autem 335','MWF','13:00','17:00',69),
	(3433,165221167,63282,'incidunt 147','TTh','1:00','2:00',11),
	(3445,301481401,22434,'assumenda 171','Th','19:00','21:00',67),
	(3457,816125273,41779,'eum 398','W','20:00','23:00',18),
	(3464,456676854,16895,'nostrum 354','Th','1:00','3:00',78),
	(3468,809969290,43989,'blanditiis 123','S','9:00','11:00',10),
	(3478,208209399,29627,'repellendus 426','F','18:00','22:00',66),
	(3480,402718087,29627,'qui 176','W','12:00','15:00',24),
	(3486,911111278,63282,'officia 529','W','9:00','11:00',42),
	(3490,926507993,41779,'id 539','T','8:00','9:00',97),
	(3495,218942169,27982,'laudantium 303','Th','18:00','20:00',59),
	(3510,430485479,24426,'quia 227','T','7:00','11:00',33),
	(3531,564059195,45158,'a 209','Th','14:00','16:00',37),
	(3544,350198774,88440,'odio 286','MWF','9:00','11:00',63),
	(3546,516557298,63282,'quod 321','S','0:00','1:00',63),
	(3549,584927381,26827,'blanditiis 156','M','6:00','9:00',70),
	(3568,382734123,44976,'accusamus 577','W','7:00','10:00',72),
	(3571,140259629,48694,'repellendus 599','Th','8:00','10:00',1),
	(3580,116896909,99755,'rem 592','W','20:00','0:00',51),
	(3607,179698891,24426,'maiores 596','TTh','1:00','4:00',34),
	(3609,117942463,99755,'laborum 151','T','21:00','22:00',49),
	(3611,918434952,81104,'enim 436','TTh','12:00','16:00',31),
	(3621,649241071,29391,'quidem 431','T','15:00','17:00',1),
	(3627,268791143,53747,'at 437','T','19:00','21:00',20),
	(3636,475278407,43989,'dolor 511','F','23:00','1:00',40),
	(3669,347203089,53747,'amet 199','S','22:00','23:00',18),
	(3674,794851220,88440,'soluta 412','Th','18:00','20:00',85),
	(3676,781700637,38761,'temporibus 423','T','19:00','20:00',95),
	(3696,568583470,71046,'consequuntur 132','Th','1:00','5:00',3),
	(3699,876029534,71046,'laboriosam 376','MW','6:00','10:00',16),
	(3702,827159493,48694,'autem 509','M','0:00','1:00',88),
	(3716,461487523,29627,'dolore 130','MWF','23:00','0:00',62),
	(3724,860361520,45158,'omnis 435','Th','23:00','3:00',100),
	(3734,448173469,29391,'occaecati 198','M','23:00','1:00',36),
	(3756,997700211,22434,'ut 260','F','23:00','0:00',20),
	(3774,123521988,24426,'ut 527','W','13:00','16:00',11),
	(3778,324095275,69552,'officia 501','F','2:00','5:00',8),
	(3780,963258225,41779,'consequuntur 442','MWF','8:00','11:00',82),
	(3784,947973815,53747,'cum 414','M','18:00','21:00',77),
	(3790,903800404,53747,'molestiae 259','TTh','10:00','14:00',45),
	(3827,661924472,69182,'consequatur 214','T','0:00','3:00',70),
	(3838,704453965,88440,'facilis 565','M','15:00','17:00',39),
	(3840,645006602,29391,'reprehenderit 483','S','9:00','13:00',13),
	(3844,902653216,41779,'similique 565','T','6:00','8:00',73),
	(3849,687450667,77138,'dolor 389','F','20:00','22:00',76),
	(3863,830680388,43199,'consequatur 135','MWF','17:00','19:00',45),
	(3892,234245287,48694,'consequatur 152','MWF','10:00','14:00',57),
	(3894,499461444,71046,'ea 439','TTh','6:00','10:00',35),
	(3917,893057309,24426,'in 143','T','4:00','6:00',38),
	(3936,179444227,53747,'voluptatem 210','S','2:00','3:00',14),
	(3942,267213054,54259,'reiciendis 123','F','18:00','20:00',25),
	(3954,930405379,53747,'unde 380','MWF','0:00','2:00',84),
	(3956,650672335,53747,'magni 585','M','5:00','7:00',88),
	(3983,891222660,38761,'ut 402','M','14:00','15:00',26),
	(3999,683593268,26827,'necessitatibus 516','S','10:00','13:00',69),
	(4010,578640044,16895,'fuga 479','TTh','13:00','17:00',49),
	(4014,532395475,81104,'illo 209','T','21:00','23:00',36),
	(4016,132655505,10242,'ratione 275','T','7:00','8:00',19),
	(4020,689064261,27982,'suscipit 421','M','16:00','19:00',89),
	(4022,289846306,99755,'vel 562','MW','3:00','6:00',7),
	(4028,645267114,16895,'quae 403','W','23:00','1:00',66),
	(4029,274258734,88440,'in 101','W','11:00','13:00',26),
	(4031,118862746,43989,'sit 577','F','10:00','14:00',87),
	(4035,174189745,76161,'eius 209','T','13:00','17:00',44),
	(4058,268791143,24426,'accusantium 545','M','3:00','4:00',3),
	(4061,475587163,81104,'accusantium 144','W','17:00','18:00',22),
	(4063,225910390,24426,'voluptatibus 175','S','15:00','17:00',98),
	(4064,144609093,27982,'ad 358','TTh','17:00','18:00',15),
	(4066,546977386,10242,'ratione 261','M','21:00','22:00',65),
	(4068,423490316,16895,'quis 142','F','7:00','8:00',50),
	(4070,834918088,38761,'id 201','T','20:00','0:00',51),
	(4073,960057068,54916,'eos 191','M','3:00','7:00',45),
	(4078,419186238,69182,'distinctio 114','Th','14:00','17:00',86),
	(4081,535496835,16895,'quis 112','M','19:00','21:00',68),
	(4082,521460949,63282,'eaque 183','S','17:00','21:00',52),
	(4091,812286612,54916,'cum 271','Th','22:00','0:00',94),
	(4095,447146050,53747,'recusandae 451','Th','21:00','22:00',13),
	(4103,156010901,54259,'et 349','TTh','20:00','23:00',49),
	(4116,473780286,99755,'rerum 102','S','13:00','14:00',14),
	(4123,944438760,43989,'vel 458','Th','16:00','20:00',45),
	(4139,624662160,54916,'hic 225','T','15:00','19:00',66),
	(4146,325699334,77138,'voluptatem 176','W','22:00','0:00',42),
	(4153,581351208,44976,'dolor 392','Th','7:00','11:00',47),
	(4172,295221391,26827,'nisi 512','F','7:00','10:00',75),
	(4184,517330210,29627,'accusantium 496','W','23:00','2:00',1),
	(4203,275065994,71046,'sed 295','W','20:00','0:00',38),
	(4210,978726876,88440,'totam 310','MWF','8:00','11:00',30),
	(4231,889263635,99755,'placeat 106','F','12:00','14:00',50),
	(4235,298180310,54259,'soluta 156','Th','3:00','5:00',33),
	(4239,344636088,76161,'doloremque 334','Th','4:00','8:00',86),
	(4242,308423676,26827,'quo 397','S','6:00','10:00',69),
	(4252,675740823,76161,'a 346','MWF','10:00','11:00',68),
	(4257,690366984,29627,'qui 596','MWF','13:00','16:00',17),
	(4258,378113032,53747,'et 284','W','7:00','10:00',97),
	(4267,494039192,24426,'modi 424','MW','10:00','12:00',42),
	(4269,933990068,45158,'est 437','W','19:00','23:00',85),
	(4314,954784112,63282,'ipsam 521','TTh','2:00','4:00',17),
	(4316,228706675,63282,'provident 515','T','11:00','13:00',38),
	(4322,442488488,63282,'blanditiis 304','F','3:00','4:00',78),
	(4326,130198724,81104,'repudiandae 474','W','22:00','0:00',37),
	(4334,486632582,48694,'consequatur 187','T','6:00','10:00',39),
	(4335,634158645,29391,'velit 571','W','18:00','19:00',98),
	(4344,217108330,63282,'vel 518','T','17:00','19:00',17),
	(4346,809969290,27982,'sint 586','T','17:00','21:00',24),
	(4368,347203089,29391,'officiis 288','M','19:00','20:00',44),
	(4386,447146050,81104,'temporibus 158','F','6:00','9:00',14),
	(4405,162168336,38761,'voluptas 390','Th','1:00','4:00',3),
	(4407,238384263,53747,'quibusdam 300','M','3:00','7:00',100),
	(4425,475587163,76161,'quaerat 300','W','13:00','16:00',72),
	(4426,697090078,45158,'est 344','T','15:00','16:00',22),
	(4428,975477272,43199,'ut 239','M','18:00','22:00',7),
	(4448,160292955,27982,'qui 254','T','19:00','22:00',59),
	(4451,397131111,43989,'qui 454','MW','4:00','8:00',33),
	(4462,164958459,38761,'sit 395','Th','17:00','18:00',63),
	(4471,256988177,45158,'autem 356','MWF','13:00','17:00',79),
	(4475,582256830,43989,'voluptas 568','MW','0:00','3:00',29),
	(4494,553784504,54259,'inventore 396','T','4:00','7:00',70),
	(4514,144609093,41779,'dolorem 259','M','9:00','13:00',17),
	(4526,670931539,26827,'odit 107','MWF','3:00','6:00',49),
	(4527,860361520,77138,'veniam 586','W','19:00','21:00',94),
	(4532,330817325,29627,'ut 433','M','9:00','12:00',74),
	(4546,935047703,29391,'quam 156','M','16:00','20:00',7),
	(4555,723193230,43989,'in 412','Th','16:00','18:00',72),
	(4558,536734086,63282,'dolor 304','W','3:00','5:00',73),
	(4580,584000727,16895,'suscipit 558','Th','20:00','22:00',13),
	(4581,299566381,48694,'dolore 368','MW','5:00','6:00',14),
	(4587,951803105,10242,'est 303','W','17:00','18:00',74),
	(4596,152529354,26827,'magnam 124','F','12:00','14:00',49),
	(4600,999533245,53747,'itaque 299','F','19:00','22:00',50),
	(4601,578640044,71046,'consectetur 181','MWF','16:00','19:00',92),
	(4602,620909391,99755,'porro 131','Th','6:00','7:00',2),
	(4611,262827835,43989,'doloremque 282','M','12:00','16:00',6),
	(4614,157635354,27982,'voluptatem 537','TTh','16:00','17:00',6),
	(4615,162015107,71046,'aut 574','S','22:00','1:00',74),
	(4632,830680388,24426,'reiciendis 353','Th','2:00','4:00',58),
	(4638,443998765,44976,'unde 167','F','10:00','12:00',19),
	(4640,724426914,48694,'ut 560','S','15:00','16:00',91),
	(4645,700941333,81104,'voluptatem 360','MW','2:00','4:00',25),
	(4648,876029534,77138,'deserunt 396','F','5:00','6:00',12),
	(4659,638500787,71046,'voluptates 409','Th','5:00','7:00',9),
	(4672,419500206,54259,'iste 350','F','1:00','4:00',79),
	(4679,877632090,41779,'saepe 210','T','16:00','19:00',86),
	(4680,769911533,81104,'est 511','T','2:00','6:00',59),
	(4682,972036755,22434,'fugiat 166','F','13:00','17:00',82),
	(4706,234249861,38761,'ab 507','TTh','0:00','3:00',49),
	(4714,729929186,24426,'omnis 511','W','23:00','0:00',19),
	(4718,769463137,69552,'dolores 333','Th','10:00','12:00',13),
	(4737,344872509,24426,'quisquam 549','Th','12:00','14:00',61),
	(4740,769486812,88440,'maiores 395','M','22:00','1:00',56),
	(4745,535620944,53747,'rem 509','F','22:00','0:00',46),
	(4746,495582768,45158,'quia 273','F','18:00','22:00',43),
	(4769,658194904,71046,'ipsam 458','M','12:00','16:00',66),
	(4775,479489321,29391,'sapiente 582','S','7:00','8:00',3),
	(4785,680941271,10242,'eos 258','F','2:00','4:00',28),
	(4788,980210795,26827,'sapiente 434','S','4:00','7:00',25),
	(4790,528825948,38761,'fugit 185','F','14:00','15:00',66),
	(4793,396239695,48694,'eius 442','W','20:00','21:00',34),
	(4794,336102287,54259,'eaque 546','MWF','13:00','15:00',50),
	(4820,785561690,76161,'eum 178','TTh','22:00','2:00',93),
	(4833,970184522,27982,'nihil 191','MW','17:00','21:00',2),
	(4840,649241071,54259,'quos 342','W','5:00','8:00',29),
	(4844,705281784,43989,'culpa 375','Th','5:00','6:00',27),
	(4847,424669646,29627,'blanditiis 250','MWF','17:00','19:00',68),
	(4848,297372452,22434,'rerum 509','F','3:00','6:00',39),
	(4861,273291572,29627,'incidunt 481','W','23:00','2:00',24),
	(4870,816089003,22434,'est 430','T','5:00','8:00',79),
	(4871,234249861,76161,'dolorem 387','S','2:00','6:00',33),
	(4878,886784325,24426,'voluptas 350','TTh','6:00','8:00',53),
	(4883,688264554,24426,'officiis 214','TTh','7:00','8:00',42),
	(4887,896025566,76161,'eum 444','W','3:00','6:00',29),
	(4888,513997215,38761,'quibusdam 488','S','19:00','21:00',94),
	(4894,479848410,45158,'cupiditate 113','F','23:00','1:00',70),
	(4899,827159493,69552,'qui 261','TTh','15:00','19:00',34),
	(4900,159747796,44976,'aut 596','W','6:00','8:00',65),
	(4912,562389706,54916,'voluptatem 165','T','19:00','21:00',13),
	(4924,135095527,88440,'autem 330','M','16:00','20:00',57),
	(4928,918639470,10242,'dolorum 531','Th','16:00','18:00',8),
	(4936,963167235,69182,'et 231','MWF','9:00','11:00',96),
	(4941,912151002,44976,'mollitia 135','MWF','21:00','22:00',32),
	(4964,751695360,24426,'qui 434','T','10:00','11:00',40),
	(4971,414025341,99755,'distinctio 580','W','1:00','3:00',99),
	(4978,859487492,71046,'et 153','MW','9:00','11:00',63),
	(4980,914676143,27982,'repellat 136','F','12:00','16:00',48),
	(4983,648099341,29391,'modi 242','W','4:00','7:00',88),
	(4993,842992221,29627,'ipsum 267','W','20:00','21:00',86),
	(4998,128513407,77138,'et 365','T','15:00','19:00',84),
	(5025,730999033,45158,'laborum 152','MWF','21:00','23:00',36),
	(5030,849975662,54259,'tempora 231','Th','0:00','4:00',8),
	(5031,370004466,43199,'voluptate 262','MW','2:00','3:00',66),
	(5037,831487741,53747,'consequatur 569','W','16:00','17:00',21),
	(5044,498187953,69552,'aperiam 511','Th','7:00','10:00',75),
	(5057,605907461,54259,'necessitatibus 193','M','14:00','15:00',84),
	(5058,945864435,29391,'dolorem 331','F','12:00','14:00',72),
	(5065,246935013,38761,'alias 450','S','1:00','5:00',19),
	(5072,876806624,76161,'quia 273','TTh','21:00','1:00',49),
	(5073,516804620,81104,'vel 331','W','12:00','15:00',13),
	(5076,222952179,10242,'iure 390','S','21:00','1:00',100),
	(5090,630963741,69552,'fugiat 391','MWF','17:00','21:00',60),
	(5103,850509440,48694,'cupiditate 298','MW','1:00','4:00',62),
	(5106,288997450,16895,'itaque 228','T','19:00','20:00',58),
	(5119,869218644,44976,'eveniet 440','TTh','6:00','7:00',89),
	(5128,100833928,43199,'sunt 361','Th','3:00','5:00',20),
	(5132,134721259,44976,'at 400','W','15:00','19:00',49),
	(5144,351302148,63282,'ad 313','F','19:00','23:00',5),
	(5146,696063425,29391,'inventore 466','MW','2:00','5:00',96),
	(5161,608195055,10242,'laudantium 306','Th','13:00','14:00',3),
	(5170,726007133,53747,'voluptas 444','S','20:00','21:00',49),
	(5172,399918203,88440,'vero 199','M','0:00','3:00',97),
	(5179,164958459,99755,'blanditiis 167','Th','21:00','1:00',65),
	(5197,746958813,41779,'adipisci 161','S','19:00','23:00',16),
	(5204,188200587,53747,'quis 211','Th','6:00','7:00',97),
	(5205,980209288,16895,'eos 213','MW','0:00','2:00',54),
	(5209,661606755,88440,'repellat 144','Th','2:00','4:00',91),
	(5216,776456537,81104,'eius 394','F','2:00','4:00',9),
	(5234,704939004,29627,'voluptas 214','Th','21:00','22:00',22),
	(5236,320450012,53747,'quia 336','F','18:00','20:00',34),
	(5248,455723197,88440,'veniam 262','W','14:00','17:00',85),
	(5259,944709441,76161,'dolorem 424','Th','22:00','1:00',93),
	(5283,608195055,10242,'porro 231','T','3:00','4:00',32),
	(5285,186534671,71046,'quibusdam 388','MWF','20:00','22:00',68),
	(5287,971040708,81104,'voluptate 114','MW','16:00','19:00',42),
	(5288,847710201,71046,'odio 277','M','19:00','21:00',51),
	(5292,972221454,69182,'perspiciatis 395','MWF','12:00','13:00',8),
	(5299,173679280,69552,'ullam 360','T','2:00','5:00',25),
	(5327,160292955,24426,'sit 347','S','17:00','19:00',66),
	(5346,314488140,69552,'inventore 146','T','12:00','13:00',4),
	(5358,600226336,48694,'est 412','TTh','18:00','21:00',62),
	(5378,479489321,27982,'omnis 176','T','16:00','17:00',7),
	(5381,346191638,43989,'soluta 115','MW','2:00','3:00',95),
	(5396,627074299,44976,'aut 134','TTh','12:00','16:00',44),
	(5400,325699334,43989,'itaque 492','F','13:00','15:00',36),
	(5404,242736727,69182,'debitis 395','MWF','0:00','4:00',4),
	(5417,446044514,99755,'quis 336','T','2:00','5:00',99),
	(5419,844055455,53747,'sint 589','M','9:00','11:00',86),
	(5434,216653450,43989,'libero 176','MW','1:00','3:00',94),
	(5440,854113525,43199,'qui 151','MW','0:00','1:00',22),
	(5444,599925549,22434,'et 330','S','14:00','18:00',48),
	(5452,190088874,38761,'repellat 337','Th','21:00','1:00',87),
	(5453,770303238,16895,'animi 504','MWF','5:00','9:00',48),
	(5464,680941271,69552,'non 497','W','20:00','0:00',100),
	(5469,972036755,54259,'explicabo 312','S','17:00','21:00',45),
	(5481,933399287,69552,'non 230','S','20:00','22:00',93),
	(5486,499461444,45158,'laborum 456','W','22:00','1:00',37),
	(5492,811833887,69552,'aut 100','T','19:00','20:00',29),
	(5495,868009543,63282,'rerum 517','W','19:00','22:00',60),
	(5503,419186238,16895,'ut 324','F','5:00','7:00',40),
	(5508,336102287,53747,'iste 172','T','2:00','4:00',52),
	(5510,871474048,26827,'sit 354','M','13:00','14:00',54),
	(5514,141024094,48694,'sequi 578','M','1:00','3:00',22),
	(5519,184484202,38761,'maxime 447','MW','4:00','8:00',35),
	(5522,980209288,63282,'corrupti 378','TTh','21:00','23:00',72),
	(5542,816125273,71046,'totam 353','M','7:00','8:00',26),
	(5545,661817932,45158,'et 452','MW','3:00','6:00',61),
	(5571,173679280,99755,'doloribus 597','Th','1:00','5:00',31),
	(5577,195007835,41779,'et 328','TTh','0:00','1:00',60),
	(5591,744764173,29627,'debitis 281','M','4:00','8:00',3),
	(5593,443998765,29627,'et 225','W','20:00','0:00',40),
	(5596,853005295,43989,'quae 514','MW','15:00','17:00',2),
	(5609,644954181,16895,'quidem 153','T','13:00','15:00',20),
	(5613,670722519,76161,'magnam 486','MWF','12:00','14:00',35),
	(5629,871474048,63282,'aut 515','MW','16:00','20:00',77),
	(5632,824095025,76161,'eaque 481','W','18:00','19:00',4),
	(5640,188200587,76161,'aliquid 575','TTh','20:00','22:00',20),
	(5644,135003254,45158,'consequatur 387','MWF','3:00','5:00',3),
	(5656,963167235,29627,'reprehenderit 422','T','5:00','8:00',89),
	(5674,460987500,77138,'sequi 219','F','23:00','2:00',95),
	(5682,649241071,27982,'ducimus 240','T','2:00','5:00',24),
	(5686,413234311,24426,'sed 257','Th','15:00','19:00',53),
	(5698,831064938,43199,'doloribus 492','MW','11:00','14:00',50),
	(5702,662620031,27982,'velit 377','MWF','17:00','20:00',41),
	(5719,543839120,99755,'qui 426','TTh','13:00','17:00',43),
	(5721,915713791,88440,'autem 102','M','12:00','13:00',68),
	(5722,625075849,69182,'sequi 412','Th','0:00','3:00',96),
	(5723,923948334,77138,'quisquam 524','MW','1:00','3:00',13),
	(5727,578122678,10242,'molestiae 281','TTh','14:00','16:00',4),
	(5730,775456602,69552,'omnis 190','W','20:00','21:00',89),
	(5731,870772020,22434,'possimus 329','M','6:00','7:00',68),
	(5737,611427135,10242,'voluptas 559','TTh','12:00','14:00',97),
	(5750,564059195,45158,'omnis 121','T','16:00','17:00',3),
	(5762,286062830,29391,'impedit 409','MWF','6:00','9:00',58),
	(5765,256939395,71046,'qui 569','W','8:00','10:00',25),
	(5779,227483529,45158,'non 279','Th','5:00','7:00',67),
	(5798,136913038,29627,'voluptate 576','F','21:00','23:00',73),
	(5802,994956827,10242,'fuga 375','M','13:00','15:00',67),
	(5806,624303023,44976,'tempore 488','M','12:00','14:00',71),
	(5826,638500787,24426,'debitis 577','F','5:00','8:00',21),
	(5833,495582768,16895,'praesentium 562','W','9:00','11:00',12),
	(5843,428309425,24426,'praesentium 556','W','16:00','18:00',81),
	(5845,713169064,88440,'aut 383','MW','15:00','18:00',78),
	(5857,466165811,16895,'eos 532','S','4:00','8:00',44),
	(5865,466363254,53747,'qui 242','W','10:00','11:00',1),
	(5866,722184696,45158,'hic 239','W','21:00','23:00',61),
	(5873,181460883,43199,'accusamus 375','MWF','15:00','17:00',85),
	(5875,133467327,29391,'saepe 248','W','6:00','9:00',34),
	(5876,692933734,43989,'et 343','T','1:00','5:00',20),
	(5879,348230112,69182,'in 251','Th','1:00','4:00',67),
	(5882,679849395,22434,'in 359','W','15:00','19:00',1),
	(5884,314140272,10242,'corporis 338','W','5:00','8:00',76),
	(5886,801271166,27982,'adipisci 519','Th','15:00','19:00',56),
	(5918,845399097,76161,'id 295','Th','10:00','11:00',11),
	(5923,475278407,69182,'voluptatum 538','S','0:00','4:00',48),
	(5932,164484882,44976,'accusamus 126','M','4:00','7:00',4),
	(5936,460030289,99755,'veniam 564','M','4:00','5:00',17),
	(5955,699298375,44976,'nesciunt 575','TTh','19:00','22:00',86),
	(5965,810312598,88440,'vel 501','F','8:00','10:00',57),
	(5989,620308112,81104,'ut 258','S','20:00','22:00',50),
	(6001,709959263,48694,'assumenda 215','F','10:00','12:00',68),
	(6013,884820000,71046,'est 425','M','10:00','14:00',72),
	(6043,987411764,16895,'consequatur 214','TTh','6:00','8:00',39),
	(6044,832954285,10242,'dolores 368','F','7:00','11:00',42),
	(6047,535620944,38761,'deleniti 378','TTh','19:00','21:00',62),
	(6065,288401083,45158,'non 423','W','6:00','9:00',67),
	(6066,346191638,10242,'omnis 201','S','1:00','3:00',32),
	(6070,104914373,29627,'eligendi 185','TTh','17:00','18:00',39),
	(6096,401524430,24426,'enim 181','S','19:00','22:00',68),
	(6128,238627607,16895,'accusantium 454','MW','16:00','18:00',77),
	(6142,876029534,45158,'animi 598','W','3:00','4:00',81),
	(6152,162015107,43199,'voluptas 279','F','20:00','21:00',43),
	(6153,661606755,81104,'pariatur 164','Th','8:00','9:00',57),
	(6155,955855057,77138,'minima 138','F','6:00','9:00',61),
	(6162,822208133,26827,'fugit 171','S','5:00','8:00',5),
	(6165,115643407,88440,'atque 496','MW','18:00','22:00',45),
	(6182,850509440,43989,'quaerat 389','Th','3:00','4:00',64),
	(6208,182029644,26827,'doloremque 118','M','13:00','16:00',41),
	(6211,295221391,16895,'ea 183','M','1:00','4:00',77),
	(6230,144601074,24426,'nisi 442','MW','2:00','3:00',11),
	(6236,853005295,26827,'voluptatem 458','W','5:00','8:00',98),
	(6241,625847450,54259,'facilis 535','MW','7:00','9:00',6),
	(6242,955855057,44976,'voluptates 442','MW','8:00','12:00',19),
	(6258,670931539,27982,'ut 172','M','6:00','9:00',33),
	(6259,189526350,54916,'quidem 318','M','12:00','14:00',83),
	(6264,660499330,45158,'nihil 336','MWF','9:00','11:00',74),
	(6267,514892371,99755,'eos 245','M','21:00','23:00',66),
	(6275,951803105,77138,'officia 411','M','2:00','3:00',19),
	(6281,693773701,71046,'fuga 500','Th','12:00','16:00',30),
	(6285,524128865,63282,'ipsam 412','MWF','8:00','11:00',68),
	(6288,930405379,29391,'ut 379','F','21:00','23:00',79),
	(6290,469837820,22434,'illo 244','TTh','23:00','1:00',31),
	(6303,117479463,44976,'sunt 186','T','14:00','16:00',60),
	(6304,947973815,54916,'ipsa 537','Th','22:00','23:00',50),
	(6313,419095076,76161,'voluptatum 184','MWF','6:00','10:00',80),
	(6318,558318789,88440,'tenetur 383','TTh','15:00','16:00',3),
	(6319,461525181,43199,'voluptatem 579','F','11:00','13:00',42),
	(6320,714482232,29391,'error 347','Th','13:00','16:00',22),
	(6327,289846306,63282,'delectus 588','MW','4:00','8:00',55),
	(6329,185961317,69182,'aperiam 481','Th','1:00','4:00',43),
	(6352,405034928,69552,'similique 493','S','5:00','8:00',35),
	(6369,662160108,10242,'labore 139','M','11:00','14:00',62),
	(6371,810507869,77138,'incidunt 269','Th','0:00','1:00',68),
	(6374,197904475,24426,'quis 512','MWF','2:00','4:00',22),
	(6379,461525181,43989,'quia 247','MWF','21:00','0:00',1),
	(6382,978911802,44976,'occaecati 192','MWF','4:00','8:00',91),
	(6386,546977386,88440,'quos 528','M','18:00','19:00',19),
	(6387,347605635,27982,'neque 160','W','19:00','20:00',5),
	(6409,175465425,29391,'sed 147','M','20:00','22:00',85),
	(6416,467863556,41779,'fuga 321','MWF','3:00','5:00',2),
	(6427,927381720,26827,'dolor 299','MW','8:00','11:00',12),
	(6436,405470149,69182,'placeat 307','TTh','18:00','22:00',75),
	(6444,173679280,44976,'alias 275','S','22:00','23:00',67),
	(6450,797690674,22434,'ea 342','T','5:00','6:00',82),
	(6459,449513920,99755,'pariatur 457','M','7:00','11:00',22),
	(6460,345412372,44976,'sed 106','MW','22:00','23:00',49),
	(6488,574630026,24426,'velit 481','M','17:00','18:00',78),
	(6490,834918088,53747,'id 265','Th','9:00','10:00',24),
	(6494,186534671,48694,'necessitatibus 151','MWF','5:00','6:00',60),
	(6498,227271405,48694,'sed 222','S','10:00','13:00',91),
	(6500,807320621,43199,'sed 450','T','13:00','14:00',77),
	(6506,876806624,10242,'dolorum 544','S','17:00','21:00',56),
	(6513,546977386,41779,'ipsum 336','Th','2:00','5:00',46),
	(6539,911285389,69552,'natus 210','M','13:00','14:00',61),
	(6553,785561690,77138,'quidem 553','Th','9:00','12:00',82),
	(6557,574116510,27982,'laboriosam 246','Th','5:00','6:00',13),
	(6586,479561424,43989,'illo 288','Th','3:00','4:00',65),
	(6596,520844112,44976,'in 176','S','12:00','14:00',1),
	(6599,748473104,88440,'et 127','W','7:00','9:00',70),
	(6617,790723099,22434,'quam 157','T','23:00','1:00',25),
	(6624,647422136,81104,'sunt 358','Th','3:00','4:00',67),
	(6631,848792976,27982,'ab 516','S','0:00','3:00',14),
	(6633,415122074,26827,'et 281','T','11:00','14:00',41),
	(6638,983865867,16895,'dicta 317','W','11:00','13:00',100),
	(6648,962956055,88440,'inventore 414','Th','12:00','13:00',37),
	(6660,658194904,45158,'eum 405','F','20:00','22:00',1),
	(6668,382734123,27982,'consequatur 110','Th','19:00','22:00',76),
	(6690,562389706,41779,'in 291','MW','15:00','18:00',51),
	(6706,528295226,71046,'velit 487','TTh','21:00','23:00',50),
	(6745,630233151,53747,'voluptates 596','M','13:00','17:00',43),
	(6748,551841797,71046,'vero 569','Th','16:00','20:00',90),
	(6752,600415790,69552,'ut 525','S','21:00','0:00',97),
	(6767,134682597,41779,'soluta 340','MWF','1:00','5:00',15),
	(6782,687450667,81104,'exercitationem 596','W','10:00','14:00',61),
	(6785,831487741,44976,'earum 453','MW','10:00','11:00',10),
	(6801,957180342,99755,'voluptatem 169','W','22:00','0:00',79),
	(6811,314140272,24426,'tenetur 272','MW','22:00','23:00',54),
	(6813,965015035,44976,'autem 246','MW','12:00','14:00',90),
	(6814,677672651,45158,'qui 251','MW','6:00','10:00',13),
	(6821,401524430,99755,'et 267','S','19:00','20:00',48),
	(6846,709959263,81104,'ut 266','S','17:00','21:00',26),
	(6870,413234311,29627,'explicabo 374','MW','11:00','15:00',30),
	(6872,144609093,26827,'tempore 587','S','1:00','4:00',28),
	(6875,801336409,29391,'incidunt 561','M','18:00','21:00',15),
	(6881,714549397,27982,'quia 440','TTh','0:00','4:00',41),
	(6882,983865867,54916,'explicabo 339','F','16:00','20:00',64),
	(6884,474469397,29627,'eos 125','Th','15:00','18:00',90),
	(6887,363882556,81104,'temporibus 190','S','4:00','8:00',63),
	(6890,687565870,29391,'temporibus 502','Th','8:00','9:00',64),
	(6916,872700219,71046,'at 547','Th','5:00','6:00',80),
	(6919,831487741,29627,'voluptatibus 283','T','3:00','4:00',17),
	(6936,357248882,77138,'facilis 469','F','16:00','18:00',46),
	(6962,894695883,53747,'nemo 450','Th','0:00','4:00',79),
	(6971,190771737,16895,'vitae 379','M','11:00','15:00',39),
	(6980,419186238,54259,'tenetur 171','Th','7:00','9:00',61),
	(6984,834412817,38761,'laudantium 387','Th','10:00','14:00',53),
	(6986,769911533,38761,'eum 275','Th','2:00','5:00',5),
	(6989,188200587,41779,'autem 395','S','14:00','16:00',99),
	(6995,551841797,10242,'similique 418','F','14:00','16:00',90),
	(7001,499461444,45158,'sed 382','TTh','0:00','1:00',56),
	(7007,542429669,27982,'optio 426','MW','17:00','19:00',2),
	(7023,625847450,69182,'itaque 529','W','7:00','11:00',30),
	(7030,688343948,54916,'autem 554','Th','7:00','10:00',59),
	(7037,937173466,10242,'porro 337','TTh','8:00','11:00',22),
	(7049,352957521,29627,'tempore 525','MW','12:00','16:00',39),
	(7051,141652054,26827,'minima 243','S','0:00','1:00',64),
	(7066,156010901,69552,'quam 593','F','0:00','2:00',50),
	(7102,573780980,44976,'voluptas 596','F','14:00','15:00',84),
	(7112,370004466,27982,'quibusdam 231','MW','22:00','1:00',92),
	(7131,436375836,71046,'et 103','MW','23:00','1:00',63),
	(7141,438882709,27982,'optio 134','W','22:00','2:00',1),
	(7156,381023450,63282,'laudantium 569','M','11:00','15:00',83),
	(7168,722316001,63282,'sunt 132','MWF','15:00','17:00',47),
	(7170,995320111,76161,'error 588','S','8:00','12:00',84),
	(7178,346191638,16895,'nostrum 230','M','7:00','10:00',41),
	(7188,584000727,81104,'commodi 127','S','1:00','5:00',77),
	(7195,344636088,43989,'nesciunt 415','F','17:00','20:00',13),
	(7200,961556146,27982,'eius 306','T','1:00','4:00',92),
	(7209,403186187,10242,'nisi 589','W','22:00','2:00',95),
	(7214,423490316,45158,'eum 471','MWF','0:00','3:00',48),
	(7233,548061448,43989,'voluptate 440','T','11:00','13:00',16),
	(7250,303629220,16895,'numquam 371','MW','18:00','21:00',69),
	(7251,135095527,41779,'voluptas 282','MW','20:00','23:00',75),
	(7257,662620031,24426,'quas 222','F','19:00','22:00',63),
	(7260,573780980,45158,'perspiciatis 330','W','16:00','17:00',71),
	(7288,280411663,71046,'quia 454','TTh','3:00','6:00',85),
	(7302,314140272,54259,'quia 561','MW','21:00','1:00',60),
	(7304,769911533,26827,'iste 271','Th','4:00','8:00',82),
	(7307,889000764,63282,'ut 499','T','11:00','12:00',52),
	(7310,515916763,38761,'quibusdam 195','W','0:00','2:00',48),
	(7313,209466629,99755,'distinctio 445','Th','12:00','15:00',32),
	(7326,787555330,81104,'modi 277','S','15:00','19:00',52),
	(7338,845757543,41779,'sint 599','W','23:00','1:00',2),
	(7373,727159797,27982,'est 319','MWF','9:00','11:00',41),
	(7379,674472638,38761,'aut 406','W','8:00','10:00',57),
	(7387,957180342,54259,'natus 346','S','20:00','0:00',97),
	(7388,419660471,29627,'culpa 138','M','19:00','23:00',34),
	(7399,801271166,69552,'ullam 164','M','14:00','17:00',55),
	(7432,437893019,69552,'accusamus 178','Th','17:00','19:00',3),
	(7442,884820000,44976,'et 172','W','19:00','23:00',71),
	(7446,269837793,54916,'aut 302','MWF','3:00','6:00',41),
	(7454,674472638,27982,'eveniet 263','M','6:00','10:00',33),
	(7457,896494603,69182,'voluptatem 522','MW','1:00','2:00',16),
	(7462,268791143,10242,'officia 548','TTh','14:00','17:00',9),
	(7466,228706675,43989,'rerum 571','W','19:00','21:00',83),
	(7470,498187953,22434,'et 106','TTh','3:00','6:00',46),
	(7488,430485479,48694,'qui 131','TTh','13:00','15:00',4),
	(7495,543250708,43199,'quisquam 223','TTh','10:00','12:00',100),
	(7507,405470149,24426,'sed 378','S','12:00','13:00',63),
	(7528,625847450,45158,'mollitia 205','MWF','11:00','12:00',36),
	(7541,103789350,54916,'blanditiis 455','M','17:00','20:00',24),
	(7549,295221391,43199,'illum 255','Th','22:00','23:00',30),
	(7552,920314012,53747,'voluptatem 151','M','10:00','14:00',47),
	(7555,246935013,69182,'quia 558','S','15:00','19:00',26),
	(7556,599078640,99755,'quas 290','Th','15:00','16:00',96),
	(7559,264439454,63282,'deleniti 224','TTh','18:00','22:00',36),
	(7561,468797262,88440,'eveniet 301','Th','22:00','2:00',77),
	(7570,344636088,29627,'error 416','S','8:00','9:00',97),
	(7572,928556534,26827,'consequatur 235','Th','14:00','16:00',18),
	(7578,614779997,77138,'nostrum 452','Th','14:00','15:00',3),
	(7582,717214918,44976,'est 171','F','16:00','20:00',28),
	(7585,574116510,69552,'cupiditate 188','MW','17:00','18:00',74),
	(7589,599078640,69552,'quisquam 367','Th','8:00','12:00',74),
	(7597,666861806,69182,'sapiente 511','M','21:00','22:00',28),
	(7613,440366171,26827,'sunt 269','Th','8:00','10:00',91),
	(7618,242736727,63282,'molestias 397','MWF','15:00','17:00',20),
	(7619,440761509,88440,'error 331','T','14:00','15:00',100),
	(7627,610892054,63282,'fugit 555','S','21:00','1:00',68),
	(7631,700941333,29627,'sit 489','S','10:00','12:00',61),
	(7635,663187011,44976,'dicta 487','S','20:00','23:00',25),
	(7637,445452757,41779,'perferendis 384','F','19:00','21:00',12),
	(7649,958452697,76161,'nihil 274','W','17:00','19:00',27),
	(7690,718878968,26827,'corrupti 438','MW','14:00','15:00',71),
	(7698,872700219,53747,'ea 127','F','14:00','16:00',78),
	(7702,606150076,45158,'non 394','MWF','10:00','13:00',85),
	(7709,582444468,77138,'ab 291','T','15:00','17:00',96),
	(7722,944709441,41779,'eveniet 486','TTh','22:00','1:00',80),
	(7735,402197036,71046,'et 557','MWF','17:00','19:00',56),
	(7749,995320111,77138,'non 357','TTh','22:00','23:00',74),
	(7752,556080937,43989,'enim 108','T','2:00','5:00',92),
	(7776,748473104,22434,'molestiae 432','TTh','13:00','17:00',16),
	(7790,760474321,71046,'ipsum 453','T','6:00','8:00',56),
	(7799,438882709,99755,'tempore 248','W','16:00','19:00',83),
	(7811,979594711,69552,'inventore 163','Th','22:00','23:00',76),
	(7815,889000764,77138,'ut 389','MWF','21:00','1:00',2),
	(7816,773670525,48694,'assumenda 481','MW','16:00','20:00',22),
	(7821,637459610,77138,'itaque 527','MWF','13:00','16:00',71),
	(7830,725319945,29627,'necessitatibus 285','MW','9:00','13:00',21),
	(7841,608119384,41779,'reprehenderit 298','S','5:00','6:00',1),
	(7848,614779997,63282,'veniam 191','Th','7:00','11:00',93),
	(7849,303629220,38761,'minima 264','MW','20:00','22:00',31),
	(7861,655868054,77138,'maxime 171','T','8:00','12:00',35),
	(7879,605907461,99755,'ipsum 478','W','22:00','23:00',67),
	(7897,847025173,16895,'cum 305','MW','21:00','0:00',93),
	(7902,846985853,81104,'et 406','T','18:00','21:00',12),
	(7913,624033113,45158,'dolorum 413','F','22:00','2:00',77),
	(7931,163751223,43199,'et 592','F','10:00','11:00',72),
	(7953,675740823,69552,'harum 101','F','2:00','6:00',96),
	(7972,515916763,44976,'amet 414','F','8:00','9:00',23),
	(7974,995812215,26827,'eum 173','TTh','12:00','13:00',2),
	(7975,682325043,43989,'debitis 203','M','12:00','13:00',87),
	(7987,476997472,43989,'nisi 488','S','4:00','7:00',79),
	(7995,624303023,29627,'at 322','MW','17:00','20:00',14),
	(8003,117942463,88440,'et 245','TTh','1:00','5:00',43),
	(8006,834028382,29627,'fuga 513','TTh','23:00','3:00',64),
	(8011,159441519,27982,'animi 146','Th','6:00','8:00',48),
	(8024,850535961,48694,'itaque 384','S','11:00','13:00',92),
	(8026,972036755,41779,'quisquam 559','T','20:00','0:00',48),
	(8027,508218291,54916,'voluptas 389','T','18:00','21:00',40),
	(8035,474469397,29627,'harum 351','M','16:00','20:00',29),
	(8044,626579708,88440,'cum 147','TTh','16:00','20:00',60),
	(8046,417964511,54916,'voluptatem 579','MW','18:00','21:00',66),
	(8070,923948334,38761,'quod 200','TTh','2:00','5:00',27),
	(8073,827159493,53747,'eius 114','MWF','18:00','20:00',35),
	(8074,726007133,29391,'occaecati 546','F','0:00','3:00',13),
	(8093,611427135,10242,'placeat 516','TTh','6:00','8:00',68),
	(8094,339937609,48694,'maiores 450','MWF','22:00','1:00',76),
	(8109,688343948,76161,'et 434','W','18:00','22:00',17),
	(8115,927292053,26827,'animi 459','M','12:00','13:00',67),
	(8117,845399097,69182,'nulla 593','MWF','0:00','4:00',1),
	(8136,336067923,16895,'architecto 556','T','0:00','1:00',28),
	(8138,972221454,10242,'vero 572','MWF','3:00','7:00',72),
	(8150,582444468,43199,'incidunt 510','S','15:00','19:00',63),
	(8155,297372452,26827,'quae 576','Th','14:00','18:00',84),
	(8158,172088406,43989,'animi 399','F','23:00','0:00',57),
	(8178,647422136,54916,'laboriosam 364','W','13:00','14:00',9),
	(8183,937173466,16895,'voluptate 518','Th','1:00','2:00',82),
	(8191,775804470,54259,'rerum 272','M','4:00','6:00',90),
	(8194,157635354,99755,'quia 320','S','0:00','2:00',24),
	(8195,843994542,10242,'odit 287','MWF','13:00','17:00',68),
	(8199,186534671,24426,'sint 161','Th','6:00','10:00',5),
	(8204,723104082,53747,'qui 431','MWF','14:00','16:00',74),
	(8212,465408456,48694,'recusandae 146','MW','22:00','0:00',45),
	(8219,123521988,41779,'quas 431','M','16:00','19:00',27),
	(8228,474722742,43989,'quia 456','M','18:00','22:00',45),
	(8236,486632582,26827,'sed 255','MWF','13:00','15:00',97),
	(8240,498109993,63282,'temporibus 304','S','6:00','10:00',20),
	(8242,683534371,22434,'sit 290','MWF','1:00','3:00',67),
	(8250,729929186,43989,'quo 486','F','6:00','9:00',83),
	(8278,159441519,63282,'earum 463','T','17:00','21:00',69),
	(8284,776456537,88440,'iusto 254','TTh','14:00','18:00',21),
	(8304,956285813,27982,'explicabo 440','M','6:00','8:00',92),
	(8315,419095076,43989,'rerum 179','Th','2:00','6:00',32),
	(8319,902892783,88440,'sit 289','T','1:00','4:00',51),
	(8322,373735131,26827,'qui 411','W','19:00','23:00',9),
	(8346,193668300,44976,'expedita 407','S','19:00','22:00',50),
	(8349,877866462,53747,'nisi 291','Th','4:00','7:00',29),
	(8354,727159797,24426,'dolorem 287','S','10:00','13:00',44),
	(8373,918434952,76161,'non 270','MW','0:00','3:00',66),
	(8375,834028382,22434,'at 433','W','18:00','21:00',7),
	(8380,377393654,29391,'voluptatum 596','W','21:00','1:00',93),
	(8383,245365425,22434,'eum 218','Th','4:00','6:00',26),
	(8385,137820938,10242,'fugiat 233','F','15:00','16:00',94),
	(8386,661924472,54916,'vel 331','Th','8:00','9:00',64),
	(8392,660499330,54259,'qui 156','F','1:00','5:00',50),
	(8394,620308112,29627,'saepe 433','MWF','16:00','18:00',74),
	(8403,873079989,22434,'voluptatum 211','MW','3:00','4:00',98),
	(8406,615390812,41779,'magnam 447','MW','18:00','20:00',53),
	(8410,536734086,45158,'odio 248','MWF','9:00','12:00',53),
	(8419,117479463,88440,'placeat 155','TTh','9:00','12:00',36),
	(8425,128513407,27982,'pariatur 251','W','14:00','16:00',92),
	(8433,872249484,63282,'reprehenderit 582','MWF','8:00','11:00',39),
	(8434,956191422,41779,'tempora 571','MWF','22:00','2:00',4),
	(8446,435347561,16895,'aliquam 174','T','8:00','11:00',33),
	(8453,682325043,71046,'eaque 593','W','23:00','0:00',22),
	(8466,419500206,54259,'labore 216','W','8:00','10:00',83),
	(8478,190209455,99755,'aut 258','MWF','7:00','10:00',31),
	(8489,348230112,10242,'ut 132','MW','20:00','23:00',75),
	(8506,245176089,81104,'sapiente 162','F','8:00','10:00',12),
	(8527,911111278,27982,'odit 476','Th','3:00','4:00',66),
	(8535,807320621,54259,'dolorem 197','TTh','4:00','5:00',37),
	(8554,746958813,88440,'quisquam 304','MWF','17:00','18:00',73),
	(8579,631627675,63282,'delectus 150','TTh','10:00','12:00',23),
	(8584,528295226,22434,'ut 477','M','3:00','7:00',86),
	(8588,581351208,69552,'et 326','MWF','18:00','20:00',68),
	(8618,600105578,54259,'dignissimos 241','F','21:00','1:00',6),
	(8619,453594054,16895,'delectus 522','S','7:00','11:00',98),
	(8622,848792976,99755,'est 381','M','3:00','4:00',27),
	(8627,725319945,29627,'maxime 266','S','8:00','11:00',91),
	(8630,320450012,54259,'tenetur 377','TTh','14:00','17:00',9),
	(8644,696063425,29627,'in 515','TTh','20:00','22:00',49),
	(8646,618694286,16895,'similique 564','T','16:00','17:00',53),
	(8657,698569154,77138,'possimus 413','M','2:00','6:00',47),
	(8663,198213765,71046,'vero 524','Th','6:00','9:00',50),
	(8666,854113525,41779,'ut 443','MWF','17:00','19:00',46),
	(8674,181460883,71046,'distinctio 212','W','6:00','9:00',15),
	(8679,698569154,69182,'quia 371','M','13:00','14:00',95),
	(8682,397131111,69552,'corporis 386','T','12:00','13:00',65),
	(8702,933990068,27982,'nostrum 337','MW','7:00','11:00',41),
	(8704,979594711,71046,'corrupti 559','M','13:00','17:00',33),
	(8708,859487492,48694,'cupiditate 184','TTh','17:00','21:00',77),
	(8709,811833887,27982,'et 120','S','10:00','14:00',35),
	(8711,692933734,27982,'sunt 359','TTh','20:00','0:00',78),
	(8730,182029644,88440,'enim 369','S','5:00','8:00',96),
	(8735,357479494,69552,'dolores 306','MWF','14:00','18:00',3),
	(8741,794851220,53747,'molestiae 548','M','10:00','11:00',51),
	(8769,847025173,53747,'eos 377','MW','17:00','18:00',53),
	(8772,473780286,43199,'et 440','S','5:00','9:00',59),
	(8786,772183050,29627,'aliquam 185','MW','6:00','8:00',89),
	(8790,308423676,69182,'eum 246','MW','14:00','18:00',18),
	(8805,132655505,77138,'qui 577','F','0:00','2:00',24),
	(8807,460394723,43199,'assumenda 292','TTh','1:00','5:00',98),
	(8812,743038196,43989,'quis 175','M','18:00','22:00',39),
	(8822,945864435,43989,'necessitatibus 463','MW','10:00','13:00',48),
	(8828,960057068,43989,'quo 436','S','17:00','19:00',77),
	(8851,461525181,48694,'omnis 469','M','1:00','3:00',11),
	(8865,714549397,29627,'consectetur 512','F','11:00','14:00',16),
	(8871,275065994,45158,'et 392','M','21:00','0:00',65),
	(8874,135003254,69182,'sit 102','S','7:00','9:00',76),
	(8891,232548542,81104,'quia 215','S','4:00','7:00',26),
	(8910,746958813,76161,'quo 403','Th','11:00','15:00',55),
	(8920,239946307,69552,'nulla 410','T','15:00','19:00',30),
	(8923,273291572,41779,'voluptas 368','Th','0:00','2:00',75),
	(8930,272550278,77138,'quis 362','W','7:00','8:00',43),
	(8931,466363254,88440,'atque 597','M','16:00','18:00',74),
	(8937,548061448,54259,'doloribus 296','M','0:00','4:00',92),
	(8938,558318789,88440,'numquam 315','T','13:00','16:00',40),
	(8940,760474321,16895,'nulla 178','M','14:00','18:00',41),
	(8945,360509967,43199,'quod 577','Th','22:00','2:00',87),
	(8948,192633377,54259,'quam 438','T','20:00','0:00',91),
	(8950,688000711,54916,'rerum 127','W','17:00','21:00',2),
	(8952,773670525,53747,'aut 230','F','19:00','21:00',28),
	(8958,872249484,16895,'perspiciatis 442','MWF','18:00','22:00',75),
	(8962,488063140,10242,'delectus 342','MW','9:00','10:00',63),
	(8975,820130249,41779,'eum 576','M','21:00','22:00',8),
	(8993,797690674,29391,'quaerat 468','T','12:00','16:00',37),
	(9003,548099136,29627,'sit 568','T','23:00','1:00',41),
	(9004,124039375,99755,'hic 142','MW','0:00','1:00',95),
	(9005,434702442,26827,'repudiandae 282','S','18:00','19:00',92),
	(9020,477302955,71046,'et 581','F','4:00','7:00',56),
	(9038,402718087,43989,'ea 271','W','14:00','16:00',80),
	(9042,256988177,99755,'veniam 138','MWF','18:00','19:00',44),
	(9045,582444468,45158,'nemo 126','T','12:00','13:00',63),
	(9048,677840233,24426,'dignissimos 529','Th','8:00','11:00',56),
	(9050,467863556,43989,'error 209','MW','22:00','23:00',64),
	(9064,591007268,88440,'praesentium 217','TTh','8:00','10:00',83),
	(9065,528825948,45158,'possimus 192','M','3:00','7:00',46),
	(9072,920314012,81104,'voluptatibus 283','S','11:00','13:00',26),
	(9075,940332235,54259,'unde 115','MWF','18:00','21:00',37),
	(9078,811999053,76161,'harum 355','TTh','17:00','18:00',32),
	(9081,300597578,43199,'hic 211','TTh','23:00','1:00',10),
	(9084,960057068,29627,'eos 310','S','4:00','6:00',44),
	(9092,141652054,69182,'dolore 349','MW','2:00','4:00',89),
	(9097,872700219,71046,'veritatis 563','MWF','19:00','23:00',90),
	(9098,294631288,43989,'est 313','Th','15:00','19:00',62),
	(9107,134682597,54916,'ab 222','MWF','11:00','14:00',66),
	(9108,404288685,44976,'velit 187','MWF','8:00','12:00',73),
	(9115,195007835,22434,'aliquam 471','Th','22:00','2:00',20),
	(9123,648954360,24426,'aspernatur 434','MW','3:00','4:00',85),
	(9126,287940309,76161,'laudantium 410','Th','8:00','12:00',2),
	(9132,288481574,38761,'quidem 163','M','4:00','8:00',69),
	(9150,199132912,44976,'id 344','F','8:00','9:00',97),
	(9152,119715999,76161,'aspernatur 140','F','1:00','3:00',14),
	(9153,140575694,29627,'praesentium 214','Th','3:00','4:00',41),
	(9163,137820938,53747,'soluta 580','T','17:00','20:00',87),
	(9172,958452697,22434,'minima 579','Th','22:00','23:00',67),
	(9196,723193230,99755,'sed 194','F','14:00','17:00',19),
	(9200,870602648,63282,'veniam 464','T','11:00','15:00',40),
	(9209,778060615,71046,'eligendi 120','T','14:00','17:00',44),
	(9211,243023563,29391,'molestias 527','MWF','15:00','19:00',8),
	(9221,854113525,44976,'magni 390','TTh','2:00','5:00',23),
	(9223,243023563,26827,'et 305','Th','10:00','13:00',86),
	(9225,739258502,99755,'officiis 464','TTh','3:00','4:00',6),
	(9247,625075849,88440,'laudantium 225','T','7:00','10:00',82),
	(9248,414025341,88440,'laboriosam 406','F','12:00','14:00',63),
	(9249,159747796,43199,'est 498','M','23:00','1:00',93),
	(9260,162168336,76161,'nisi 596','W','1:00','5:00',16),
	(9265,944438760,99755,'molestiae 204','T','2:00','5:00',85),
	(9280,663187011,43989,'consectetur 507','S','6:00','7:00',13),
	(9281,238627607,99755,'sed 574','S','14:00','18:00',49),
	(9300,832954285,22434,'expedita 565','M','7:00','11:00',58),
	(9317,121747455,22434,'officiis 278','MWF','8:00','10:00',9),
	(9343,505420768,41779,'voluptas 361','M','3:00','7:00',24),
	(9349,376196517,45158,'aliquam 181','S','10:00','12:00',53),
	(9358,460987500,43989,'rem 485','W','12:00','14:00',12),
	(9366,347367118,26827,'impedit 581','MW','20:00','22:00',70),
	(9370,288997450,53747,'non 389','Th','18:00','21:00',92),
	(9387,440366171,81104,'explicabo 339','S','2:00','4:00',26),
	(9393,990062752,99755,'aliquam 526','Th','18:00','19:00',28),
	(9395,172088406,48694,'perspiciatis 190','Th','0:00','2:00',47),
	(9406,396239695,77138,'vel 329','Th','22:00','0:00',76),
	(9413,330817325,44976,'sint 502','Th','16:00','19:00',50),
	(9435,528295226,16895,'qui 210','Th','8:00','12:00',30),
	(9438,980209288,43199,'quod 100','W','12:00','16:00',23),
	(9439,211170353,54916,'et 245','T','8:00','10:00',24),
	(9443,578915224,27982,'in 119','MWF','22:00','0:00',45),
	(9451,529167308,41779,'molestiae 278','MW','23:00','0:00',79),
	(9455,305853558,76161,'aut 351','M','2:00','3:00',11),
	(9457,548099136,77138,'inventore 139','T','19:00','22:00',99),
	(9471,775804470,10242,'esse 287','T','18:00','19:00',59),
	(9473,606501947,76161,'magnam 419','W','12:00','15:00',50),
	(9475,396239695,69552,'sapiente 533','MW','1:00','4:00',50),
	(9483,104914373,10242,'molestias 219','M','9:00','13:00',34),
	(9485,727494915,27982,'et 574','TTh','11:00','15:00',51),
	(9496,283123142,41779,'consectetur 139','Th','11:00','14:00',40),
	(9503,190088874,41779,'veritatis 132','M','20:00','22:00',67),
	(9514,353333359,77138,'consequatur 242','S','14:00','16:00',67),
	(9518,378113032,29627,'consequuntur 139','S','10:00','11:00',73),
	(9542,479561424,24426,'quia 590','S','0:00','2:00',76),
	(9556,495582768,43989,'ipsam 388','TTh','6:00','9:00',82),
	(9562,121747455,10242,'qui 486','W','8:00','9:00',20),
	(9586,611372782,29627,'expedita 590','Th','6:00','7:00',6),
	(9598,402197036,54259,'non 197','T','0:00','1:00',15),
	(9610,566238960,38761,'reiciendis 106','MW','21:00','0:00',83),
	(9622,979974169,43989,'dolor 237','MW','7:00','8:00',7),
	(9625,639115932,54916,'pariatur 514','MW','18:00','19:00',52),
	(9629,472113467,69182,'quidem 132','F','3:00','6:00',62),
	(9634,724426914,63282,'velit 352','TTh','11:00','15:00',60),
	(9651,940769797,76161,'amet 286','F','15:00','19:00',5),
	(9653,514892371,43989,'distinctio 155','T','20:00','23:00',48),
	(9667,428309425,63282,'vero 536','TTh','18:00','21:00',21),
	(9675,209696844,24426,'minima 443','F','6:00','8:00',16),
	(9682,119731131,48694,'omnis 307','S','9:00','10:00',38),
	(9696,679849395,81104,'expedita 503','F','20:00','23:00',69),
	(9700,184484202,44976,'alias 159','MWF','11:00','14:00',60),
	(9705,756154473,69552,'id 455','W','22:00','23:00',32),
	(9713,133946018,69182,'quis 519','T','0:00','2:00',22),
	(9729,578915224,69552,'repellendus 425','Th','1:00','2:00',87),
	(9744,947781293,54259,'est 521','T','17:00','21:00',36),
	(9752,850509440,69182,'non 444','W','13:00','17:00',91),
	(9759,424669646,22434,'quis 192','W','22:00','23:00',33),
	(9771,118862746,53747,'aliquam 574','S','11:00','13:00',21),
	(9777,452018745,43989,'suscipit 391','M','13:00','14:00',24),
	(9794,837744319,63282,'quaerat 283','MWF','0:00','2:00',82),
	(9795,514052458,22434,'alias 438','MW','17:00','18:00',80),
	(9805,660499330,48694,'animi 304','S','23:00','0:00',96),
	(9810,639115932,43199,'qui 581','T','6:00','8:00',15),
	(9824,842992221,16895,'quis 458','TTh','0:00','4:00',83),
	(9844,545876881,71046,'consequatur 381','F','16:00','19:00',12),
	(9847,235212938,29627,'sed 134','M','21:00','1:00',62),
	(9856,729561236,27982,'nobis 231','MW','11:00','12:00',18),
	(9862,894695883,43989,'enim 115','M','18:00','21:00',52),
	(9864,650564439,54259,'ipsa 162','MW','8:00','11:00',79),
	(9874,816089003,54916,'et 426','MW','2:00','5:00',71),
	(9879,235505666,53747,'consequatur 250','Th','2:00','3:00',49),
	(9891,532834739,63282,'ut 477','F','10:00','14:00',40),
	(9892,186097355,99755,'nihil 486','S','1:00','4:00',67),
	(9903,542429669,88440,'velit 507','T','2:00','5:00',97),
	(9911,535496835,27982,'in 101','Th','17:00','20:00',57),
	(9919,404288685,53747,'repellendus 411','S','11:00','13:00',61),
	(9927,734060776,16895,'beatae 232','T','20:00','23:00',16),
	(9928,283123142,38761,'assumenda 590','F','0:00','4:00',2),
	(9930,894695883,54259,'impedit 107','M','15:00','16:00',19),
	(9943,624662160,10242,'dicta 215','MW','7:00','9:00',75),
	(9946,675458598,77138,'quibusdam 292','F','18:00','20:00',87),
	(9953,600105578,43199,'provident 261','MW','21:00','23:00',73),
	(9957,739829848,99755,'modi 152','Th','21:00','22:00',18),
	(9959,245365425,24426,'suscipit 331','MWF','18:00','19:00',13),
	(9961,468797262,26827,'modi 348','S','0:00','4:00',53),
	(9974,193332591,45158,'neque 559','MW','12:00','16:00',98),
	(9978,909764307,48694,'et 521','S','16:00','18:00',40),
	(9985,267213054,88440,'saepe 316','Th','19:00','22:00',40),
	(9991,770303238,10242,'nemo 195','T','20:00','0:00',17),
	(9998,583752274,53747,'ad 510','M','0:00','2:00',55);

/*!40000 ALTER TABLE `sections` ENABLE KEYS */;
UNLOCK TABLES;


# Dump of table students
# ------------------------------------------------------------

DROP TABLE IF EXISTS `students`;

CREATE TABLE `students` (
  `cwid` int(11) unsigned NOT NULL AUTO_INCREMENT,
  `fname` varchar(100) NOT NULL DEFAULT '',
  `lname` varchar(100) NOT NULL DEFAULT '',
  `address` varchar(255) NOT NULL DEFAULT '',
  `telephone` varchar(20) DEFAULT '',
  PRIMARY KEY (`cwid`)
) ENGINE=InnoDB DEFAULT CHARSET=utf8 COMMENT='Specification dictates an address, but does not specify it as a composite field so we will just use one column to hold the address';

LOCK TABLES `students` WRITE;
/*!40000 ALTER TABLE `students` DISABLE KEYS */;

INSERT INTO `students` (`cwid`, `fname`, `lname`, `address`, `telephone`)
VALUES
	(805536950,'Austin','White','1234 Main St, Irvine, CA 92612','(949) 293-4524');

/*!40000 ALTER TABLE `students` ENABLE KEYS */;
UNLOCK TABLES;



/*!40111 SET SQL_NOTES=@OLD_SQL_NOTES */;
/*!40101 SET SQL_MODE=@OLD_SQL_MODE */;
/*!40014 SET FOREIGN_KEY_CHECKS=@OLD_FOREIGN_KEY_CHECKS */;
/*!40101 SET CHARACTER_SET_CLIENT=@OLD_CHARACTER_SET_CLIENT */;
/*!40101 SET CHARACTER_SET_RESULTS=@OLD_CHARACTER_SET_RESULTS */;
/*!40101 SET COLLATION_CONNECTION=@OLD_COLLATION_CONNECTION */;
